{
"type": "FeatureCollection",
"name": "bike_lane",
"crs": { "type": "name", "properties": { "name": "urn:ogc:def:crs:OGC:1.3:CRS84" } },
"features": [
{ "type": "Feature", "properties": { "Type": "Bike Lane", "Category": "Delineated", "Status": "Existing", "RoadName": "South Lumpkin Street", "Protected": "No" }, "geometry": { "type": "LineString", "coordinates": [ [ -83.384660163032322, 33.942143428857705, 0.000458916678326 ], [ -83.384689560892483, 33.942130321523891, 0.000458916678326 ], [ -83.384755833681155, 33.942090153406774, 0.000458916678326 ], [ -83.384991270652748, 33.941951166870091, 0.000458916678326 ], [ -83.385142873539181, 33.9418595288981, 0.000458916678326 ], [ -83.385197416452556, 33.941826334770973, 0.000458916678326 ], [ -83.385232991325339, 33.941794721541662, 0.000458916678326 ], [ -83.385274232126932, 33.941749290305729, 0.000458916678326 ], [ -83.385311108458055, 33.941702859433036, 0.000458916678326 ], [ -83.385357227685716, 33.941634126670088, 0.000458916678326 ], [ -83.385401588856894, 33.941566354655045, 0.000458916678326 ], [ -83.385441282380114, 33.941498796435667, 0.000458916678326 ], [ -83.385489340260548, 33.941409417601093, 0.000458916678326 ], [ -83.385546409850804, 33.941291172650679, 0.000458916678326 ], [ -83.385682323383691, 33.941001350599947, 0.000458916678326 ], [ -83.385823628545282, 33.940695764768016, 0.000458916678326 ], [ -83.385960477356036, 33.940399143035116, 0.000458916678326 ], [ -83.386115469416609, 33.940063505881945, 0.000458916678326 ], [ -83.386281147502601, 33.939707034481827, 0.000458916678326 ], [ -83.386362370792014, 33.939530124615175, 0.000458916678326 ], [ -83.386506429555524, 33.939194637594987, 0.000458916678326 ], [ -83.386531116428074, 33.939138700164705, 0.000458916678326 ] ] } },
{ "type": "Feature", "properties": { "Type": "Bike Lane", "Category": "Delineated", "Status": "Existing", "RoadName": "Jennings Mill Parkway", "Protected": "No" }, "geometry": { "type": "LineString", "coordinates": [ [ -83.477060462284498, 33.936196872422137, 0.000458916678326 ], [ -83.477187397461933, 33.936197961073887, 0.000458916678326 ], [ -83.477614497162833, 33.936197119754446, 0.000458916678326 ], [ -83.478096092943915, 33.936201648757041, 0.000458916678326 ], [ -83.478448762795765, 33.936208775016695, 0.000458916678326 ], [ -83.478828783881028, 33.936220831579114, 0.000458916678326 ], [ -83.479074525694642, 33.936231990199502, 0.000458916678326 ], [ -83.479246654238892, 33.936241311021249, 0.000458916678326 ] ] } },
{ "type": "Feature", "properties": { "Type": "Bike Lane", "Category": "Delineated", "Status": "Existing", "RoadName": "Jennings Mill Parkway", "Protected": "No" }, "geometry": { "type": "LineString", "coordinates": [ [ -83.477048373358926, 33.935997203568938, 0.000458916678326 ], [ -83.477591887351821, 33.935997595829988, 0.000458916678326 ], [ -83.477880511197711, 33.935999210778789, 0.000458916678326 ], [ -83.478151762637495, 33.936001542958216, 0.000458916678326 ], [ -83.478322467095921, 33.936005351898288, 0.000458916678326 ], [ -83.478569708799441, 33.936012442844429, 0.000458916678326 ], [ -83.478668011496453, 33.936016050424875, 0.000458916678326 ], [ -83.47890250685235, 33.936026331489714, 0.000458916678326 ], [ -83.479051684398613, 33.936030426696753, 0.000458916678326 ], [ -83.479260750898163, 33.936039545349054, 0.000458916678326 ] ] } },
{ "type": "Feature", "properties": { "Type": "Bike Lane", "Category": "Delineated", "Status": "Existing", "RoadName": "Research Drive", "Protected": "No" }, "geometry": { "type": "LineString", "coordinates": [ [ -83.342672723760984, 33.929219542030602, 0.000130833344883 ], [ -83.343304270891196, 33.928929057252887, 0.000458916678326 ], [ -83.34354026191599, 33.928817871436586, 0.000458916678326 ], [ -83.343751079936098, 33.928718095235503, 0.000458916678326 ], [ -83.343901221356305, 33.928648117643036, 0.000458916678326 ], [ -83.344039515674311, 33.928585360045162, 0.000458916678326 ], [ -83.344119594816561, 33.928547636648368, 0.000458916678326 ], [ -83.34420266097257, 33.928513204142469, 0.000458916678326 ], [ -83.344347452886566, 33.928460703781269, 0.000458916678326 ], [ -83.344484420632369, 33.928415159116966, 0.000458916678326 ], [ -83.344623378658, 33.928377576061919, 0.000458916678326 ], [ -83.344870103847825, 33.928321858831026, 0.000458916678326 ], [ -83.345028818920895, 33.928291933698851, 0.000458916678326 ], [ -83.345150191025866, 33.928271132229575, 0.000458916678326 ], [ -83.345276485440564, 33.928253816590285, 0.000458916678326 ], [ -83.345384098767497, 33.92824144590405, 0.000458916678326 ], [ -83.345499846303852, 33.928231142634282, 0.000458916678326 ], [ -83.345622489930093, 33.928225919753451, 0.000458916678326 ], [ -83.345761432590322, 33.92822130850179, 0.000458916678326 ], [ -83.345874957038959, 33.928222317720504, 0.000458916678326 ], [ -83.346063291437844, 33.928231123829363, 0.000458916678326 ], [ -83.34624308236188, 33.928249186223354, 0.000458916678326 ], [ -83.346416516621105, 33.928268967732095, 0.000458916678326 ], [ -83.346591092815018, 33.928295551937744, 0.000458916678326 ], [ -83.346735728891318, 33.92832188063862, 0.000458916678326 ], [ -83.346845428824324, 33.928349097261346, 0.000458916678326 ], [ -83.347041500361357, 33.928401246268038, 0.000458916678326 ], [ -83.347171869994952, 33.928440624779562, 0.000458916678326 ], [ -83.347309717782792, 33.928487353144135, 0.000458916678326 ], [ -83.347416226411141, 33.928527327259928, 0.000458916678326 ], [ -83.347563848202682, 33.928594004187602, 0.000458916678326 ], [ -83.347705648430718, 33.928669451724431, 0.000458916678326 ], [ -83.348163605427487, 33.928901799828544, 0.000458916678326 ], [ -83.348420491942036, 33.929036155476524, 0.000458916678326 ], [ -83.34883547085758, 33.929247826784994, 0.000458916678326 ], [ -83.349043469032054, 33.92934787614238, 0.000458916678326 ], [ -83.349276423197765, 33.929459166032167, 0.000458916678326 ], [ -83.349518068099997, 33.929577309395718, 0.000458916678326 ], [ -83.349691479738198, 33.929663032570183, 0.000458916678326 ], [ -83.349919285826459, 33.92977604881527, 0.000458916678326 ], [ -83.350035907124294, 33.929832449035665, 0.000458916678326 ], [ -83.350131508424568, 33.929876628359786, 0.000458916678326 ], [ -83.350234069892721, 33.929919342682936, 0.000458916678326 ], [ -83.350321310650543, 33.929953649838758, 0.000458916678326 ], [ -83.350423017722164, 33.929990820732655, 0.000458916678326 ], [ -83.350548495325569, 33.930036959499432, 0.000458916678326 ], [ -83.350672839393553, 33.930075288207256, 0.000458916678326 ], [ -83.350780351554732, 33.930105449493816, 0.000458916678326 ], [ -83.350889104388614, 33.930132095465716, 0.000458916678326 ], [ -83.350989437539823, 33.930155162126518, 0.000458916678326 ], [ -83.351099152020026, 33.930176025129789, 0.000458916678326 ], [ -83.351208885743176, 33.930194874897033, 0.000458916678326 ], [ -83.351364800880276, 33.930215792076545, 0.000458916678326 ], [ -83.351485143262508, 33.930230431959934, 0.000458916678326 ], [ -83.351638126492588, 33.930242016788561, 0.000458916678326 ], [ -83.351768210585348, 33.930248415364858, 0.000458916678326 ], [ -83.351924619463475, 33.93024919883662, 0.000458916678326 ], [ -83.352126059417415, 33.930245748576716, 0.000458916678326 ], [ -83.352275315389477, 33.930236667696619, 0.000458916678326 ], [ -83.35235691802383, 33.930228900967201, 0.000458916678326 ], [ -83.352444586327721, 33.93021840639009, 0.000458916678326 ], [ -83.352548303739056, 33.930203233988721, 0.000458916678326 ], [ -83.352664140728223, 33.930183611995737, 0.000458916678326 ], [ -83.352837179391116, 33.930150272401697, 0.000458916678326 ], [ -83.35301181392353, 33.930107882057271, 0.000458916678326 ], [ -83.353152577972608, 33.930070804402249, 0.000458916678326 ], [ -83.353301281343221, 33.930024466431576, 0.000458916678326 ], [ -83.353404293004331, 33.929988146189459, 0.000458916678326 ], [ -83.353532800675495, 33.929937898658991, 0.000458916678326 ], [ -83.35365528299829, 33.929886352579842, 0.000458916678326 ], [ -83.353794756579333, 33.929826109039787, 0.000458916678326 ], [ -83.353936649821591, 33.929765378218939, 0.000458916678326 ], [ -83.354305331869924, 33.929607475542795, 0.000458916678326 ], [ -83.354591266961776, 33.929482250822822, 0.000458916678326 ], [ -83.354836864758795, 33.929375637138385, 0.000458916678326 ], [ -83.355240423646265, 33.929201348728313, 0.000458916678326 ], [ -83.35557244645274, 33.929055785123481, 0.000458916678326 ], [ -83.35613637532019, 33.928814087181685, 0.000458916678326 ], [ -83.356449938598942, 33.928682708923915, 0.000458916678326 ] ] } },
{ "type": "Feature", "properties": { "Type": "Bike Lane", "Category": "Delineated", "Status": "Existing", "RoadName": "Research Drive", "Protected": "No" }, "geometry": { "type": "LineString", "coordinates": [ [ -83.342723909780986, 33.929281382436024, 0.000130833344883 ], [ -83.343403514944882, 33.928970747970439, 0.000458916678326 ], [ -83.343988332356417, 33.928695516873056, 0.000458916678326 ], [ -83.344094483288657, 33.928646891564597, 0.000458916678326 ], [ -83.344202132880909, 33.928599535703754, 0.000458916678326 ], [ -83.344283965467483, 33.928567863707208, 0.000458916678326 ], [ -83.344373939739356, 33.928537253108807, 0.000458916678326 ], [ -83.344477554298876, 33.928501195915331, 0.000458916678326 ], [ -83.344576572728712, 33.928472156631514, 0.000458916678326 ], [ -83.344689187908642, 33.928442200046057, 0.000458916678326 ], [ -83.344825666920954, 33.928411144904544, 0.000458916678326 ], [ -83.344964221540835, 33.928384129992409, 0.000458916678326 ], [ -83.345129998645263, 33.928352262933863, 0.000458916678326 ], [ -83.345221325133693, 33.928338022008383, 0.000458916678326 ], [ -83.345371903683827, 33.928316624453572, 0.000458916678326 ], [ -83.34552631037559, 33.928305320373099, 0.000458916678326 ], [ -83.345649866578569, 33.928299348914948, 0.000458916678326 ], [ -83.345803561065097, 33.928299366497981, 0.000458916678326 ], [ -83.345965670075401, 33.928303467404831, 0.000458916678326 ], [ -83.346095137527328, 33.928310874924087, 0.000458916678326 ], [ -83.346248095825317, 33.928324731065629, 0.000458916678326 ], [ -83.346386814232275, 33.928343525773727, 0.000458916678326 ], [ -83.346529445473465, 33.928363605016244, 0.000458916678326 ], [ -83.346646410987944, 33.928383765624297, 0.000458916678326 ], [ -83.346761228427454, 33.92840743525916, 0.000458916678326 ], [ -83.346866345045612, 33.92843506763613, 0.000458916678326 ], [ -83.347006689671929, 33.928473254102677, 0.000458916678326 ], [ -83.347148798838958, 33.928516486670631, 0.000458916678326 ], [ -83.347275204216629, 33.9285598652218, 0.000458916678326 ], [ -83.347417196908339, 33.928615179006371, 0.000458916678326 ], [ -83.347590937513587, 33.928697635413549, 0.000458916678326 ], [ -83.347898928796226, 33.928855740230816, 0.000458916678326 ], [ -83.348053682184855, 33.928934545393687, 0.000458916678326 ], [ -83.348303677085525, 33.929063317859821, 0.000458916678326 ], [ -83.348589348515318, 33.929211062035961, 0.000458916678326 ], [ -83.348976135802587, 33.929403931203417, 0.000458916678326 ], [ -83.349324587695179, 33.929569480571068, 0.000458916678326 ], [ -83.349586940312179, 33.929701101280507, 0.000458916678326 ], [ -83.349806026261774, 33.929810284883445, 0.000458916678326 ], [ -83.350074454646531, 33.929938168979028, 0.000458916678326 ], [ -83.350207376769745, 33.929995181132739, 0.000458916678326 ], [ -83.350315679713844, 33.930037430367172, 0.000458916678326 ], [ -83.350422191716191, 33.930077401921828, 0.000458916678326 ], [ -83.350548771581259, 33.930121048768832, 0.000458916678326 ], [ -83.350684722758317, 33.930161849938564, 0.000458916678326 ], [ -83.350872961423207, 33.930210017223388, 0.000458916678326 ], [ -83.350977229185048, 33.930232102878605, 0.000458916678326 ], [ -83.351126133870451, 33.930259770157718, 0.000458916678326 ], [ -83.351298604776929, 33.930286082234751, 0.000458916678326 ], [ -83.351463007031086, 33.930303532050075, 0.000458916678326 ], [ -83.351629234024799, 33.930319734193638, 0.000458916678326 ], [ -83.351774405936979, 33.930327239715787, 0.000458916678326 ], [ -83.351944516715719, 33.930328945113935, 0.000458916678326 ], [ -83.352096925091089, 33.930324591646198, 0.000458916678326 ], [ -83.352210529210254, 33.930317539802878, 0.000458916678326 ], [ -83.352346709459894, 33.930305867711496, 0.000458916678326 ], [ -83.352477117939273, 33.930290357073133, 0.000458916678326 ], [ -83.352597774356951, 33.930272024739104, 0.000458916678326 ], [ -83.352761109999932, 33.930242900084231, 0.000458916678326 ], [ -83.352896056462541, 33.930214343133343, 0.000458916678326 ], [ -83.35309975654657, 33.930163837435757, 0.000458916678326 ], [ -83.353248447060324, 33.930118758075857, 0.000458916678326 ], [ -83.353353846314391, 33.930085474000485, 0.000458916678326 ], [ -83.353446860281068, 33.930052612030536, 0.000458916678326 ], [ -83.353560825131211, 33.930007554489407, 0.000458916678326 ], [ -83.353686635048945, 33.929955274815349, 0.000458916678326 ], [ -83.353811539556844, 33.92990298993567, 0.000458916678326 ], [ -83.353973770703902, 33.929831066563892, 0.000458916678326 ], [ -83.354453750213381, 33.929622801739562, 0.000458916678326 ], [ -83.355143841144809, 33.929324047163206, 0.000458916678326 ], [ -83.355604684614988, 33.929126978440969, 0.000458916678326 ], [ -83.355701417637832, 33.929083819558493, 0.000458916678326 ], [ -83.35588394248866, 33.929004978597042, 0.000458916678326 ], [ -83.35611434490724, 33.928908331319427, 0.000458916678326 ], [ -83.356257116210415, 33.92885037147424, 0.000458916678326 ], [ -83.356496345319755, 33.92876679342146, 0.000458916678326 ] ] } },
{ "type": "Feature", "properties": { "Type": "Bike Lane", "Category": "Delineated", "Status": "Existing", "RoadName": "Jennings Mill Parkway", "Protected": "No" }, "geometry": { "type": "LineString", "coordinates": [ [ -83.481445774028444, 33.936201631334875, 0.000458916678326 ], [ -83.481625681226546, 33.936214609365898, 0.000458916678326 ], [ -83.481815183618949, 33.936223207307066, 0.000458916678326 ], [ -83.48198928989558, 33.93623008743532, 0.000458916678326 ], [ -83.482222599970996, 33.936235870099601, 0.000458916678326 ], [ -83.482465317515747, 33.936238557091222, 0.000458916678326 ], [ -83.482802548356076, 33.93623560250105, 0.000458916678326 ], [ -83.482942372402491, 33.936232333525474, 0.000458916678326 ], [ -83.483114637118831, 33.936224808591675, 0.000458916678326 ], [ -83.483299429308047, 33.936216701085371, 0.000458916678326 ], [ -83.483499130628445, 33.936203977755149, 0.000458916678326 ], [ -83.484017743218075, 33.936169143616098, 0.000458916678326 ], [ -83.484711152989647, 33.936123140839378, 0.000458916678326 ], [ -83.485376345535272, 33.936081806124172, 0.000458916678326 ], [ -83.485549566327336, 33.936072065117415, 0.000458916678326 ], [ -83.485763634948995, 33.936063723659593, 0.000458916678326 ], [ -83.486040333819162, 33.936054031234839, 0.000458916678326 ], [ -83.486232449660122, 33.936050265878919, 0.000458916678326 ], [ -83.486522251395428, 33.936046516944813, 0.000458916678326 ], [ -83.486674122632394, 33.93604655876441, 0.000458916678326 ], [ -83.486900175685705, 33.936044558501443, 0.000458916678326 ] ] } },
{ "type": "Feature", "properties": { "Type": "Bike Lane", "Category": "Delineated", "Status": "Existing", "RoadName": "Jennings Mill Parkway", "Protected": "No" }, "geometry": { "type": "LineString", "coordinates": [ [ -83.479246654238892, 33.936241311021249, 0.000458916678326 ], [ -83.47961388394117, 33.936262729054214, 0.000458916678326 ], [ -83.479869595075542, 33.936281281694392, 0.000458916678326 ], [ -83.480120166282788, 33.936300213571599, 0.000458916678326 ], [ -83.481143221011891, 33.936378903410152, 0.000458916678326 ], [ -83.481284999305075, 33.936390703122868, 0.000458916678326 ], [ -83.481453653550986, 33.936401566710948, 0.000458916678326 ] ] } },
{ "type": "Feature", "properties": { "Type": "Bike Lane", "Category": "Delineated", "Status": "Existing", "RoadName": "Tallassee Road", "Protected": "No" }, "geometry": { "type": "LineString", "coordinates": [ [ -83.437220237276904, 33.968071926555709, 0.000130833344883 ], [ -83.437338903736531, 33.968203485141018, 0.000458916678326 ], [ -83.437488087931101, 33.968284847619465, 0.000458916678326 ], [ -83.437521675584165, 33.968303073179186, 0.000458916678326 ], [ -83.437550063044412, 33.968323663468688, 0.000458916678326 ] ] } },
{ "type": "Feature", "properties": { "Type": "Bike Lane", "Category": "Delineated", "Status": "Existing", "RoadName": "South Lumpkin Street", "Protected": "No" }, "geometry": { "type": "MultiLineString", "coordinates": [ [ [ -83.384660163032322, 33.942143428857705, 0.000458916678326 ], [ -83.384554285951594, 33.942188998350737, 0.000458916678326 ], [ -83.384403902071455, 33.942265973427993, 0.000458916678326 ], [ -83.384156747991838, 33.942388851229673, 0.000458916678326 ], [ -83.384103372564027, 33.942414013660439, 0.000458916678326 ], [ -83.383892564218115, 33.942520446894001, 0.000458916678326 ], [ -83.383202912797159, 33.94286437071645, 0.000458916678326 ] ], [ [ -83.383202904102177, 33.942864375169101, 0.000458916678326 ], [ -83.381352910838828, 33.943787277177726, 0.000458916678326 ] ], [ [ -83.381352907585367, 33.943787278058586, 0.000458916678326 ], [ -83.380145754185122, 33.944389517750842, 0.000458916678326 ] ], [ [ -83.380146005209255, 33.944389394934149, 0.000458916678326 ], [ -83.380145754185122, 33.944389517750842, 0.000458916678326 ] ], [ [ -83.380145754185122, 33.944389517750842, 0.000458916678326 ], [ -83.380145504226107, 33.944389642377537, 0.000458916678326 ] ], [ [ -83.380145754185122, 33.944389517750842, 0.000458916678326 ], [ -83.379342696022377, 33.94480744554447, 0.000458916678326 ], [ -83.379195166598237, 33.944892738823853, 0.000458916678326 ], [ -83.379093165155695, 33.944966450960436, 0.000458916678326 ], [ -83.378984284899971, 33.945057367453131, 0.000458916678326 ], [ -83.37889261754593, 33.945147049712418, 0.000458916678326 ], [ -83.378823100738259, 33.94522455333302, 0.000458916678326 ], [ -83.378748307656593, 33.945320391380989, 0.000458916678326 ], [ -83.378698156224146, 33.945396227394887, 0.000458916678326 ], [ -83.378654787396627, 33.945465163603359, 0.000458916678326 ], [ -83.378615923803608, 33.945541071833787, 0.000458916678326 ], [ -83.378591289122383, 33.945589520135528, 0.000458916678326 ], [ -83.378562384257904, 33.945663700624152, 0.000458916678326 ], [ -83.378536436839696, 33.94573790003831, 0.000458916678326 ], [ -83.378465130302658, 33.945980249898049, 0.000458916678326 ], [ -83.378357755437221, 33.946345117562331, 0.000458916678326 ], [ -83.37829681077082, 33.946566918632371, 0.000458916678326 ], [ -83.378271379923518, 33.946653557009846, 0.000458916678326 ], [ -83.378231405720115, 33.946786926670157, 0.000458916678326 ], [ -83.378192255707546, 33.946920299789333, 0.000458916678326 ], [ -83.37815228124802, 33.947053669414693, 0.000458916678326 ], [ -83.37811313097356, 33.947187043401016, 0.000458916678326 ], [ -83.378072979933918, 33.947320997899809, 0.000458916678326 ], [ -83.378039635045354, 33.947449623368307, 0.000458916678326 ], [ -83.377984003411925, 33.947621500794504, 0.000458916678326 ], [ -83.377943840727639, 33.94775549934235, 0.000458916678326 ], [ -83.377921977797769, 33.947829977209373, 0.000458916678326 ], [ -83.377700663681608, 33.948564872222782, 0.000458916678326 ], [ -83.377403094855239, 33.9495529491981, 0.000458916678326 ], [ -83.377264749929964, 33.950002641198459, 0.000458916678326 ], [ -83.377223986218823, 33.950143013480847, 0.000458916678326 ], [ -83.377147210809795, 33.950403164456645, 0.000458916678326 ], [ -83.377067691222919, 33.950675621686393, 0.000458916678326 ], [ -83.376927329336112, 33.951159498703646, 0.000458916678326 ], [ -83.376908550131816, 33.951222146442674, 0.000458916678326 ], [ -83.376882180821596, 33.951312973552653, 0.000458916678326 ], [ -83.376882114912164, 33.951313198528801, 0.000458916678326 ], [ -83.376802914187422, 33.951581048621499, 0.000458916678326 ], [ -83.376695675930108, 33.951957416935841, 0.000458916678326 ], [ -83.37664264249301, 33.95214042694014, 0.000458916678326 ], [ -83.376578554807679, 33.952361513388126, 0.000458916678326 ], [ -83.376548433821824, 33.952465218161642, 0.000458916678326 ], [ -83.376521045503054, 33.952569756410767, 0.000458916678326 ], [ -83.376503783111161, 33.952679741277315, 0.000458916678326 ], [ -83.37648795466734, 33.952782885920421, 0.000458916678326 ], [ -83.376475326121863, 33.952857507478512, 0.000458916678326 ], [ -83.376475608849617, 33.952911660040563, 0.000458916678326 ], [ -83.37647064419528, 33.953046353633106, 0.000458916678326 ], [ -83.37646161483498, 33.95330334964401, 0.000458916678326 ], [ -83.376456032932197, 33.953568360420782, 0.000458916678326 ], [ -83.376445399980767, 33.953914075751598, 0.000458916678326 ], [ -83.376439551266529, 33.954186751055936, 0.000458916678326 ], [ -83.376433185490313, 33.954451919949811, 0.000458916678326 ], [ -83.376425121745967, 33.954752471867778, 0.000458916678326 ], [ -83.37642135769363, 33.955011458970219, 0.000458916678326 ], [ -83.376414516974492, 33.95530679937557, 0.000458916678326 ], [ -83.37641056797662, 33.955522236403944, 0.000458916678326 ], [ -83.376405599480123, 33.955707980047002, 0.000458916678326 ], [ -83.376403477044775, 33.955823446366843, 0.000458916678326 ], [ -83.376406085836663, 33.955922305018838, 0.000458916678326 ], [ -83.376410347043731, 33.956046760653138, 0.000458916678326 ], [ -83.37642777235942, 33.956223047865087, 0.000458916678326 ], [ -83.376445676048945, 33.956340109639605, 0.000458916678326 ], [ -83.376456594200704, 33.95640819428111, 0.000458916678326 ], [ -83.376478779730562, 33.956527893655128, 0.000458916678326 ], [ -83.376498677006936, 33.956611662383807, 0.000458916678326 ], [ -83.37654527675447, 33.956781231530492, 0.000458916678326 ], [ -83.376601807503633, 33.956960912680209, 0.000458916678326 ], [ -83.376681453747665, 33.957195806187279, 0.000458916678326 ] ] ] } },
{ "type": "Feature", "properties": { "Type": "Bike Lane", "Category": "Delineated", "Status": "Existing", "RoadName": "Jennings Mill Parkway", "Protected": "No" }, "geometry": { "type": "LineString", "coordinates": [ [ -83.479260750898163, 33.936039545349054, 0.000458916678326 ], [ -83.479423325272975, 33.936050647349234, 0.000458916678326 ], [ -83.479633341294459, 33.936063440206475, 0.000458916678326 ], [ -83.480660552168885, 33.936141954366441, 0.000458916678326 ], [ -83.481054614969679, 33.936172488584461, 0.000458916678326 ], [ -83.481445774028444, 33.936201631334875, 0.000458916678326 ] ] } },
{ "type": "Feature", "properties": { "Type": "Bike Lane", "Category": "Delineated", "Status": "Existing", "RoadName": "Jennings Mill Parkway", "Protected": "No" }, "geometry": { "type": "LineString", "coordinates": [ [ -83.481453653550986, 33.936401566710948, 0.000458916678326 ], [ -83.481661738355271, 33.936416042190473, 0.000458916678326 ], [ -83.481864446023138, 33.936425121051293, 0.000458916678326 ], [ -83.48199697880797, 33.936430751123886, 0.000458916678326 ], [ -83.482140533216736, 33.936434607561353, 0.000458916678326 ], [ -83.482262331299836, 33.936436711892618, 0.000458916678326 ], [ -83.482427673063711, 33.936438446805958, 0.000458916678326 ], [ -83.482605019145595, 33.936437801232117, 0.000458916678326 ], [ -83.482738586337035, 33.936436503802412, 0.000458916678326 ], [ -83.482892235645124, 33.936432056645046, 0.000458916678326 ], [ -83.483038536674954, 33.936428994837442, 0.000458916678326 ], [ -83.483153542760363, 33.936423925262609, 0.000458916678326 ], [ -83.483298415054833, 33.936415962196556, 0.000458916678326 ], [ -83.48343350104679, 33.93640814841816, 0.000458916678326 ], [ -83.483619497919818, 33.936396336106938, 0.000458916678326 ], [ -83.483975100131559, 33.936373026379925, 0.000458916678326 ], [ -83.484934723449641, 33.93630861591339, 0.000458916678326 ], [ -83.485136140552143, 33.936295459443727, 0.000458916678326 ], [ -83.485316499947785, 33.936285039701716, 0.000458916678326 ], [ -83.485498565064731, 33.936275445085698, 0.000458916678326 ], [ -83.485656891087331, 33.936267349907226, 0.000458916678326 ], [ -83.485860466435255, 33.936259709398286, 0.000458916678326 ], [ -83.485986967994151, 33.936254699834265, 0.000458916678326 ], [ -83.486216938357998, 33.936249854475193, 0.000458916678326 ], [ -83.486449573918961, 33.936248285423382, 0.000458916678326 ], [ -83.486617398400412, 33.936245339167428, 0.000458916678326 ], [ -83.48686540464729, 33.936244213063901, 0.000458916678326 ] ] } },
{ "type": "Feature", "properties": { "Type": "Bike Lane", "Category": "Buffered", "Status": "Existing", "RoadName": "West Handcock Avenue", "Protected": "Yes" }, "geometry": { "type": "LineString", "coordinates": [ [ -83.380536884903151, 33.959274478807671, 0.000130833344883 ], [ -83.379687295370829, 33.959455237098375, 0.000130833344883 ], [ -83.379196133631808, 33.959559046507763, 0.000130833344883 ], [ -83.379027155177482, 33.959590192804363, 0.000130833344883 ], [ -83.378526168532289, 33.959694000665927, 0.000130833344883 ], [ -83.378251912104332, 33.959759629414634, 0.000130833344883 ], [ -83.377895178570185, 33.959836381236656, 0.000130833344883 ], [ -83.377700718858819, 33.959875313569484, 0.000130833344883 ], [ -83.377551855737551, 33.95988476907322, 0.000130833344883 ], [ -83.377511623060855, 33.959891442585842, 0.000130833344883 ], [ -83.377435179997477, 33.95990812782297, 0.000130833344883 ], [ -83.377356054774239, 33.959951510068535, 0.000130833344883 ], [ -83.377119644680803, 33.960005314734708, 0.000130833344883 ], [ -83.377080082760273, 33.960018662406888, 0.000130833344883 ], [ -83.376985534800255, 33.960040353176787, 0.000130833344883 ], [ -83.376960053340298, 33.960043690580832, 0.000130833344883 ], [ -83.376280321748467, 33.960201893136123, 0.000130833344883 ] ] } },
{ "type": "Feature", "properties": { "Type": "Bike Lane", "Category": "Buffered", "Status": "Existing", "RoadName": "West Handcock Avenue", "Protected": "Yes" }, "geometry": { "type": "LineString", "coordinates": [ [ -83.376266910478478, 33.960093438928631, 0.000130833344883 ], [ -83.37633865915933, 33.960076754030197, 0.000130833344883 ], [ -83.376418455600728, 33.960028366591878, 0.000130833344883 ], [ -83.376513673970635, 33.960007788622512, 0.000130833344883 ], [ -83.376540496026919, 33.960004450900939, 0.000130833344883 ], [ -83.377189991465414, 33.959860779601279, 0.000130833344883 ], [ -83.377519232412453, 33.95978847604043, 0.000130833344883 ], [ -83.377693576243288, 33.959752880780663, 0.000130833344883 ], [ -83.378243428614411, 33.959633859371614, 0.000130833344883 ], [ -83.378502262494209, 33.959579910317316, 0.000130833344883 ], [ -83.378773164715824, 33.959522067344764, 0.000130833344883 ], [ -83.379014563956801, 33.959470343437104, 0.000130833344883 ], [ -83.379141297853621, 33.959465893578312, 0.000130833344883 ], [ -83.379390743790822, 33.95941695044435, 0.000130833344883 ], [ -83.379592580238665, 33.959349652430902, 0.000130833344883 ], [ -83.380159866391594, 33.959225624551578, 0.000130833344883 ], [ -83.380521294359397, 33.959146647526602, 0.000130833344883 ] ] } },
{ "type": "Feature", "properties": { "Type": "Bike Lane", "Category": "Delineated", "Status": "Existing", "RoadName": "Pulaski Street", "Protected": "No" }, "geometry": { "type": "LineString", "coordinates": [ [ -83.380920777498929, 33.959866819531349, 0.000130833344883 ], [ -83.380822876161091, 33.959560366195319, 0.000130833344883 ], [ -83.380731011112744, 33.959285058155643, 0.000130833344883 ], [ -83.38064517985606, 33.959024209588776, 0.000130833344883 ], [ -83.380531857266604, 33.958669365363193, 0.000130833344883 ], [ -83.380463461078278, 33.958461908687852, 0.000130833344883 ], [ -83.38033069161844, 33.958053668373715, 0.000130833344883 ], [ -83.380151654394226, 33.95751750240737, 0.000130833344883 ], [ -83.379906902320585, 33.956773315642245, 0.000130833344883 ] ] } },
{ "type": "Feature", "properties": { "Type": "Bike Lane", "Category": "Delineated", "Status": "Existing", "RoadName": "South Lumpkin Street", "Protected": "No" }, "geometry": { "type": "LineString", "coordinates": [ [ -83.376799564851765, 33.957185455624263, 0.000130833344883 ], [ -83.376696299647676, 33.956883442816, 0.000130833344883 ], [ -83.376662101618663, 33.956772203592429, 0.000130833344883 ], [ -83.376637961658574, 33.956690442560188, 0.000130833344883 ], [ -83.376610469125467, 33.956586990160467, 0.000130833344883 ], [ -83.376581634860599, 33.956460733204963, 0.000130833344883 ], [ -83.376552130800377, 33.956304997888033, 0.000130833344883 ], [ -83.376544335257094, 33.95622975389405, 0.000130833344883 ], [ -83.37653628919324, 33.956145211940836, 0.000130833344883 ], [ -83.37652690163398, 33.956038421721516, 0.000130833344883 ], [ -83.376522877345863, 33.955978907723534, 0.000130833344883 ], [ -83.376519525369858, 33.955821502811816, 0.000130833344883 ], [ -83.376524219504674, 33.955472763372796, 0.000130833344883 ], [ -83.376531595360575, 33.955201892096973, 0.000130833344883 ], [ -83.376545005625232, 33.954654027177412, 0.000130833344883 ], [ -83.376555734620524, 33.954195709508767, 0.000130833344883 ], [ -83.376565793167131, 33.953754076037946, 0.000130833344883 ], [ -83.376575851749905, 33.953344144445211, 0.000130833344883 ], [ -83.376579204413673, 33.95323178836184, 0.000130833344883 ], [ -83.376581216289509, 33.953047122899235, 0.000130833344883 ], [ -83.376584568815687, 33.952970364517441, 0.000130833344883 ], [ -83.376591274782271, 33.952863570256369, 0.000130833344883 ], [ -83.3766040144953, 33.952752326575506, 0.000130833344883 ], [ -83.376634860132455, 33.952599365048563, 0.000130833344883 ], [ -83.376713985506981, 33.952295110896543, 0.000130833344883 ], [ -83.376728067503493, 33.952255062214277, 0.000130833344883 ], [ -83.376788416221501, 33.952047033846647, 0.000130833344883 ], [ -83.376833343131949, 33.951871821956026, 0.000130833344883 ], [ -83.376935937985294, 33.95150637991668, 0.000130833344883 ], [ -83.377033167835123, 33.951193778355069, 0.000130833344883 ], [ -83.377153196613278, 33.950786615653861, 0.000130833344883 ], [ -83.377233663569257, 33.950509609583719, 0.000130833344883 ], [ -83.377273226351988, 33.950370550444923, 0.000130833344883 ], [ -83.377332904624467, 33.950170861701352, 0.000130833344883 ], [ -83.377408006736687, 33.949927228831207, 0.000130833344883 ], [ -83.377660673071134, 33.949085625097148, 0.000130833344883 ], [ -83.377920846633415, 33.94822677707171, 0.000130833344883 ], [ -83.378106589528741, 33.947603773614453, 0.000130833344883 ], [ -83.378166939725403, 33.947403521547777, 0.000130833344883 ], [ -83.378346647664273, 33.946798714661966, 0.000130833344883 ], [ -83.378425101802307, 33.946527259343888, 0.000130833344883 ], [ -83.378552274278704, 33.946086525470946, 0.000130833344883 ], [ -83.378643469588667, 33.945770009477748, 0.000130833344883 ], [ -83.378670291905934, 33.945691019144618, 0.000130833344883 ], [ -83.378696443510847, 33.945627048724617, 0.000130833344883 ], [ -83.378725947371038, 33.945564746971883, 0.000130833344883 ], [ -83.378770874689224, 33.945485756185612, 0.000130833344883 ], [ -83.378819154436982, 33.945406766099055, 0.000130833344883 ], [ -83.37887480934036, 33.94532888797341, 0.000130833344883 ], [ -83.378949911235836, 33.945241553884607, 0.000130833344883 ], [ -83.379031719368243, 33.945154775662459, 0.000130833344883 ], [ -83.379104138688618, 33.945089691958664, 0.000130833344883 ], [ -83.379221485402496, 33.944995682038765, 0.000130833344883 ], [ -83.379281835515513, 33.944955073322078, 0.000130833344883 ], [ -83.379352243063906, 33.944914465783938, 0.000130833344883 ], [ -83.37944880193578, 33.94486328831087, 0.000130833344883 ], [ -83.380114660936798, 33.94451951065615, 0.000130833344883 ], [ -83.380472918911579, 33.94434023809287, 0.000130833344883 ], [ -83.380916153459879, 33.944119395951709, 0.000130833344883 ], [ -83.381252100497662, 33.943950843832972, 0.000130833344883 ], [ -83.381671865567156, 33.943741126376217, 0.000130833344883 ], [ -83.381952827258232, 33.943600942988532, 0.000130833344883 ], [ -83.383068363526206, 33.943040535910036, 0.000130833344883 ], [ -83.384119788377348, 33.942516513387389, 0.000130833344883 ], [ -83.384558329264237, 33.942298448284248, 0.000130833344883 ], [ -83.384793693242429, 33.942170501741451, 0.000130833344883 ], [ -83.385058561771245, 33.942013071367263, 0.000130833344883 ], [ -83.385136346138012, 33.941966898452314, 0.000130833344883 ], [ -83.385242963363012, 33.941897918646944, 0.000130833344883 ], [ -83.385291914245371, 33.941862872264117, 0.000130833344883 ], [ -83.385338852216336, 33.94181725627395, 0.000130833344883 ], [ -83.385375062106448, 33.941774977520559, 0.000130833344883 ], [ -83.385457919851063, 33.941662217504422, 0.000130833344883 ], [ -83.385507540499162, 33.941578217599272, 0.000130833344883 ], [ -83.38557526544848, 33.94145583248801, 0.000130833344883 ], [ -83.385687919124365, 33.941220518656415, 0.000130833344883 ], [ -83.385888413653049, 33.940788274813073, 0.000130833344883 ], [ -83.386143894331497, 33.940232529334274, 0.000130833344883 ], [ -83.386196197223612, 33.94012126826388, 0.000130833344883 ], [ -83.38620692612372, 33.940096234873877, 0.000130833344883 ] ] } },
{ "type": "Feature", "properties": { "Type": "Bike Lane", "Category": "Delineated", "Status": "Existing", "RoadName": "Baxter Street", "Protected": "No" }, "geometry": { "type": "LineString", "coordinates": [ [ -83.408147371264931, 33.945592846696037, 0.000458916678326 ], [ -83.408075936115125, 33.945601729972928, 0.000458916678326 ], [ -83.407944148840144, 33.945614021674736, 0.000458916678326 ], [ -83.407743071270829, 33.945632059351212, 0.000458916678326 ], [ -83.407489051141837, 33.945653832831823, 0.000458916678326 ], [ -83.407195671369067, 33.945680467832993, 0.000458916678326 ], [ -83.407034240032829, 33.94569433920428, 0.000458916678326 ], [ -83.406761290350104, 33.945719113907799, 0.000458916678326 ], [ -83.406473502325738, 33.945746568796174, 0.000458916678326 ], [ -83.406337765575927, 33.945760975684415, 0.000458916678326 ], [ -83.405991683726512, 33.945798399923405, 0.000458916678326 ], [ -83.405779505398229, 33.945823547932974, 0.000458916678326 ], [ -83.405613635458081, 33.945843311706867, 0.000458916678326 ], [ -83.405493180863289, 33.945856301054746, 0.000458916678326 ], [ -83.405318980714227, 33.945877777354013, 0.000458916678326 ], [ -83.405104851051888, 33.945901273923759, 0.000458916678326 ], [ -83.404907817848311, 33.945923363928372, 0.000458916678326 ], [ -83.404625285860305, 33.945954500287442, 0.000458916678326 ], [ -83.404356969216764, 33.945985220028149, 0.000458916678326 ], [ -83.404064600011893, 33.946017553715805, 0.000458916678326 ], [ -83.403777683034136, 33.946048787184516, 0.000458916678326 ], [ -83.403563242892673, 33.946073160905044, 0.000458916678326 ], [ -83.403336734882089, 33.94609935999484, 0.000458916678326 ], [ -83.403264660022487, 33.946107092376053, 0.000458916678326 ], [ -83.403162959539131, 33.946119187745161, 0.000458916678326 ], [ -83.402986486473552, 33.946141149729563, 0.000458916678326 ], [ -83.402803180871501, 33.946166345475753, 0.000458916678326 ], [ -83.402631712543197, 33.946193223768141, 0.000458916678326 ], [ -83.402527010293738, 33.946213014060497, 0.000458916678326 ], [ -83.402367975314831, 33.946246045935247, 0.000458916678326 ], [ -83.402247251142001, 33.946272133360452, 0.000458916678326 ], [ -83.40215420202307, 33.946297133002901, 0.000458916678326 ], [ -83.402043439028475, 33.946325045614508, 0.000458916678326 ], [ -83.401888724985994, 33.946365033392617, 0.000458916678326 ], [ -83.401689442630001, 33.946418603414244, 0.000458916678326 ], [ -83.401231033029106, 33.946539985315724, 0.000458916678326 ], [ -83.400819899896476, 33.946649186899307, 0.000458916678326 ], [ -83.40058031799299, 33.946712079378585, 0.000458916678326 ], [ -83.400369212310849, 33.946768975401937, 0.000458916678326 ], [ -83.400129499758876, 33.946829473341452, 0.000458916678326 ], [ -83.399940515645213, 33.946880836212145, 0.000458916678326 ], [ -83.399623930963614, 33.946966179363358, 0.000458916678326 ], [ -83.399464816716744, 33.947007647735518, 0.000458916678326 ], [ -83.399146684488841, 33.947092222663116, 0.000458916678326 ], [ -83.399035040525149, 33.94712164083996, 0.000458916678326 ], [ -83.398881830358619, 33.947162264406629, 0.000458916678326 ], [ -83.398700223361345, 33.94721104320913, 0.000458916678326 ], [ -83.398486751892349, 33.947267525420109, 0.000458916678326 ], [ -83.39836281619317, 33.947297369373153, 0.000458916678326 ], [ -83.398145073101318, 33.947347845829, 0.000458916678326 ], [ -83.39792321853497, 33.947393657499063, 0.000458916678326 ], [ -83.397824789119511, 33.947411563436773, 0.000458916678326 ], [ -83.397696880278644, 33.947434454019493, 0.000458916678326 ], [ -83.396852833120676, 33.94752695352512, 0.000130833344883 ], [ -83.396761059365616, 33.947529777721485, 0.000458916678326 ], [ -83.396593966317738, 33.947533771625004, 0.000458916678326 ], [ -83.396477541504908, 33.947535311701301, 0.000458916678326 ], [ -83.396379884393511, 33.94753444823332, 0.000458916678326 ], [ -83.396260624932466, 33.947531812196473, 0.000458916678326 ], [ -83.396114790847903, 33.947525621501256, 0.000458916678326 ], [ -83.395962009281149, 33.947518225879818, 0.000458916678326 ], [ -83.395717239280998, 33.947501951201566, 0.000458916678326 ], [ -83.395662385760915, 33.947499087698375, 0.000458916678326 ], [ -83.395606316000311, 33.947496972993726, 0.000458916678326 ], [ -83.395550848686227, 33.947495113583123, 0.000458916678326 ], [ -83.395497782040209, 33.947495285159704, 0.000458916678326 ], [ -83.395445308794493, 33.947496594641358, 0.000458916678326 ], [ -83.395371357404542, 33.947499155290096, 0.000458916678326 ], [ -83.395282394207626, 33.947506660861691, 0.000458916678326 ], [ -83.395198419673719, 33.947516167623789, 0.000458916678326 ], [ -83.395136049494411, 33.94752338353063, 0.000458916678326 ], [ -83.395032181522154, 33.947540750052205, 0.000458916678326 ], [ -83.394919070914142, 33.947560326062643, 0.000458916678326 ], [ -83.394780318713046, 33.947590072606118, 0.000458916678326 ], [ -83.394563383237511, 33.947638859072178, 0.000458916678326 ], [ -83.394455833047601, 33.947665022343983, 0.000458916678326 ], [ -83.394199002321997, 33.94772577725935, 0.000458916678326 ], [ -83.394026887911252, 33.947766653898299, 0.000458916678326 ], [ -83.393622356729963, 33.947863020460673, 0.000458916678326 ], [ -83.393097226372802, 33.947987733294319, 0.000458916678326 ], [ -83.392736329660821, 33.948073535709526, 0.000458916678326 ], [ -83.392619502881914, 33.948102662103153, 0.000458916678326 ], [ -83.392372463127771, 33.948170028460517, 0.000458916678326 ], [ -83.392287286484375, 33.948193305687603, 0.000458916678326 ], [ -83.392203785046718, 33.948215207638519, 0.000458916678326 ], [ -83.391974700839071, 33.948269708553561, 0.000458916678326 ], [ -83.391826353020633, 33.948308133252553, 0.000458916678326 ], [ -83.391720507608042, 33.948339150035004, 0.000458916678326 ], [ -83.391509287989948, 33.948390113770344, 0.000458916678326 ], [ -83.391415002619325, 33.948408284085865, 0.000458916678326 ], [ -83.391114723058777, 33.948458866563456, 0.000458916678326 ], [ -83.38922418655649, 33.948875563720776, 0.000458916678326 ], [ -83.388928675705969, 33.948941062639626, 0.000458916678326 ], [ -83.387404878641291, 33.949279328127155, 0.000458916678326 ], [ -83.386402093422006, 33.949516899651037, 0.000458916678326 ], [ -83.385100707416655, 33.949827024074864, 0.000458916678326 ], [ -83.383777518195714, 33.950141603147181, 0.000458916678326 ], [ -83.382397732974709, 33.950469647750339, 0.000458916678326 ], [ -83.381557231481423, 33.950669312166056, 0.000458916678326 ], [ -83.381356159058782, 33.950717797712379, 0.000458916678326 ], [ -83.381061448433741, 33.950788364129686, 0.000458916678326 ], [ -83.380884179836883, 33.950829567148851, 0.000458916678326 ], [ -83.380681905315328, 33.950877162151684, 0.000458916678326 ], [ -83.380478874387066, 33.950924751989064, 0.000458916678326 ], [ -83.380186296858426, 33.950993440174592, 0.000458916678326 ], [ -83.379915068577588, 33.95105861084236, 0.000458916678326 ], [ -83.379739002656208, 33.951100322979045, 0.000458916678326 ], [ -83.379564751918821, 33.951141922048443, 0.000458916678326 ], [ -83.379227773601158, 33.951221537182114, 0.000458916678326 ], [ -83.379062777376319, 33.951259666789532, 0.000458916678326 ], [ -83.37896292435461, 33.951283471044384, 0.000458916678326 ], [ -83.378472911312386, 33.951399021489451, 0.000458916678326 ], [ -83.378219412340982, 33.951459639762049, 0.000458916678326 ], [ -83.377994715473335, 33.951511874176916, 0.000458916678326 ], [ -83.377963411191757, 33.951512807817039, 0.000458916678326 ], [ -83.37787528831926, 33.9515104787437, 0.000458916678326 ], [ -83.377804883355068, 33.951505113877701, 0.000458916678326 ], [ -83.377736623427339, 33.951496738765684, 0.000458916678326 ], [ -83.377631653860405, 33.951481357330707, 0.000458916678326 ], [ -83.377498248808138, 33.95145804699758, 0.000458916678326 ], [ -83.377330108170455, 33.951425674541746, 0.000458916678326 ], [ -83.376983659883422, 33.951352951313972, 0.000458916678326 ] ] } },
{ "type": "Feature", "properties": { "Type": "Bike Lane", "Category": "Delineated", "Status": "Existing", "RoadName": "Baxter Street", "Protected": "No" }, "geometry": { "type": "LineString", "coordinates": [ [ -83.408809612590503, 33.945379834528254, 0.000458916678326 ], [ -83.408579764220562, 33.945405770284147, 0.000458916678326 ], [ -83.408474996810156, 33.945420234998863, 0.000458916678326 ], [ -83.408253355026659, 33.945455786655792, 0.000458916678326 ], [ -83.408037627656725, 33.945489105934413, 0.000458916678326 ], [ -83.407909249072844, 33.945509230063131, 0.000458916678326 ], [ -83.407835679092585, 33.945520116019601, 0.000458916678326 ], [ -83.407785274934582, 33.945526987461662, 0.000458916678326 ], [ -83.407618684466556, 33.945542970000027, 0.000458916678326 ], [ -83.407465557767608, 33.945557901131593, 0.000458916678326 ], [ -83.407013491935786, 33.945596312816065, 0.000458916678326 ], [ -83.40685718786176, 33.945611476030514, 0.000458916678326 ], [ -83.406611471190658, 33.945634023832554, 0.000458916678326 ], [ -83.406426111093467, 33.945652535063928, 0.000458916678326 ], [ -83.405945504639007, 33.945704121954229, 0.000458916678326 ], [ -83.4056814232287, 33.945734744539784, 0.000458916678326 ], [ -83.405368754628341, 33.9457718704722, 0.000458916678326 ], [ -83.405114368237804, 33.945800284269509, 0.000458916678326 ], [ -83.404974523929369, 33.945817561981791, 0.000458916678326 ], [ -83.404744521622845, 33.945843886307543, 0.000458916678326 ], [ -83.404387978375368, 33.945881591102513, 0.000458916678326 ], [ -83.404164771209096, 33.945905786268263, 0.000458916678326 ], [ -83.403845908520054, 33.94594236506093, 0.000458916678326 ], [ -83.403604682208339, 33.94596972396409, 0.000458916678326 ], [ -83.403351649991578, 33.94599864559445, 0.000458916678326 ], [ -83.403245401468581, 33.946012098590742, 0.000458916678326 ], [ -83.403049701196764, 33.946034700579467, 0.000458916678326 ], [ -83.402779863858314, 33.946068806470926, 0.000458916678326 ], [ -83.40268162442031, 33.946082560221861, 0.000458916678326 ], [ -83.402603795649725, 33.946096189028545, 0.000458916678326 ], [ -83.402456146125971, 33.946123999297455, 0.000458916678326 ], [ -83.402309520677861, 33.946155596150952, 0.000458916678326 ], [ -83.402191204169768, 33.946182958004925, 0.000458916678326 ], [ -83.40204059333476, 33.94622057771263, 0.000458916678326 ], [ -83.401736588621205, 33.946302854289698, 0.000458916678326 ], [ -83.401511561821877, 33.946361303993925, 0.000458916678326 ], [ -83.401299257210681, 33.946417186187603, 0.000458916678326 ], [ -83.400979945930828, 33.946503397668153, 0.000458916678326 ], [ -83.400579611038694, 33.94660721003676, 0.000130833344883 ], [ -83.400254030368188, 33.946693286839782, 0.000130833344883 ], [ -83.400017664494627, 33.946757715631612, 0.000130833344883 ], [ -83.399764129383357, 33.946825433331206, 0.000130833344883 ], [ -83.399648810972408, 33.946855458495598, 0.000130833344883 ], [ -83.399223133130292, 33.946967713373979, 0.000130833344883 ], [ -83.399126126434652, 33.946991475193435, 0.000130833344883 ], [ -83.398798715835269, 33.947080423628357, 0.000458916678326 ], [ -83.398521897925903, 33.947155474986111, 0.000458916678326 ], [ -83.398400441080909, 33.947186018759531, 0.000458916678326 ], [ -83.398292493870187, 33.947211528360874, 0.000458916678326 ], [ -83.398135079091389, 33.947247951250837, 0.000458916678326 ], [ -83.397843349438759, 33.947307571790112, 0.000458916678326 ], [ -83.397716916957123, 33.947331961957609, 0.000458916678326 ], [ -83.397544453017687, 33.947360611172229, 0.000458916678326 ], [ -83.397427367349962, 33.947377794357443, 0.000458916678326 ], [ -83.397305813919246, 33.947392784771409, 0.000458916678326 ], [ -83.397156854903386, 33.947408193404627, 0.000458916678326 ], [ -83.397026584777635, 33.947420569417318, 0.000458916678326 ], [ -83.396907233122235, 33.947427107194073, 0.000458916678326 ], [ -83.396818615261694, 33.947430884321882, 0.000458916678326 ], [ -83.396664801455785, 33.947434450159498, 0.000458916678326 ], [ -83.396445086681609, 33.947437406954549, 0.000458916678326 ], [ -83.396322021956692, 33.947436636919782, 0.000458916678326 ], [ -83.396239373329479, 33.947433363519892, 0.000458916678326 ], [ -83.395833508534309, 33.94741074242264, 0.000458916678326 ], [ -83.395646291757004, 33.94739874180604, 0.000458916678326 ], [ -83.395550652191346, 33.947395386579394, 0.000458916678326 ], [ -83.395454965380907, 33.94739715025689, 0.000458916678326 ], [ -83.395347913188814, 33.947401991030723, 0.000458916678326 ], [ -83.395247206055075, 33.947410416555975, 0.000458916678326 ], [ -83.395159849778096, 33.947420165367866, 0.000458916678326 ], [ -83.39508522616633, 33.947428891268302, 0.000458916678326 ], [ -83.394969526876309, 33.947449427532334, 0.000458916678326 ], [ -83.394781644261968, 33.947485063673767, 0.000458916678326 ], [ -83.394672758373062, 33.947509777107342, 0.000458916678326 ], [ -83.394401509820952, 33.947573736474887, 0.000458916678326 ], [ -83.394306083899437, 33.947597973225292, 0.000458916678326 ], [ -83.39419024352955, 33.94762857150512, 0.000458916678326 ], [ -83.394052093552546, 33.947661790352633, 0.000458916678326 ], [ -83.39393469242674, 33.947689459220449, 0.000458916678326 ], [ -83.39379995828341, 33.947722963392714, 0.000458916678326 ], [ -83.393378779369357, 33.947817574712076, 0.000458916678326 ], [ -83.392662547988792, 33.947988331553816, 0.000458916678326 ], [ -83.392449018063999, 33.948034855544364, 0.000458916678326 ], [ -83.3922317216865, 33.948082371568596, 0.000458916678326 ], [ -83.391900503292575, 33.94815823508339, 0.000458916678326 ], [ -83.391787143347628, 33.948184744427429, 0.000458916678326 ], [ -83.391570995812145, 33.948237676997728, 0.000458916678326 ], [ -83.391409083134917, 33.948278670087177, 0.000458916678326 ], [ -83.391252069160515, 33.948321542995686, 0.000458916678326 ], [ -83.391084440176016, 33.948363557222478, 0.000458916678326 ], [ -83.390893465049913, 33.948410311658833, 0.000458916678326 ], [ -83.390472534881354, 33.948501593054075, 0.000458916678326 ], [ -83.390114784593308, 33.948583494644076, 0.000458916678326 ], [ -83.389852197708507, 33.948642742634632, 0.000458916678326 ], [ -83.38965713812739, 33.948685241775564, 0.000458916678326 ], [ -83.389469699661902, 33.948726467880938, 0.000458916678326 ], [ -83.389238884360111, 33.948778385898365, 0.000458916678326 ], [ -83.388991712507732, 33.948833370168316, 0.000458916678326 ], [ -83.388897469848104, 33.948853989357715, 0.000458916678326 ], [ -83.38847512312168, 33.948949009183686, 0.000458916678326 ], [ -83.38819111238368, 33.949010497491251, 0.000458916678326 ], [ -83.387845621533842, 33.949086128136571, 0.000458916678326 ], [ -83.387575398212604, 33.949147965509034, 0.000458916678326 ], [ -83.387377711285637, 33.949186485474748, 0.000458916678326 ], [ -83.387243189650292, 33.949211691779027, 0.000458916678326 ], [ -83.386808769407253, 33.949319486184542, 0.000458916678326 ], [ -83.386219680164899, 33.949457381117853, 0.000458916678326 ], [ -83.385823595292123, 33.949552502385984, 0.000458916678326 ], [ -83.385660109566047, 33.949591628709925, 0.000458916678326 ], [ -83.385499802897442, 33.949629849950355, 0.000458916678326 ], [ -83.385163626730332, 33.949709231382911, 0.000458916678326 ], [ -83.384991560815166, 33.949750415684747, 0.000458916678326 ], [ -83.384745940623191, 33.949808440513038, 0.000458916678326 ], [ -83.384465050554667, 33.949874827550346, 0.000458916678326 ], [ -83.384151095915783, 33.949951044848028, 0.000458916678326 ], [ -83.383917711915586, 33.950005842343792, 0.000458916678326 ], [ -83.383596456768089, 33.950082671764712, 0.000458916678326 ], [ -83.38245530350153, 33.95035467416038, 0.000458916678326 ], [ -83.381934147159384, 33.950478671962635, 0.000458916678326 ], [ -83.381468131890458, 33.950588590128291, 0.000458916678326 ], [ -83.38077000697335, 33.950753693826947, 0.000458916678326 ], [ -83.380326573568155, 33.95085954225582, 0.000458916678326 ], [ -83.380113819398247, 33.950908689546999, 0.000458916678326 ], [ -83.379709556395596, 33.951005676286947, 0.000458916678326 ], [ -83.379103203589125, 33.951150145271377, 0.000458916678326 ], [ -83.378033271302783, 33.951404018011701, 0.000458916678326 ], [ -83.377952180068377, 33.951419121324868, 0.000458916678326 ], [ -83.377887274024502, 33.9514239969062, 0.000458916678326 ], [ -83.377788537411547, 33.951425128607823, 0.000458916678326 ], [ -83.377785092349399, 33.951424931620174, 0.000458916678326 ], [ -83.3777206727828, 33.951422929249411, 0.000458916678326 ], [ -83.377652718243638, 33.951414178279805, 0.000458916678326 ], [ -83.377555119617284, 33.95139727795295, 0.000458916678326 ], [ -83.377485264864077, 33.951385061596682, 0.000458916678326 ], [ -83.377004055375906, 33.951287377434475, 0.000458916678326 ] ] } },
{ "type": "Feature", "properties": { "Type": "Bike Lane", "Category": "Delineated", "Status": "Existing", "RoadName": "South Hull Street", "Protected": null }, "geometry": { "type": "LineString", "coordinates": [ [ -83.377994715473335, 33.951511874176916, 0.000130833344883 ], [ -83.378026569645954, 33.951560282097979, 0.000130833344883 ], [ -83.378056745258078, 33.951633148576398, 0.000130833344883 ], [ -83.378086248708854, 33.951718251711661, 0.000130833344883 ], [ -83.37811374120578, 33.951799460585761, 0.000130833344883 ], [ -83.378128493365466, 33.951858977483703, 0.000130833344883 ], [ -83.37814190490343, 33.951941855162779, 0.000130833344883 ], [ -83.378145258162121, 33.952026957561685, 0.000130833344883 ], [ -83.378138552588766, 33.952098155123565, 0.000130833344883 ], [ -83.378123799894567, 33.95226001612447, 0.000130833344883 ], [ -83.378102342717042, 33.952465263148461, 0.000130833344883 ], [ -83.378096307822702, 33.952534234450411, 0.000130833344883 ], [ -83.378093625614895, 33.952596531977363, 0.000130833344883 ], [ -83.378094965755821, 33.952667172494721, 0.000130833344883 ], [ -83.378099660553687, 33.952715563277813, 0.000130833344883 ], [ -83.378113741453191, 33.952806227813973, 0.000130833344883 ], [ -83.378132516742625, 33.952877423603489, 0.000130833344883 ], [ -83.378160680137285, 33.952958075960339, 0.000130833344883 ], [ -83.378179455883455, 33.953002017400458, 0.000130833344883 ], [ -83.37821231301136, 33.953070432696016, 0.000130833344883 ], [ -83.378263945305875, 33.95315553416026, 0.000130833344883 ], [ -83.378315578275576, 33.953226730292741, 0.000130833344883 ], [ -83.378506684827229, 33.953480922061516, 0.000130833344883 ], [ -83.378601904039371, 33.953605513766711, 0.000130833344883 ], [ -83.37866091158385, 33.95368894654311, 0.000130833344883 ], [ -83.378722602731457, 33.953800746250316, 0.000130833344883 ], [ -83.378757471708639, 33.95388584658653, 0.000130833344883 ], [ -83.378825196887675, 33.954088865056271, 0.000130833344883 ], [ -83.378866101156149, 33.954214568587567, 0.000130833344883 ] ] } },
{ "type": "Feature", "properties": { "Type": "Bike Lane", "Category": "Delineated", "Status": "Existing", "RoadName": "South Hull Street", "Protected": null }, "geometry": { "type": "LineString", "coordinates": [ [ -83.378219412340982, 33.951459639762049, 0.000130833344883 ], [ -83.378196608551264, 33.951473699249071, 0.000130833344883 ], [ -83.378179844761718, 33.951490942188045, 0.000130833344883 ], [ -83.378168446093596, 33.951512635509062, 0.000130833344883 ], [ -83.378161740188673, 33.951539890181223, 0.000130833344883 ], [ -83.378165763396169, 33.951571595336318, 0.000130833344883 ], [ -83.378173810068603, 33.951598850740062, 0.000130833344883 ], [ -83.378218066979912, 33.951730677096329, 0.000130833344883 ], [ -83.378228124427679, 33.951761269560272, 0.000130833344883 ], [ -83.378230806748519, 33.951781294060424, 0.000130833344883 ], [ -83.378230807116097, 33.951954280605513, 0.000130833344883 ], [ -83.378228124777024, 33.952067750932372, 0.000130833344883 ], [ -83.378212031438764, 33.952241849738435, 0.000130833344883 ], [ -83.378192585968065, 33.952428185165076, 0.000130833344883 ], [ -83.378181185625238, 33.952558897660403, 0.000130833344883 ], [ -83.378179174270002, 33.952603951053383, 0.000130833344883 ], [ -83.378180515915375, 33.952645112095446, 0.000130833344883 ], [ -83.378186550390581, 33.952709077511933, 0.000130833344883 ], [ -83.378194597313851, 33.952762474687603, 0.000130833344883 ], [ -83.378202644066548, 33.952804747970049, 0.000130833344883 ], [ -83.378218066679281, 33.952863151165012, 0.000130833344883 ], [ -83.378239524551688, 33.952928785044989, 0.000130833344883 ], [ -83.378259641161208, 33.952977732608097, 0.000130833344883 ], [ -83.378290485579413, 33.953036691676196, 0.000130833344883 ], [ -83.378332730533671, 33.953107331797348, 0.000130833344883 ], [ -83.378397104176273, 33.953200219844213, 0.000130833344883 ], [ -83.378523838561051, 33.953364861260205, 0.000130833344883 ], [ -83.378697511090891, 33.953595690751122, 0.000130833344883 ], [ -83.378727685702643, 33.953638519475874, 0.000130833344883 ], [ -83.378782671327301, 33.953731407632041, 0.000130833344883 ], [ -83.378819551742424, 33.953810389974443, 0.000130833344883 ], [ -83.378850396504831, 33.953889928729524, 0.000130833344883 ], [ -83.3789529911447, 33.954190263154253, 0.000130833344883 ] ] } },
{ "type": "Feature", "properties": { "Type": "Bike Lane", "Category": "Delineated", "Status": "Existing", "RoadName": "Pulaski Street", "Protected": "No" }, "geometry": { "type": "LineString", "coordinates": [ [ -83.379805942550192, 33.956794081371889, 0.000130833344883 ], [ -83.379826729230174, 33.95684024521281, 0.000130833344883 ], [ -83.379880374202131, 33.957016002552784, 0.000130833344883 ], [ -83.379962851900629, 33.957267402284941, 0.000130833344883 ], [ -83.380019178181527, 33.957434259914962, 0.000130833344883 ], [ -83.380287429366888, 33.958246969021197, 0.000130833344883 ], [ -83.380353142981519, 33.958489917090581, 0.000130833344883 ], [ -83.380537545626112, 33.959081138629656, 0.000130833344883 ] ] } },
{ "type": "Feature", "properties": { "Type": "Bike Lane", "Category": "Delineated", "Status": "Existing", "RoadName": "Pulaski Street", "Protected": "No" }, "geometry": { "type": "LineString", "coordinates": [ [ -83.380537545626112, 33.959081138629656, 0.000130833344883 ], [ -83.380615329325593, 33.959322520921148, 0.000130833344883 ], [ -83.380802027154218, 33.959889264838296, 0.000130833344883 ] ] } },
{ "type": "Feature", "properties": { "Type": "Bike Lane", "Category": "Delineated", "Status": "Existing", "RoadName": "West Handcock Avenue", "Protected": "No" }, "geometry": { "type": "LineString", "coordinates": [ [ -83.397842152103792, 33.95293201370071, 0.000130833344883 ], [ -83.397735534479537, 33.953033801681954, 0.000130833344883 ], [ -83.397613494007643, 33.953148939636741, 0.000130833344883 ], [ -83.397471337137119, 33.95327130789746, 0.000130833344883 ], [ -83.397344603347335, 33.953381438528517, 0.000130833344883 ], [ -83.397012679446576, 33.953659547616951, 0.000130833344883 ], [ -83.39661940077734, 33.953995223041709, 0.000130833344883 ], [ -83.395977964275446, 33.95453306949171, 0.000130833344883 ], [ -83.395568256714682, 33.954881256436387, 0.000130833344883 ], [ -83.395273214586041, 33.955129325104807, 0.000130833344883 ], [ -83.394948666838232, 33.955401309551021, 0.000130833344883 ], [ -83.394886975929964, 33.955452480585869, 0.000130833344883 ], [ -83.394800475165553, 33.955520893230108, 0.000130833344883 ], [ -83.394746159802992, 33.955559827085331, 0.000130833344883 ], [ -83.394694528129406, 33.955594868422743, 0.000130833344883 ], [ -83.394618085257719, 33.955634358574656, 0.000130833344883 ], [ -83.394490680248481, 33.955693316337239, 0.000130833344883 ], [ -83.394419601644088, 33.955720570183246, 0.000130833344883 ], [ -83.3938449380652, 33.955882980829209, 0.000130833344883 ], [ -83.393114036640256, 33.956090444329142, 0.000130833344883 ], [ -83.392369723890454, 33.956279551840957, 0.000130833344883 ], [ -83.391911066183141, 33.956396909913956, 0.000130833344883 ], [ -83.391771590971743, 33.956434174883157, 0.000130833344883 ], [ -83.391352495915726, 33.956539296410945, 0.000130833344883 ], [ -83.390924013210409, 33.956646641983703, 0.000130833344883 ], [ -83.3905411283273, 33.956743976444713, 0.000130833344883 ], [ -83.390538994360071, 33.956744254204722, 0.000130833344883 ] ] } },
{ "type": "Feature", "properties": { "Type": "Bike Lane", "Category": "Delineated", "Status": "Existing", "RoadName": "West Handcock Avenue", "Protected": "No" }, "geometry": { "type": "LineString", "coordinates": [ [ -83.390470598112728, 33.956835470190832, 0.000130833344883 ], [ -83.390699927089173, 33.956779295103722, 0.000130833344883 ], [ -83.39168217875266, 33.956530118858204, 0.000130833344883 ], [ -83.391934306690217, 33.956468380597755, 0.000130833344883 ], [ -83.392429630890987, 33.956340387941218, 0.000130833344883 ], [ -83.392796422711001, 33.956246946775259, 0.000130833344883 ], [ -83.393173272864118, 33.956150724079571, 0.000130833344883 ], [ -83.393625896094861, 33.956022798135464, 0.000130833344883 ], [ -83.394313882125061, 33.955827015676533, 0.000130833344883 ], [ -83.394440616123831, 33.955789193632931, 0.000130833344883 ], [ -83.394514377295053, 33.955762495758357, 0.000130833344883 ], [ -83.394635076138016, 33.955710769093272, 0.000130833344883 ], [ -83.394718225466789, 33.955667385520343, 0.000130833344883 ], [ -83.394785280497032, 33.955623445659803, 0.000130833344883 ], [ -83.39489256831763, 33.955548358110747, 0.000130833344883 ], [ -83.395050818943645, 33.955419874601972, 0.000130833344883 ], [ -83.395730758553768, 33.954848094764429, 0.000130833344883 ], [ -83.396285305287805, 33.954382546827681, 0.000130833344883 ], [ -83.396596441708709, 33.95412057093624, 0.000130833344883 ], [ -83.396872038803863, 33.953887517921181, 0.000130833344883 ], [ -83.397093656099784, 33.953700073107349, 0.000130833344883 ], [ -83.397441672544403, 33.953403053282273, 0.000130833344883 ], [ -83.397641496484184, 33.95323173878203, 0.000130833344883 ], [ -83.397934528262951, 33.952982551754964, 0.000130833344883 ], [ -83.397947938971413, 33.952971427745389, 0.000130833344883 ] ] } },
{ "type": "Feature", "properties": { "Type": "Bike Lane", "Category": "Delineated", "Status": "Existing", "RoadName": "College Avenue", "Protected": "No" }, "geometry": { "type": "LineString", "coordinates": [ [ -83.376227839098391, 33.960266641324353, 0.000130833344883 ], [ -83.376276118014957, 33.960400679503302, 0.000130833344883 ], [ -83.376294223776029, 33.960449622535513, 0.000130833344883 ] ] } },
{ "type": "Feature", "properties": { "Type": "Bike Lane", "Category": "Delineated", "Status": "Existing", "RoadName": "College Avenue", "Protected": "No" }, "geometry": { "type": "LineString", "coordinates": [ [ -83.376259354899474, 33.960638719983756, 0.000130833344883 ], [ -83.376353902268193, 33.960900675972809, 0.000130833344883 ], [ -83.376355914494411, 33.960904569356913, 0.000130833344883 ] ] } },
{ "type": "Feature", "properties": { "Type": "Bike Lane", "Category": "Delineated", "Status": "Existing", "RoadName": "College Avenue", "Protected": "No" }, "geometry": { "type": "LineString", "coordinates": [ [ -83.378252352989634, 33.965799515114, 0.000130833344883 ], [ -83.378167863965245, 33.96558039767072, 0.000130833344883 ], [ -83.37799168298325, 33.9651175299662, 0.000130833344883 ], [ -83.377842150017671, 33.964716829114018, 0.000130833344883 ], [ -83.377728826534309, 33.964408168625731, 0.000130833344883 ], [ -83.377577952241467, 33.964006630262993, 0.000130833344883 ], [ -83.377455241937071, 33.963678502501004, 0.000130833344883 ], [ -83.377330519117805, 33.963337581599262, 0.000130833344883 ], [ -83.377284921597777, 33.963168510684412, 0.000130833344883 ], [ -83.377237982381388, 33.963038927291095, 0.000130833344883 ], [ -83.377126000616471, 33.962725811912513, 0.000130833344883 ], [ -83.377048887392277, 33.962516140077327, 0.000130833344883 ], [ -83.376998595697316, 33.962375431940281, 0.000130833344883 ], [ -83.376912094156552, 33.962138507685978, 0.000130833344883 ], [ -83.376856439084577, 33.96198834430934, 0.000130833344883 ], [ -83.376726352139414, 33.961634069062058, 0.000130833344883 ], [ -83.376529770308096, 33.961084719736569, 0.000130833344883 ] ] } },
{ "type": "Feature", "properties": { "Type": "Bike Lane", "Category": "Delineated", "Status": "Existing", "RoadName": "College Avenue", "Protected": "No" }, "geometry": { "type": "LineString", "coordinates": [ [ -83.376547204693694, 33.961419531534887, 0.000130833344883 ], [ -83.37663705927956, 33.961662018782405, 0.000130833344883 ], [ -83.376722218742728, 33.961882815917221, 0.000130833344883 ], [ -83.376778545179121, 33.962032422871566, 0.000130833344883 ], [ -83.37696160654184, 33.962526849117523, 0.000130833344883 ], [ -83.37701793191458, 33.962688135201333, 0.000130833344883 ], [ -83.377116503016907, 33.962953421615474, 0.000130833344883 ], [ -83.377215745046172, 33.963219819405609, 0.000130833344883 ], [ -83.377219768078774, 33.963230942034372, 0.000130833344883 ] ] } },
{ "type": "Feature", "properties": { "Type": "Bike Lane", "Category": "Delineated", "Status": "Existing", "RoadName": "College Avenue", "Protected": "No" }, "geometry": { "type": "LineString", "coordinates": [ [ -83.377900681655888, 33.969023022130052, 0.000130833344883 ], [ -83.377944268263562, 33.968989098624121, 0.000130833344883 ], [ -83.378129340118065, 33.9688728709515, 0.000130833344883 ], [ -83.378185666138265, 33.968836722706918, 0.000130833344883 ] ] } },
{ "type": "Feature", "properties": { "Type": "Bike Lane", "Category": "Delineated", "Status": "Existing", "RoadName": "East Broad Street", "Protected": "No" }, "geometry": { "type": "LineString", "coordinates": [ [ -83.371222779679869, 33.958570157977285, 0.000130833344883 ], [ -83.37069840819882, 33.958589069010472, 0.000130833344883 ], [ -83.370184094601242, 33.958610759396706, 0.000130833344883 ], [ -83.369748906270772, 33.958626333238676, 0.000130833344883 ], [ -83.369529635736399, 33.958631894409407, 0.000130833344883 ], [ -83.369278848957222, 33.95863078207924, 0.000130833344883 ], [ -83.369028733491518, 33.958639125002392, 0.000130833344883 ], [ -83.368535877814821, 33.958657479115082, 0.000130833344883 ], [ -83.368275033124604, 33.958670827809492, 0.000130833344883 ], [ -83.368134887368754, 33.958679726211905, 0.000130833344883 ], [ -83.367980660684921, 33.958699748918072, 0.000130833344883 ], [ -83.367828445245479, 33.958728114313153, 0.000130833344883 ], [ -83.367735238279238, 33.958753142575183, 0.000130833344883 ] ] } },
{ "type": "Feature", "properties": { "Type": "Bike Lane", "Category": "Delineated", "Status": "Existing", "RoadName": "East Broad Street", "Protected": "No" }, "geometry": { "type": "LineString", "coordinates": [ [ -83.367745061201077, 33.958667178914396, 0.000130833344883 ], [ -83.36789593538461, 33.958634363663833, 0.000130833344883 ], [ -83.368032057115144, 33.958611003996822, 0.000130833344883 ], [ -83.368154097262675, 33.95859988032403, 0.000130833344883 ], [ -83.368353251533108, 33.958590981458158, 0.000130833344883 ], [ -83.368691880728264, 33.958576520349602, 0.000130833344883 ], [ -83.369095553022149, 33.958560391703017, 0.000130833344883 ], [ -83.369262520623778, 33.958554273383449, 0.000130833344883 ], [ -83.369390595565818, 33.958542593427971, 0.000130833344883 ], [ -83.369595784330599, 33.958527020168034, 0.000130833344883 ], [ -83.369776162838576, 33.958518121827431, 0.000130833344883 ], [ -83.370213363078918, 33.958502548280734, 0.000130833344883 ], [ -83.370789367243219, 33.958480578679691, 0.000130833344883 ], [ -83.371058929386379, 33.958469455642835, 0.000130833344883 ], [ -83.371242665082121, 33.958462292585416, 0.000130833344883 ] ] } },
{ "type": "Feature", "properties": { "Type": "Bike Lane", "Category": "Delineated", "Status": "Existing", "RoadName": "Williams Street", "Protected": null }, "geometry": { "type": "LineString", "coordinates": [ [ -83.36871469865882, 33.955071813859568, 0.000130833344883 ], [ -83.368745543520291, 33.955041777925928, 0.000130833344883 ], [ -83.369051315850029, 33.954805945987076, 0.000130833344883 ], [ -83.369381897442011, 33.954557320747277, 0.000130833344883 ], [ -83.36942280177675, 33.954525060644833, 0.000130833344883 ], [ -83.369454317418999, 33.954496137833836, 0.000130833344883 ], [ -83.369495220969839, 33.954456646909399, 0.000130833344883 ], [ -83.369538806439337, 33.954406031427183, 0.000130833344883 ], [ -83.369576357579703, 33.954357084474175, 0.000130833344883 ], [ -83.369608544702317, 33.954305913702619, 0.000130833344883 ], [ -83.369632684142303, 33.954261972995987, 0.000130833344883 ], [ -83.36965950587215, 33.954202457466423, 0.000130833344883 ], [ -83.369677610845741, 33.954149061418164, 0.000130833344883 ], [ -83.369699739075941, 33.954051724228876, 0.000130833344883 ], [ -83.369797639456067, 33.953603971344549, 0.000130833344883 ], [ -83.369809039543043, 33.953545012298882, 0.000130833344883 ], [ -83.369823791674264, 33.953492171537619, 0.000130833344883 ], [ -83.369839884937633, 33.953441000193934, 0.000130833344883 ], [ -83.369864695578229, 33.953377591124422, 0.000130833344883 ] ] } },
{ "type": "Feature", "properties": { "Type": "Bike Lane", "Category": "Delineated", "Status": "Existing", "RoadName": "Williams Street", "Protected": null }, "geometry": { "type": "LineString", "coordinates": [ [ -83.369831167806765, 33.953239649109072, 0.000130833344883 ], [ -83.3697916052718, 33.953294714881451, 0.000130833344883 ], [ -83.3697674652568, 33.953333649968521, 0.000130833344883 ], [ -83.36974801912551, 33.953368691696809, 0.000130833344883 ], [ -83.369725890935356, 33.95341986362731, 0.000130833344883 ], [ -83.369709126746272, 33.953465473179143, 0.000130833344883 ], [ -83.369695045814765, 33.953522207753672, 0.000130833344883 ], [ -83.369592450685928, 33.953997215131025, 0.000130833344883 ], [ -83.369575016360415, 33.954077309938093, 0.000130833344883 ], [ -83.369559594104075, 33.954135156486927, 0.000130833344883 ], [ -83.369542160035664, 33.954186328119043, 0.000130833344883 ], [ -83.369518019775626, 33.954236387027024, 0.000130833344883 ], [ -83.369493880062919, 33.954279771425057, 0.000130833344883 ], [ -83.369467058028619, 33.95432259929207, 0.000130833344883 ], [ -83.369432189532859, 33.954367652467226, 0.000130833344883 ], [ -83.369396650152254, 33.954407143854795, 0.000130833344883 ], [ -83.369354404805961, 33.954448859306147, 0.000130833344883 ], [ -83.369300760957344, 33.954492243688605, 0.000130833344883 ], [ -83.368918545763179, 33.954774242019027, 0.000130833344883 ], [ -83.368782423649392, 33.954874360011317, 0.000130833344883 ] ] } },
{ "type": "Feature", "properties": { "Type": "Bike Lane", "Category": "Delineated", "Status": "Existing", "RoadName": "East Campus Road", "Protected": "No" }, "geometry": { "type": "LineString", "coordinates": [ [ -83.371461950193009, 33.952918153658032, 0.000130833344883 ], [ -83.371484078373129, 33.952504324551541, 0.000130833344883 ], [ -83.37148944304414, 33.952252911437157, 0.000130833344883 ], [ -83.371482737622884, 33.952194507843565, 0.000130833344883 ], [ -83.371473349549547, 33.95214222227689, 0.000130833344883 ], [ -83.371460609453266, 33.952086599888155, 0.000130833344883 ], [ -83.371411658717449, 33.951934193502879, 0.000130833344883 ], [ -83.371322475619024, 33.951683334381578, 0.000130833344883 ], [ -83.371289618758169, 33.951583213573279, 0.000130833344883 ], [ -83.371270843349919, 33.951510347016132, 0.000130833344883 ], [ -83.371260114423237, 33.951425799985465, 0.000130833344883 ] ] } },
{ "type": "Feature", "properties": { "Type": "Bike Lane", "Category": "Delineated", "Status": "Existing", "RoadName": "East Campus Road", "Protected": "No" }, "geometry": { "type": "LineString", "coordinates": [ [ -83.371371425748364, 33.951409670168104, 0.000130833344883 ], [ -83.371380142594276, 33.951458618212001, 0.000130833344883 ], [ -83.371390872181479, 33.951500891222246, 0.000130833344883 ], [ -83.3714083064432, 33.951556514196085, 0.000130833344883 ], [ -83.371434457517481, 33.95163271830377, 0.000130833344883 ], [ -83.37146262128627, 33.951712258688644, 0.000130833344883 ], [ -83.371505536062614, 33.951831291375697, 0.000130833344883 ], [ -83.371600084153471, 33.952108292518091, 0.000130833344883 ], [ -83.371607459954959, 33.952147784962307, 0.000130833344883 ], [ -83.371613494866921, 33.95224734926785, 0.000130833344883 ], [ -83.371613494911244, 33.952423116213808, 0.000130833344883 ], [ -83.371600083457892, 33.952638930151629, 0.000130833344883 ], [ -83.371584947902477, 33.952921456414927, 0.000130833344883 ] ] } },
{ "type": "Feature", "properties": { "Type": "Bike Lane", "Category": "Delineated", "Status": "Existing", "RoadName": "East Campus Road", "Protected": "No" }, "geometry": { "type": "LineString", "coordinates": [ [ -83.371669971267693, 33.950315942536015, 0.000130833344883 ], [ -83.37175781269201, 33.950144065175095, 0.000130833344883 ], [ -83.371833585505087, 33.949987205239132, 0.000130833344883 ], [ -83.371872477798249, 33.949897094809309, 0.000130833344883 ], [ -83.371903323087878, 33.949816996025419, 0.000130833344883 ], [ -83.371932826955529, 33.949729665887304, 0.000130833344883 ], [ -83.371962331053751, 33.949622867581084, 0.000130833344883 ], [ -83.37198580057418, 33.94952385616179, 0.000130833344883 ], [ -83.37200122326972, 33.94943763872984, 0.000130833344883 ], [ -83.37201664584849, 33.949338626745373, 0.000130833344883 ], [ -83.372025363755228, 33.949246290170542, 0.000130833344883 ], [ -83.372029386378728, 33.94915896050167, 0.000130833344883 ], [ -83.372024022193884, 33.949039923316349, 0.000130833344883 ], [ -83.372015304634147, 33.948924223828612, 0.000130833344883 ], [ -83.371991835744353, 33.94879517474935, 0.000130833344883 ], [ -83.371952273570614, 33.948633862740301, 0.000130833344883 ], [ -83.37192880400022, 33.948548200246655, 0.000130833344883 ], [ -83.371862418926924, 33.948274688112654, 0.000130833344883 ], [ -83.371828891281069, 33.948107256212523, 0.000130833344883 ], [ -83.371787987634349, 33.947947055258851, 0.000130833344883 ], [ -83.371740379226466, 33.947772391765973, 0.000130833344883 ], [ -83.371578775280639, 33.947183872542361, 0.000130833344883 ], [ -83.371374257267632, 33.946443489548813, 0.000130833344883 ], [ -83.371279710153971, 33.946101386474616, 0.000130833344883 ], [ -83.371238135276585, 33.945945632147144, 0.000130833344883 ] ] } },
{ "type": "Feature", "properties": { "Type": "Bike Lane", "Category": "Delineated", "Status": "Existing", "RoadName": "East Campus Road", "Protected": "No" }, "geometry": { "type": "LineString", "coordinates": [ [ -83.371239477037463, 33.94558183313665, 0.000130833344883 ], [ -83.371241488138651, 33.945602415152202, 0.000130833344883 ], [ -83.371296472990736, 33.945817134880272, 0.000130833344883 ], [ -83.371368892877271, 33.946083586312611, 0.000130833344883 ], [ -83.371423207655496, 33.946280504131515, 0.000130833344883 ], [ -83.371545918448788, 33.946726626749687, 0.000130833344883 ], [ -83.371677346510182, 33.94720000397308, 0.000130833344883 ], [ -83.371802069402193, 33.947660028374507, 0.000130833344883 ], [ -83.371940202917173, 33.948160099747305, 0.000130833344883 ], [ -83.3720434678782, 33.948534456313972, 0.000130833344883 ], [ -83.372068278784056, 33.948634581833225, 0.000130833344883 ], [ -83.372087725109708, 33.948735262363741, 0.000130833344883 ], [ -83.372099795211952, 33.948810355768487, 0.000130833344883 ], [ -83.37210918233022, 33.948900467771203, 0.000130833344883 ], [ -83.372114546652469, 33.948994473946712, 0.000130833344883 ], [ -83.372118570225524, 33.949075129649017, 0.000130833344883 ], [ -83.372121252179269, 33.949163016506795, 0.000130833344883 ], [ -83.372117899650192, 33.949273709053379, 0.000130833344883 ], [ -83.372101806437925, 33.949387739115991, 0.000130833344883 ], [ -83.372077666059425, 33.94951623112312, 0.000130833344883 ], [ -83.372060232595601, 33.949605786816726, 0.000130833344883 ], [ -83.372021339558202, 33.949748740746131, 0.000130833344883 ], [ -83.371975741995115, 33.949878901007857, 0.000130833344883 ], [ -83.371847667002271, 33.950152571302269, 0.000130833344883 ], [ -83.371702156863265, 33.950444039952991, 0.000130833344883 ] ] } },
{ "type": "Feature", "properties": { "Type": "Bike Lane", "Category": "Delineated", "Status": "Existing", "RoadName": "East Campus Road", "Protected": "No" }, "geometry": { "type": "LineString", "coordinates": [ [ -83.370684259664102, 33.94372943874027, 0.000130833344883 ], [ -83.370674871468694, 33.943637096013624, 0.000130833344883 ], [ -83.370669507334853, 33.943520832895288, 0.000130833344883 ], [ -83.370666825248676, 33.943407907696745, 0.000130833344883 ], [ -83.370668836351186, 33.943319458734614, 0.000130833344883 ], [ -83.37067487178912, 33.943202639100171, 0.000130833344883 ], [ -83.370682917981313, 33.943100838640234, 0.000130833344883 ], [ -83.370692976398402, 33.943004601417712, 0.000130833344883 ], [ -83.370707058226358, 33.942903913777421, 0.000130833344883 ], [ -83.370727845647565, 33.942784311610559, 0.000130833344883 ], [ -83.370757349539858, 33.942650802758884, 0.000130833344883 ], [ -83.370792889068341, 33.942513400149295, 0.000130833344883 ], [ -83.370817699910518, 33.942428843793401, 0.000130833344883 ], [ -83.37086530844276, 33.942280870413782, 0.000130833344883 ], [ -83.37090554151581, 33.942161824860335, 0.000130833344883 ], [ -83.37092230559179, 33.942130672146646, 0.000130833344883 ] ] } },
{ "type": "Feature", "properties": { "Type": "Bike Lane", "Category": "Delineated", "Status": "Existing", "RoadName": "East Campus Road", "Protected": "No" }, "geometry": { "type": "LineString", "coordinates": [ [ -83.371024229252001, 33.942130115537708, 0.000130833344883 ], [ -83.370998748018167, 33.942186301566743, 0.000130833344883 ], [ -83.370963209106549, 33.942277532571943, 0.000130833344883 ], [ -83.370933034277797, 33.942365427164845, 0.000130833344883 ], [ -83.370900847396967, 33.942463889884124, 0.000130833344883 ], [ -83.370879390642941, 33.942536764308656, 0.000130833344883 ], [ -83.370843850628674, 33.942683067504547, 0.000130833344883 ], [ -83.370819711286813, 33.942782643396129, 0.000130833344883 ], [ -83.370802946970471, 33.942873317707637, 0.000130833344883 ], [ -83.370782830322995, 33.943024071686473, 0.000130833344883 ], [ -83.37076740821594, 33.943179274733239, 0.000130833344883 ], [ -83.370760702725192, 33.943323352523898, 0.000130833344883 ], [ -83.370759361336411, 33.943419589302366, 0.000130833344883 ], [ -83.370760038798494, 33.943500224377793, 0.000130833344883 ], [ -83.370766073364777, 33.943633732159718, 0.000130833344883 ], [ -83.370767415271473, 33.943723292827102, 0.000130833344883 ] ] } },
{ "type": "Feature", "properties": { "Type": "Bike Lane", "Category": "Delineated", "Status": "Existing", "RoadName": "South Jackson Street", "Protected": null }, "geometry": { "type": "LineString", "coordinates": [ [ -83.372837408170668, 33.954003299437943, 0.000130833344883 ], [ -83.372838078814127, 33.954052245965734, 0.000130833344883 ], [ -83.37284143201461, 33.95410230523138, 0.000130833344883 ], [ -83.372847466665249, 33.95418295578893, 0.000130833344883 ], [ -83.372852831293869, 33.95423579682425, 0.000130833344883 ], [ -83.372860207542558, 33.954281961895873, 0.000130833344883 ], [ -83.372875305586746, 33.954350365925571, 0.000130833344883 ], [ -83.372886034688506, 33.954391525321221, 0.000130833344883 ], [ -83.372987958550908, 33.954701890457549, 0.000130833344883 ], [ -83.373061718826634, 33.954917699441083, 0.000130833344883 ], [ -83.373260872530039, 33.955500603268284, 0.000130833344883 ], [ -83.373339191133653, 33.955728666179375, 0.000130833344883 ], [ -83.373399539979033, 33.955907206716169, 0.000130833344883 ], [ -83.373453184264562, 33.95605905015816, 0.000130833344883 ], [ -83.373508840210491, 33.956228134216538, 0.000130833344883 ], [ -83.373562484273791, 33.956347161346734, 0.000130833344883 ], [ -83.373602047246351, 33.956430591110632, 0.000130833344883 ], [ -83.373636915913735, 33.956495109413005, 0.000130833344883 ], [ -83.373693242474786, 33.956592444259002, 0.000130833344883 ], [ -83.373795166605433, 33.95677821363816, 0.000130833344883 ] ] } },
{ "type": "Feature", "properties": { "Type": "Bike Lane", "Category": "Delineated", "Status": "Existing", "RoadName": "South Jackson Street", "Protected": null }, "geometry": { "type": "LineString", "coordinates": [ [ -83.374154513020997, 33.957395684335545, 0.000130833344883 ], [ -83.374098186321021, 33.957204910200915, 0.000130833344883 ], [ -83.374064658959099, 33.957114807090868, 0.000130833344883 ], [ -83.37402107307031, 33.957023035259922, 0.000130833344883 ], [ -83.373984192957167, 33.956954623649168, 0.000130833344883 ], [ -83.373929207680774, 33.956850614953467, 0.000130833344883 ], [ -83.373886291714584, 33.956761068016306, 0.000130833344883 ], [ -83.373824601224527, 33.95662924876077, 0.000130833344883 ], [ -83.373732064749106, 33.956427905317533, 0.000130833344883 ], [ -83.373626788519317, 33.956184846764572, 0.000130833344883 ], [ -83.37358253235341, 33.956089736354812, 0.000130833344883 ], [ -83.373553027149882, 33.956030223087581, 0.000130833344883 ], [ -83.3735221822933, 33.955970153912517, 0.000130833344883 ], [ -83.373485972964275, 33.95588283010207, 0.000130833344883 ], [ -83.373450432793703, 33.955784382203483, 0.000130833344883 ], [ -83.373312970602598, 33.955385584469866, 0.000130833344883 ], [ -83.373056148591132, 33.954632479926467, 0.000130833344883 ], [ -83.37299982188614, 33.954468954153647, 0.000130833344883 ], [ -83.372976352566909, 33.954392196977345, 0.000130833344883 ], [ -83.372954895856282, 33.954310990778232, 0.000130833344883 ], [ -83.372942825693144, 33.954246469617893, 0.000130833344883 ], [ -83.372932767540547, 33.954166375551068, 0.000130833344883 ], [ -83.372923379038667, 33.954029546601035, 0.000130833344883 ] ] } },
{ "type": "Feature", "properties": { "Type": "Bike Lane", "Category": "Buffered", "Status": "Existing", "RoadName": "Sanford Drive", "Protected": null }, "geometry": { "type": "LineString", "coordinates": [ [ -83.374642674746738, 33.952726328326115, 0.000130833344883 ], [ -83.374641333898722, 33.952657356643201, 0.000130833344883 ], [ -83.374634628332615, 33.952551674428982, 0.000130833344883 ], [ -83.374628593267786, 33.952508845864124, 0.000130833344883 ], [ -83.37460847724131, 33.952449329219455, 0.000130833344883 ], [ -83.374578302351409, 33.95232751610034, 0.000130833344883 ], [ -83.374535386244872, 33.952180116640868, 0.000130833344883 ], [ -83.3744475438357, 33.951931483568416, 0.000130833344883 ], [ -83.374432121172745, 33.951885872656227, 0.000130833344883 ], [ -83.374422734226428, 33.951769065502361, 0.000130833344883 ], [ -83.374411750442846, 33.951742498712683, 0.000130833344883 ] ] } },
{ "type": "Feature", "properties": { "Type": "Bike Lane", "Category": "Delineated", "Status": "Existing", "RoadName": "Sanford Drive", "Protected": null }, "geometry": { "type": "LineString", "coordinates": [ [ -83.374331284957179, 33.951765860473571, 0.000130833344883 ], [ -83.374350060383534, 33.951809246202203, 0.000130833344883 ], [ -83.374437902059086, 33.952050093160004, 0.000130833344883 ], [ -83.374490876047759, 33.952206392118931, 0.000130833344883 ], [ -83.374542508265392, 33.95238772153531, 0.000130833344883 ], [ -83.374555249015643, 33.952445012476311, 0.000130833344883 ], [ -83.374562624775265, 33.952497853778326, 0.000130833344883 ], [ -83.374569330653927, 33.952547913854112, 0.000130833344883 ], [ -83.374573353467838, 33.952616885666195, 0.000130833344883 ], [ -83.37457737763782, 33.952726461750039, 0.000130833344883 ] ] } },
{ "type": "Feature", "properties": { "Type": "Bike Lane", "Category": "Delineated", "Status": "Existing", "RoadName": "Barnett Shoals Road", "Protected": "No" }, "geometry": { "type": "LineString", "coordinates": [ [ -83.353982215427322, 33.946188558363964, 0.000130833344883 ], [ -83.35396947494003, 33.946164082507934, 0.000130833344883 ], [ -83.35395338124259, 33.946116800308346, 0.000130833344883 ], [ -83.353907113251367, 33.945963826879293, 0.000130833344883 ], [ -83.35386755038239, 33.945825316908767, 0.000130833344883 ], [ -83.353822624256523, 33.945672899571008, 0.000130833344883 ], [ -83.353804519007141, 33.945592796829594, 0.000130833344883 ], [ -83.353789766909543, 33.945510468549436, 0.000130833344883 ], [ -83.353779708653292, 33.945422578666758, 0.000130833344883 ], [ -83.353775014862364, 33.945343587785132, 0.000130833344883 ], [ -83.353769650464059, 33.945255141053593, 0.000130833344883 ], [ -83.353768979563853, 33.945189500504995, 0.000130833344883 ], [ -83.353781720541377, 33.944988130432641, 0.000130833344883 ], [ -83.353798483892461, 33.944753382812813, 0.000130833344883 ], [ -83.353802506987861, 33.944683292325003, 0.000130833344883 ], [ -83.353803848054795, 33.944607083033098, 0.000130833344883 ], [ -83.353802507471272, 33.944526422890526, 0.000130833344883 ], [ -83.353798484154495, 33.944441312791504, 0.000130833344883 ], [ -83.353785743018264, 33.944332838893366, 0.000130833344883 ], [ -83.353763615441864, 33.944205451559355, 0.000130833344883 ], [ -83.3537441688825, 33.94411922802265, 0.000130833344883 ], [ -83.353722711559556, 33.944039123854679, 0.000130833344883 ], [ -83.353697230265027, 33.943955126167673, 0.000130833344883 ], [ -83.353673090442896, 33.943886147090716, 0.000130833344883 ], [ -83.353638892350787, 33.943797698352448, 0.000130833344883 ], [ -83.353610058993922, 33.943729832389934, 0.000130833344883 ], [ -83.353571166447864, 33.943648058693412, 0.000130833344883 ], [ -83.353522216182157, 33.943554047918873, 0.000130833344883 ], [ -83.353472595301682, 33.943475055074927, 0.000130833344883 ], [ -83.353213762413375, 33.943066186486902, 0.000130833344883 ], [ -83.353116532103471, 33.942914877509992, 0.000130833344883 ], [ -83.353028019679044, 33.942776918291649, 0.000130833344883 ], [ -83.352959623655153, 33.942667885318421, 0.000130833344883 ], [ -83.352842276547193, 33.942484866585403, 0.000130833344883 ], [ -83.352749070587294, 33.942338562526977, 0.000130833344883 ], [ -83.352680673837568, 33.942227860538956, 0.000130833344883 ], [ -83.352568020995378, 33.942052072719086, 0.000130833344883 ], [ -83.352438604710684, 33.941850138557925, 0.000130833344883 ], [ -83.352366185168123, 33.941742217355674, 0.000130833344883 ], [ -83.352297788520673, 33.941632627721638, 0.000130833344883 ], [ -83.35223207408383, 33.941530269457836, 0.000130833344883 ], [ -83.352105340501751, 33.941331116079077, 0.000130833344883 ], [ -83.352012133363374, 33.941182584507402, 0.000130833344883 ], [ -83.351973911610102, 33.941120835562323, 0.000130833344883 ], [ -83.351883387117354, 33.940969522189839, 0.000130833344883 ], [ -83.351800238608945, 33.940814314892528, 0.000130833344883 ], [ -83.351711726595795, 33.940628510651045, 0.000130833344883 ], [ -83.351638636145609, 33.940458837902639, 0.000130833344883 ], [ -83.35162120179767, 33.940408771387887, 0.000130833344883 ], [ -83.351559510766606, 33.940231866622717, 0.000130833344883 ], [ -83.351527995228054, 33.940135070032206, 0.000130833344883 ], [ -83.35149849105305, 33.940034378333358, 0.000130833344883 ], [ -83.351473009470411, 33.93993702482193, 0.000130833344883 ], [ -83.351426742123593, 33.939752887625673, 0.000130833344883 ], [ -83.351379803484377, 33.939581545014633, 0.000130833344883 ], [ -83.351334205315084, 33.939404639398461, 0.000130833344883 ], [ -83.351247703912534, 33.939066402710019, 0.000130833344883 ], [ -83.35120076519371, 33.938885045092036, 0.000130833344883 ], [ -83.351142427684991, 33.93866418877289, 0.000130833344883 ], [ -83.351095489401558, 33.938482830207988, 0.000130833344883 ], [ -83.351051232381295, 33.9383103719057, 0.000130833344883 ], [ -83.35100228257933, 33.938106204023953, 0.000130833344883 ], [ -83.350981495608224, 33.938002728100003, 0.000130833344883 ], [ -83.350960708469472, 33.937898140502455, 0.000130833344883 ], [ -83.350947967842743, 33.937809129889125, 0.000130833344883 ], [ -83.350931874483607, 33.937687851483432, 0.000130833344883 ], [ -83.350915110982015, 33.937528187696273, 0.000130833344883 ], [ -83.350903711536361, 33.937396895702179, 0.000130833344883 ], [ -83.350894323057545, 33.93726004065789, 0.000130833344883 ], [ -83.350883594937997, 33.937079234750151, 0.000130833344883 ], [ -83.350870183432662, 33.936882295930062, 0.000130833344883 ], [ -83.350856101830999, 33.936699821475592, 0.000130833344883 ], [ -83.350844032442552, 33.936477289813425, 0.000130833344883 ], [ -83.350830621518767, 33.936323742991007, 0.000130833344883 ], [ -83.350818551282572, 33.93614905630816, 0.000130833344883 ], [ -83.350799775126916, 33.935971029849817, 0.000130833344883 ], [ -83.350784353239234, 33.935821932586656, 0.000130833344883 ], [ -83.350772283069304, 33.935723462317711, 0.000130833344883 ], [ -83.350752166116493, 33.935547103925501, 0.000130833344883 ], [ -83.350735403017012, 33.935433055425662, 0.000130833344883 ], [ -83.350715956758521, 33.935327352346796, 0.000130833344883 ], [ -83.350697851672152, 33.935244457716635, 0.000130833344883 ], [ -83.350679746782859, 33.935174359439401, 0.000130833344883 ], [ -83.3506495724112, 33.935067543002511, 0.000130833344883 ], [ -83.350620068136578, 33.934975190798774, 0.000130833344883 ], [ -83.350580505077801, 33.934862810575943, 0.000130833344883 ], [ -83.350538930819383, 33.934753768241471, 0.000130833344883 ], [ -83.350485287109905, 33.934613014282114, 0.000130833344883 ], [ -83.35037531659448, 33.934325385594484, 0.000130833344883 ], [ -83.350303567703051, 33.934137341800614, 0.000130833344883 ], [ -83.350271380720613, 33.934052220552758, 0.000130833344883 ], [ -83.350156045427639, 33.933757914023396, 0.000130833344883 ], [ -83.350100389603497, 33.933614933121717, 0.000130833344883 ], [ -83.350049428388317, 33.933503107338737, 0.000130833344883 ], [ -83.350023275953149, 33.933458599685636, 0.000130833344883 ], [ -83.350003160140119, 33.933419655245459, 0.000130833344883 ], [ -83.349969632094172, 33.933363464460584, 0.000130833344883 ], [ -83.349931410625729, 33.933306159716722, 0.000130833344883 ], [ -83.349895201048497, 33.933254975720992, 0.000130833344883 ], [ -83.349848261976831, 33.93319377773129, 0.000130833344883 ], [ -83.349812052564417, 33.933149270033645, 0.000130833344883 ], [ -83.349769807409771, 33.933103648479936, 0.000130833344883 ], [ -83.349742315490474, 33.933074162393901, 0.000130833344883 ], [ -83.349677271256212, 33.933008512945392, 0.000130833344883 ], [ -83.34960954557981, 33.932948427452772, 0.000130833344883 ], [ -83.349538467186576, 33.932890010166588, 0.000130833344883 ], [ -83.349454648895247, 33.932829367894939, 0.000130833344883 ], [ -83.34935674814605, 33.932764830959677, 0.000130833344883 ], [ -83.34927024685345, 33.932712533962615, 0.000130833344883 ], [ -83.349132113211411, 33.932639095166614, 0.000130833344883 ], [ -83.348774037693758, 33.932457724110925, 0.000130833344883 ], [ -83.348373718470043, 33.932257436188863, 0.000130833344883 ], [ -83.348003573545242, 33.93207272522811, 0.000130833344883 ], [ -83.347758151594334, 33.931949214524394, 0.000130833344883 ], [ -83.347439639078232, 33.931788426517542, 0.000130833344883 ], [ -83.347184829588045, 33.931660464150113, 0.000130833344883 ], [ -83.346935383888123, 33.9315347269455, 0.000130833344883 ], [ -83.346746289017531, 33.931437919438736, 0.000130833344883 ], [ -83.346378826333975, 33.931255433102642, 0.000130833344883 ], [ -83.346130051529755, 33.931130251425323, 0.000130833344883 ], [ -83.345861830792145, 33.930995055421029, 0.000130833344883 ], [ -83.345790751954084, 33.930960004460992, 0.000130833344883 ], [ -83.345530577321881, 33.930833153362173, 0.000130833344883 ], [ -83.345401831774723, 33.93077640386263, 0.000130833344883 ], [ -83.345287838441081, 33.93072744325503, 0.000130833344883 ], [ -83.345148363635133, 33.930671250332679, 0.000130833344883 ], [ -83.344888858993556, 33.930579450113022, 0.000130833344883 ], [ -83.344695070370577, 33.930514355162586, 0.000130833344883 ], [ -83.344489881024941, 33.930442027814571, 0.000130833344883 ], [ -83.344320231513066, 33.930378045541438, 0.000130833344883 ], [ -83.344209590235977, 33.930329640975017, 0.000130833344883 ], [ -83.344114371964338, 33.93028290631382, 0.000130833344883 ], [ -83.344012448071894, 33.930228382066623, 0.000130833344883 ], [ -83.343887725352332, 33.930156053942085, 0.000130833344883 ], [ -83.343797200618695, 33.930099303911277, 0.000130833344883 ], [ -83.343687900760926, 33.930025307014986, 0.000130833344883 ], [ -83.343587318470455, 33.929947414794633, 0.000130833344883 ], [ -83.34350685194309, 33.92987898127943, 0.000130833344883 ], [ -83.343412974961993, 33.929791074632192, 0.000130833344883 ], [ -83.343242653892034, 33.929616373966581, 0.000130833344883 ], [ -83.343099155810776, 33.929449461944252, 0.000130833344883 ], [ -83.34293889411228, 33.929254174369305, 0.000130833344883 ], [ -83.342762539481981, 33.929040526088521, 0.000130833344883 ], [ -83.342279071010338, 33.928451877359336, 0.000130833344883 ], [ -83.341866681807588, 33.927954471083723, 0.000130833344883 ], [ -83.34159846105733, 33.927630099189706, 0.000130833344883 ], [ -83.341487819297726, 33.927493783828126, 0.000130833344883 ], [ -83.341359073193175, 33.927340221201426, 0.000130833344883 ], [ -83.341226304737773, 33.927180537585812, 0.000130833344883 ], [ -83.341127063090127, 33.927063139883195, 0.000130833344883 ], [ -83.341006363244503, 33.926928493132557, 0.000130833344883 ], [ -83.340908462874253, 33.926819996694348, 0.000130833344883 ], [ -83.340644264817712, 33.926523439609248, 0.000130833344883 ], [ -83.340486014423178, 33.926352070871523, 0.000130833344883 ], [ -83.340085695348861, 33.925909736106192, 0.000130833344883 ], [ -83.340078319682689, 33.925900833819426, 0.000130833344883 ] ] } },
{ "type": "Feature", "properties": { "Type": "Bike Lane", "Category": "Delineated", "Status": "Existing", "RoadName": "Barnett Shoals Road", "Protected": "No" }, "geometry": { "type": "LineString", "coordinates": [ [ -83.353585950219198, 33.944957334704021, 0.000130833344883 ], [ -83.353600031426936, 33.944783777788736, 0.000130833344883 ], [ -83.353604055294994, 33.944706455619936, 0.000130833344883 ], [ -83.35360606738702, 33.944615782866961, 0.000130833344883 ], [ -83.353599361593609, 33.944461138457449, 0.000130833344883 ], [ -83.353589302580389, 33.944363233623221, 0.000130833344883 ], [ -83.353571869156525, 33.944255871936043, 0.000130833344883 ], [ -83.353534988664293, 33.944093994873676, 0.000130833344883 ], [ -83.353504142754019, 33.943988858978685, 0.000130833344883 ], [ -83.353443122834705, 33.943828649969703, 0.000130833344883 ], [ -83.353368691427931, 33.943669554155562, 0.000130833344883 ], [ -83.35327950839087, 33.943517132713652, 0.000130833344883 ], [ -83.353153444707985, 33.943324102183603, 0.000130833344883 ], [ -83.352945573529368, 33.942996450991266, 0.000130833344883 ], [ -83.35284834332387, 33.942842915767187, 0.000130833344883 ], [ -83.352642483146298, 33.942519712297567, 0.000130833344883 ], [ -83.352539218568921, 33.942359501184946, 0.000130833344883 ], [ -83.352366216194284, 33.942085806548647, 0.000130833344883 ], [ -83.352268315860513, 33.941935607740881, 0.000130833344883 ], [ -83.35218449647229, 33.941809329373747, 0.000130833344883 ], [ -83.35205239824927, 33.941599606215185, 0.000130833344883 ], [ -83.351940415181332, 33.941424929411298, 0.000130833344883 ], [ -83.351864643073284, 33.941305325394673, 0.000130833344883 ], [ -83.351768754721263, 33.941151231084696, 0.000130833344883 ], [ -83.351684265300108, 33.941003812737435, 0.000130833344883 ], [ -83.35162793862672, 33.940897002907434, 0.000130833344883 ], [ -83.351579658641171, 33.940798537396702, 0.000130833344883 ], [ -83.351521320441279, 33.94067615175932, 0.000130833344883 ], [ -83.351448230874709, 33.940503698387147, 0.000130833344883 ], [ -83.351403303189812, 33.940380199662201, 0.000130833344883 ], [ -83.351334236875601, 33.940166578958916, 0.000130833344883 ], [ -83.351286627986511, 33.939991898685783, 0.000130833344883 ], [ -83.351228289178536, 33.93977494002759, 0.000130833344883 ], [ -83.351167269283991, 33.939541846654301, 0.000130833344883 ], [ -83.351123013231984, 33.939366609689934, 0.000130833344883 ], [ -83.351074733536365, 33.93918080189033, 0.000130833344883 ], [ -83.351034500235755, 33.93903171076289, 0.000130833344883 ], [ -83.351002313031472, 33.938906540869105, 0.000130833344883 ], [ -83.350959398347854, 33.938739647071081, 0.000130833344883 ], [ -83.350921177034408, 33.938588329665691, 0.000130833344883 ], [ -83.3508782612749, 33.938419766070972, 0.000130833344883 ], [ -83.350824616891259, 33.938213928819074, 0.000130833344883 ], [ -83.350797124919637, 33.938088757515303, 0.000130833344883 ], [ -83.350774996299592, 33.937988064008287, 0.000130833344883 ], [ -83.350754209679863, 33.937861223192712, 0.000130833344883 ], [ -83.350736104539394, 33.937745508704538, 0.000130833344883 ], [ -83.350722022369951, 33.937606428968252, 0.000130833344883 ], [ -83.350708612091566, 33.937432299632157, 0.000130833344883 ], [ -83.350694530053445, 33.937210327158567, 0.000130833344883 ], [ -83.350682459760193, 33.937064013712387, 0.000130833344883 ], [ -83.350667708638923, 33.936838146402792, 0.000130833344883 ], [ -83.350655638268208, 33.936619509619071, 0.000130833344883 ], [ -83.350640886373398, 33.936388633920345, 0.000130833344883 ], [ -83.350624122808199, 33.936176672085196, 0.000130833344883 ], [ -83.350606017733938, 33.93598696356058, 0.000130833344883 ], [ -83.350593276653612, 33.935874028131394, 0.000130833344883 ], [ -83.350573160491081, 33.935712134930412, 0.000130833344883 ], [ -83.3505463387459, 33.935518530513541, 0.000130833344883 ], [ -83.350526221674286, 33.93538667937726, 0.000130833344883 ], [ -83.350505434715544, 33.935282644348518, 0.000130833344883 ], [ -83.350485988974924, 33.935208095893401, 0.000130833344883 ], [ -83.350441731910195, 33.935055659052395, 0.000130833344883 ], [ -83.350380711509672, 33.934886532506439, 0.000130833344883 ], [ -83.350311644798964, 33.934705165702155, 0.000130833344883 ], [ -83.350201003523736, 33.934414200119626, 0.000130833344883 ], [ -83.350144007534425, 33.934261761632548, 0.000130833344883 ], [ -83.350056835076799, 33.934032548603113, 0.000130833344883 ], [ -83.349995144720694, 33.933871208101202, 0.000130833344883 ], [ -83.349927419171721, 33.933698741504152, 0.000130833344883 ], [ -83.349876457151893, 33.933587471932114, 0.000130833344883 ], [ -83.349826165716664, 33.933494005201048, 0.000130833344883 ], [ -83.349771180679625, 33.933404433761453, 0.000130833344883 ], [ -83.349682667395115, 33.933287043770797, 0.000130833344883 ], [ -83.349620305481352, 33.933214718639569, 0.000130833344883 ], [ -83.349594154921149, 33.933185788691027, 0.000130833344883 ], [ -83.349518382226918, 33.933109567974221, 0.000130833344883 ], [ -83.349431210361345, 33.933034460757888, 0.000130833344883 ], [ -83.349380248314304, 33.932994403570447, 0.000130833344883 ], [ -83.349301122773596, 33.932937099399837, 0.000130833344883 ], [ -83.349224009410221, 33.932887583904972, 0.000130833344883 ], [ -83.349161648541056, 33.932850309011798, 0.000130833344883 ], [ -83.349071794643166, 33.93280079358172, 0.000130833344883 ], [ -83.348945730464791, 33.932736813126276, 0.000130833344883 ], [ -83.348596372952372, 33.932562118073115, 0.000130833344883 ], [ -83.348173254256636, 33.93235070288754, 0.000130833344883 ], [ -83.347968736659809, 33.932248890038601, 0.000130833344883 ], [ -83.347723984792339, 33.932124822929012, 0.000130833344883 ], [ -83.34754561766799, 33.93203636194162, 0.000130833344883 ], [ -83.347294831122881, 33.931909512084175, 0.000130833344883 ], [ -83.34677515349172, 33.931645797979954, 0.000130833344883 ], [ -83.346410373231279, 33.931462198995838, 0.000130833344883 ], [ -83.346160257576344, 33.931336461177146, 0.000130833344883 ], [ -83.345779384221245, 33.931143403541448, 0.000130833344883 ], [ -83.345592970040698, 33.931049934528808, 0.000130833344883 ], [ -83.345373029404172, 33.930948676322821, 0.000130833344883 ], [ -83.34518460376708, 33.930869116632174, 0.000130833344883 ], [ -83.345046806018374, 33.930814314225685, 0.000130833344883 ], [ -83.344788643283891, 33.930721957447382, 0.000130833344883 ], [ -83.344634416058156, 33.930670215832656, 0.000130833344883 ], [ -83.344476836850845, 33.930616248142279, 0.000130833344883 ], [ -83.344397040790582, 33.930588429384606, 0.000130833344883 ], [ -83.344321938928118, 33.930560054986742, 0.000130833344883 ], [ -83.344215992216789, 33.930517214874932, 0.000130833344883 ], [ -83.344058411618349, 33.930444887436764, 0.000130833344883 ], [ -83.343897479306079, 33.930361431538664, 0.000130833344883 ], [ -83.343808966713254, 33.930310246090151, 0.000130833344883 ], [ -83.343714419413061, 33.930254052450238, 0.000130833344883 ], [ -83.34360914244732, 33.930185062789569, 0.000130833344883 ], [ -83.343379142751132, 33.930002573908268, 0.000130833344883 ], [ -83.34328325430684, 33.929918004948497, 0.000130833344883 ], [ -83.343198764386486, 33.929837331305663, 0.000130833344883 ], [ -83.343094158199605, 33.929726057218396, 0.000130833344883 ], [ -83.343047220122529, 33.929672089268948, 0.000130833344883 ], [ -83.342933225719321, 33.92953410827338, 0.000130833344883 ], [ -83.342769611082801, 33.929336595452369, 0.000130833344883 ], [ -83.342609349412186, 33.92914297720948, 0.000130833344883 ], [ -83.342428299913479, 33.928920982513105, 0.000130833344883 ], [ -83.342349175294402, 33.928826398309511, 0.000130833344883 ], [ -83.342235180965417, 33.928688416667868, 0.000130833344883 ], [ -83.342121857596425, 33.928550434003981, 0.000130833344883 ], [ -83.341995794412071, 33.928397429166722, 0.000130833344883 ], [ -83.341919351143233, 33.928305626939093, 0.000130833344883 ], [ -83.341591451490245, 33.927908368751936, 0.000130833344883 ], [ -83.34145935226492, 33.927748129984074, 0.000130833344883 ], [ -83.341369498492512, 33.927640748115799, 0.000130833344883 ], [ -83.341191802122196, 33.927423757197403, 0.000130833344883 ], [ -83.341048303973096, 33.927254614943514, 0.000130833344883 ], [ -83.340875971857471, 33.927056540770032, 0.000130833344883 ], [ -83.340674806157367, 33.92682953365717, 0.000130833344883 ], [ -83.340473640767897, 33.926607532783969, 0.000130833344883 ], [ -83.340305332244057, 33.926422254121071, 0.000130833344883 ], [ -83.340187985679322, 33.92629428285818, 0.000130833344883 ], [ -83.339972068284027, 33.926055589171526, 0.000130833344883 ], [ -83.339878190489259, 33.92594931791718, 0.000130833344883 ], [ -83.339754809748243, 33.925814669976482, 0.000130833344883 ], [ -83.339620698730144, 33.925669449851299, 0.000130833344883 ], [ -83.339601922961521, 33.925649419198187, 0.000130833344883 ] ] } },
{ "type": "Feature", "properties": { "Type": "Bike Lane", "Category": "Delineated", "Status": "Existing", "RoadName": "Cedar Shoals Drive", "Protected": "No" }, "geometry": { "type": "LineString", "coordinates": [ [ -83.336919552830992, 33.927547949587179, 0.000130833344883 ], [ -83.336154453203378, 33.927016042278595, 0.000130833344883 ], [ -83.335006467957967, 33.92621650629895, 0.000130833344883 ], [ -83.334509589321996, 33.925868758696502, 0.000130833344883 ], [ -83.334225274962705, 33.925674018975933, 0.000130833344883 ], [ -83.333859153044315, 33.925424195926091, 0.000130833344883 ], [ -83.333710291077921, 33.925324044155481, 0.000130833344883 ], [ -83.333507784160886, 33.925193289728227, 0.000130833344883 ], [ -83.333341487468758, 33.925090355336145, 0.000130833344883 ], [ -83.333078631116521, 33.92492899824277, 0.000130833344883 ], [ -83.332729272961345, 33.924727579333926, 0.000130833344883 ], [ -83.332332306507851, 33.924511138165471, 0.000130833344883 ], [ -83.33154172591243, 33.924078808495537, 0.000130833344883 ], [ -83.33032668539748, 33.923425025943111, 0.000130833344883 ], [ -83.329795608638321, 33.923132908120664, 0.000130833344883 ], [ -83.329432168667523, 33.922938162424941, 0.000130833344883 ], [ -83.32828485425533, 33.922314973281317, 0.000130833344883 ], [ -83.327402407672153, 33.921840901521144, 0.000130833344883 ], [ -83.326454917545277, 33.921325094734421, 0.000130833344883 ], [ -83.326121653412002, 33.921143143218046, 0.000130833344883 ], [ -83.325960721441405, 33.921051332390668, 0.000130833344883 ], [ -83.3258138695914, 33.920961190778648, 0.000130833344883 ], [ -83.325708593775758, 33.920891636857839, 0.000130833344883 ], [ -83.325647573268526, 33.920847122179723, 0.000130833344883 ], [ -83.325552689681231, 33.920773395284613, 0.000130833344883 ], [ -83.325451436632221, 33.920691600602801, 0.000130833344883 ], [ -83.325354876739681, 33.92060646593076, 0.000130833344883 ], [ -83.325283799186735, 33.920539137801846, 0.000130833344883 ], [ -83.325163769388581, 33.920414496972619, 0.000130833344883 ], [ -83.325143653627507, 33.920396690937388, 0.000130833344883 ], [ -83.32507123411267, 33.92031211319501, 0.000130833344883 ], [ -83.324991438543648, 33.920213067574451, 0.000130833344883 ], [ -83.324902925114017, 33.920097329667897, 0.000130833344883 ], [ -83.324788260781176, 33.919934849994583, 0.000130833344883 ], [ -83.324691701777226, 33.919782386313443, 0.000130833344883 ], [ -83.324516016597883, 33.91949025618009, 0.000130833344883 ], [ -83.324424150869532, 33.91933946167935, 0.000130833344883 ], [ -83.324335638337388, 33.919203689900797, 0.000130833344883 ], [ -83.324273947324727, 33.919113546485562, 0.000130833344883 ], [ -83.324200857141292, 33.919011160723251, 0.000130833344883 ], [ -83.324107650494213, 33.918893751936132, 0.000130833344883 ], [ -83.324026513532004, 33.918799712992538, 0.000130833344883 ], [ -83.323823336843432, 33.918596610313188, 0.000130833344883 ], [ -83.323674473510053, 33.918464732837457, 0.000130833344883 ], [ -83.323182959481599, 33.918060195840141, 0.000130833344883 ], [ -83.323036779003971, 33.917943897525149, 0.000130833344883 ], [ -83.3227491118068, 33.917710188416457, 0.000130833344883 ], [ -83.322480221262538, 33.917490947238726, 0.000130833344883 ], [ -83.322218705165383, 33.917280607915473, 0.000130833344883 ], [ -83.321966577608507, 33.917075275887683, 0.000130833344883 ], [ -83.321691651826484, 33.916852137280316, 0.000130833344883 ], [ -83.321448911280555, 33.916655151569167, 0.000130833344883 ], [ -83.321169961736032, 33.916427003771489, 0.000130833344883 ], [ -83.320924539664233, 33.916228904086218, 0.000130833344883 ], [ -83.320634861669134, 33.915989068848511, 0.000130833344883 ], [ -83.320402179510367, 33.915801541211096, 0.000130833344883 ], [ -83.320177545571113, 33.915618464638115, 0.000130833344883 ], [ -83.319826846091203, 33.915335223575781, 0.000130833344883 ], [ -83.319490229353661, 33.915061997756879, 0.000130833344883 ], [ -83.319240784077536, 33.914861112686559, 0.000130833344883 ], [ -83.319031571296676, 33.914691946290453, 0.000130833344883 ], [ -83.318424721828293, 33.914193903458795, 0.000130833344883 ], [ -83.317750817308664, 33.913648000361576, 0.000130833344883 ], [ -83.317540934388688, 33.913474379255504, 0.000130833344883 ], [ -83.317012539174371, 33.913047002863763, 0.000130833344883 ], [ -83.316665193188967, 33.912765423208654, 0.000130833344883 ], [ -83.31635003449918, 33.912509997424436, 0.000130833344883 ], [ -83.315874613201615, 33.912124908843253, 0.000130833344883 ], [ -83.315649977803005, 33.911942937527819, 0.000130833344883 ], [ -83.315379075004373, 33.911720898240176, 0.000130833344883 ], [ -83.315116888887502, 33.911506092630503, 0.000130833344883 ], [ -83.314667618900785, 33.911142703137529, 0.000130833344883 ], [ -83.314487910914565, 33.910996345210847, 0.000130833344883 ], [ -83.31422572493959, 33.910785989801319, 0.000130833344883 ], [ -83.313962868458219, 33.910572295091356, 0.000130833344883 ], [ -83.313926658747008, 33.9105383481307, 0.000130833344883 ], [ -83.313909224414672, 33.91051441896348, 0.000130833344883 ], [ -83.313898496134996, 33.910497167467184, 0.000130833344883 ] ] } },
{ "type": "Feature", "properties": { "Type": "Bike Lane", "Category": "Delineated", "Status": "Existing", "RoadName": "Cedar Shoals Drive", "Protected": "No" }, "geometry": { "type": "LineString", "coordinates": [ [ -83.313801266140459, 33.910667455875405, 0.000130833344883 ], [ -83.313839487785913, 33.910676915917797, 0.000130833344883 ], [ -83.313900507220509, 33.910701958308607, 0.000130833344883 ], [ -83.313941411733111, 33.910724775113827, 0.000130833344883 ], [ -83.31399438441089, 33.91076039066904, 0.000130833344883 ], [ -83.314233101235786, 33.910955720418301, 0.000130833344883 ], [ -83.314412138378785, 33.911101522294395, 0.000130833344883 ], [ -83.315132311062428, 33.91168639594094, 0.000130833344883 ], [ -83.315884670565907, 33.912298532935694, 0.000130833344883 ], [ -83.316267556245435, 33.912604599591006, 0.000130833344883 ], [ -83.316489508406136, 33.912787125581303, 0.000130833344883 ], [ -83.316631666293745, 33.912900648574428, 0.000130833344883 ], [ -83.316874405872042, 33.91309653023896, 0.000130833344883 ], [ -83.317111780681543, 33.913292411388348, 0.000130833344883 ], [ -83.317302218432758, 33.913446555369553, 0.000130833344883 ], [ -83.317881574575239, 33.913916222202708, 0.000130833344883 ], [ -83.318339562103077, 33.91428961642255, 0.000130833344883 ], [ -83.31903291328527, 33.914856104674627, 0.000130833344883 ], [ -83.319403728086456, 33.915156597762504, 0.000130833344883 ], [ -83.319905971373174, 33.915565043575612, 0.000130833344883 ], [ -83.320366641004227, 33.915939544186344, 0.000130833344883 ], [ -83.320654978309861, 33.916172144544902, 0.000130833344883 ], [ -83.321049262563051, 33.91649544833966, 0.000130833344883 ], [ -83.321308096101049, 33.916703562804472, 0.000130833344883 ], [ -83.321738589772849, 33.917055243653735, 0.000130833344883 ], [ -83.322085265922496, 33.917336252720894, 0.000130833344883 ], [ -83.322913397758214, 33.918007889672324, 0.000130833344883 ], [ -83.323377419130082, 33.918382934900364, 0.000130833344883 ], [ -83.323575232031033, 33.918547643176964, 0.000130833344883 ], [ -83.323695261551819, 33.918653367354636, 0.000130833344883 ], [ -83.323772374897416, 33.918722923177505, 0.000130833344883 ], [ -83.323869604219581, 33.91882141360211, 0.000130833344883 ], [ -83.323960129465192, 33.918922130098331, 0.000130833344883 ], [ -83.324039254653826, 33.91901839488439, 0.000130833344883 ], [ -83.324082169200594, 33.919071813259812, 0.000130833344883 ], [ -83.324123743647291, 33.919126901224153, 0.000130833344883 ], [ -83.324166659558415, 33.919187553085905, 0.000130833344883 ], [ -83.324212256673121, 33.919255438748642, 0.000130833344883 ], [ -83.324493217401823, 33.919708936597551, 0.000130833344883 ], [ -83.324644762468196, 33.919953212678081, 0.000130833344883 ], [ -83.3247299222962, 33.920082305724868, 0.000130833344883 ], [ -83.324822458844906, 33.920214180975385, 0.000130833344883 ], [ -83.324914994946241, 33.920333814280788, 0.000130833344883 ], [ -83.325010884239731, 33.920450664666575, 0.000130833344883 ], [ -83.325123537098492, 33.920565289890838, 0.000130833344883 ], [ -83.325232836546334, 33.92067045599515, 0.000130833344883 ], [ -83.325366276177363, 33.920785636857531, 0.000130833344883 ], [ -83.325505751252692, 33.920897479618866, 0.000130833344883 ], [ -83.325643214285876, 33.920997080134676, 0.000130833344883 ], [ -83.325798112582845, 33.92109501168359, 0.000130833344883 ], [ -83.325952339181597, 33.921186822927226, 0.000130833344883 ], [ -83.326124671001523, 33.921283084316194, 0.000130833344883 ], [ -83.326907205546959, 33.921707081840495, 0.000130833344883 ], [ -83.328051838010538, 33.922329161913893, 0.000130833344883 ], [ -83.328888686321704, 33.922779305147365, 0.000130833344883 ], [ -83.329270230115611, 33.922989630705594, 0.000130833344883 ], [ -83.330287458119656, 33.923541593761051, 0.000130833344883 ], [ -83.331253723634632, 33.924063507779969, 0.000130833344883 ], [ -83.332202554943265, 33.924577628054365, 0.000130833344883 ], [ -83.332730278893308, 33.924868628243395, 0.000130833344883 ], [ -83.333069578225079, 33.925067820636656, 0.000130833344883 ], [ -83.333330423350304, 33.925226951621674, 0.000130833344883 ], [ -83.333447099352483, 33.925300953460379, 0.000130833344883 ], [ -83.333665028129403, 33.925440052899056, 0.000130833344883 ], [ -83.333862171322238, 33.925574701753725, 0.000130833344883 ], [ -83.334007681097347, 33.925673740645074, 0.000130833344883 ], [ -83.334169283521007, 33.925786689795459, 0.000130833344883 ], [ -83.334381178493857, 33.925933022162866, 0.000130833344883 ], [ -83.335049719142262, 33.926393161425835, 0.000130833344883 ], [ -83.335775256357522, 33.926902816872747, 0.000130833344883 ], [ -83.336603387703107, 33.927482018197345, 0.000130833344883 ], [ -83.336964144591605, 33.92773461718582, 0.000130833344883 ] ] } },
{ "type": "Feature", "properties": { "Type": "Bike Lane", "Category": "Delineated", "Status": "Existing", "RoadName": "South Rocksprings Street", "Protected": "No" }, "geometry": { "type": "LineString", "coordinates": [ [ -83.391946914365306, 33.948777889644781, 0.000130833344883 ], [ -83.392085216860096, 33.949187627275833, 0.000130833344883 ], [ -83.39235209729452, 33.950006416046229, 0.000130833344883 ], [ -83.392569972402967, 33.950663922099601, 0.000130833344883 ] ] } },
{ "type": "Feature", "properties": { "Type": "Bike Lane", "Category": "Delineated", "Status": "Existing", "RoadName": "South Rocksprings Street", "Protected": "No" }, "geometry": { "type": "LineString", "coordinates": [ [ -83.392659564057027, 33.950643313243603, 0.000130833344883 ], [ -83.392526555829789, 33.950245018423509, 0.000130833344883 ], [ -83.392499494880269, 33.950167256758739, 0.000130833344883 ] ] } },
{ "type": "Feature", "properties": { "Type": "Bike Lane", "Category": "Buffered", "Status": "Existing", "RoadName": "South Hull Street", "Protected": "No" }, "geometry": { "type": "LineString", "coordinates": [ [ -83.378201454509821, 33.956900428097754, 0.000130833344883 ], [ -83.378116294102014, 33.956639015841681, 0.000130833344883 ], [ -83.378053932789499, 33.956524439171815, 0.000130833344883 ], [ -83.377915128536998, 33.956085598896621, 0.000130833344883 ], [ -83.377817645412989, 33.955800973409644, 0.000130833344883 ], [ -83.377721011727644, 33.95550315752952, 0.000130833344883 ], [ -83.377698623285482, 33.95542919048291, 0.000130833344883 ], [ -83.377663984112715, 33.955324870227926, 0.000130833344883 ], [ -83.37763631638299, 33.955237258841656, 0.000130833344883 ], [ -83.377622047926778, 33.955174430750205, 0.000130833344883 ], [ -83.37761126010993, 33.95505264348585, 0.000130833344883 ], [ -83.377602298063607, 33.955007801076803, 0.000130833344883 ], [ -83.377536937778288, 33.954799654440457, 0.000130833344883 ] ] } },
{ "type": "Feature", "properties": { "Type": "Bike Lane", "Category": "Buffered", "Status": "Existing", "RoadName": "South Hull Street", "Protected": "No" }, "geometry": { "type": "LineString", "coordinates": [ [ -83.377920051179629, 33.95575685822805, 0.000130833344883 ], [ -83.377964076419488, 33.955905174200922, 0.000130833344883 ], [ -83.378016417171338, 33.95605963551553, 0.000130833344883 ], [ -83.378127536664167, 33.956414076691217, 0.000130833344883 ], [ -83.378262447887309, 33.95682624693174, 0.000130833344883 ], [ -83.378286695139806, 33.956895844919636, 0.000130833344883 ] ] } },
{ "type": "Feature", "properties": { "Type": "Bike Lane", "Category": "Delineated", "Status": "Existing", "RoadName": "College Station Road", "Protected": "No" }, "geometry": { "type": "LineString", "coordinates": [ [ -83.37335951655129, 33.935266580990536, 0.000130833344883 ], [ -83.372552171740168, 33.935151419444473, 0.000130833344883 ], [ -83.372259811198631, 33.935100236798782, 0.000130833344883 ], [ -83.372051940084575, 33.935060180815775, 0.000130833344883 ], [ -83.371939957726269, 33.935035701857657, 0.000130833344883 ], [ -83.371714651824306, 33.934983961662269, 0.000130833344883 ], [ -83.371528238822876, 33.934937229963317, 0.000130833344883 ], [ -83.371372000126641, 33.93489494753014, 0.000130833344883 ], [ -83.371248618518877, 33.934860455098821, 0.000130833344883 ], [ -83.370983750396235, 33.934778116507971, 0.000130833344883 ], [ -83.370710836467225, 33.934688545913133, 0.000130833344883 ], [ -83.370369524911652, 33.9345756092576, 0.000130833344883 ], [ -83.369991333232008, 33.934448206723673, 0.000130833344883 ], [ -83.369532676191639, 33.934285198239522, 0.000130833344883 ], [ -83.369086758851864, 33.934128309483526, 0.000130833344883 ], [ -83.368754165120464, 33.9340086962196, 0.000130833344883 ], [ -83.368503739595596, 33.933914701699813, 0.000130833344883 ], [ -83.368315623494496, 33.933835672407461, 0.000130833344883 ], [ -83.36808361319774, 33.933729966574035, 0.000130833344883 ], [ -83.367805204183952, 33.933586325679492, 0.000130833344883 ], [ -83.367467375242285, 33.933396158317876, 0.000130833344883 ], [ -83.367055656814259, 33.933162492270618, 0.000130833344883 ], [ -83.366513179640506, 33.932853716883145, 0.000130833344883 ], [ -83.366240935680352, 33.932696825689519, 0.000130833344883 ], [ -83.365752103167296, 33.932418648803136, 0.000130833344883 ], [ -83.365421521267308, 33.932233382615991, 0.000130833344883 ], [ -83.365270647177397, 33.932152154021232, 0.000130833344883 ], [ -83.365190851429162, 33.932112096871357, 0.000130833344883 ], [ -83.365107702879271, 33.932072595768197, 0.000130833344883 ], [ -83.365042659009987, 33.93204588984635, 0.000130833344883 ], [ -83.36495749891759, 33.932013065402721, 0.000130833344883 ], [ -83.364897149600353, 33.931993036550395, 0.000130833344883 ], [ -83.364840152384559, 33.931976345574505, 0.000130833344883 ], [ -83.364752310725166, 33.931951865847601, 0.000130833344883 ], [ -83.364675867148449, 33.93193295012771, 0.000130833344883 ], [ -83.364579308517079, 33.931917371777416, 0.000130833344883 ], [ -83.364472020100393, 33.93190179377234, 0.000130833344883 ], [ -83.364295665025651, 33.931886215523711, 0.000130833344883 ], [ -83.364179659513582, 33.931885659683708, 0.000130833344883 ], [ -83.364055606510263, 33.931887885000101, 0.000130833344883 ], [ -83.363913449755756, 33.931898455463596, 0.000130833344883 ], [ -83.363800126893508, 33.931914590003416, 0.000130833344883 ], [ -83.363732400289734, 33.931927385636037, 0.000130833344883 ], [ -83.363621759504113, 33.931949084130281, 0.000130833344883 ], [ -83.363540622782594, 33.931968556884804, 0.000130833344883 ], [ -83.363438028802591, 33.931998599692996, 0.000130833344883 ], [ -83.363046426339025, 33.932126005295736, 0.000130833344883 ], [ -83.362934443572598, 33.93216328123038, 0.000130833344883 ], [ -83.362589109121842, 33.932277890761952, 0.000130833344883 ], [ -83.362210247328591, 33.932403070592287, 0.000130833344883 ], [ -83.361894418088355, 33.932507109453113, 0.000130833344883 ], [ -83.361554447704876, 33.932617267468736, 0.000130833344883 ], [ -83.361451853171445, 33.932646754120732, 0.000130833344883 ], [ -83.361378092696256, 33.932664557034357, 0.000130833344883 ], [ -83.361312377855413, 33.932680135092795, 0.000130833344883 ], [ -83.361248005883127, 33.932694044027059, 0.000130833344883 ], [ -83.361181621013131, 33.932704614668125, 0.000130833344883 ], [ -83.361121270686453, 33.93271184736895, 0.000130833344883 ], [ -83.361038122758401, 33.932716298214082, 0.000130833344883 ], [ -83.360965703227464, 33.932715741408359, 0.000130833344883 ], [ -83.36091205854909, 33.932714072235143, 0.000130833344883 ], [ -83.360857073784075, 33.932709065570783, 0.000130833344883 ], [ -83.360779959745855, 33.93270071968707, 0.000130833344883 ], [ -83.360711564187483, 33.932690148880084, 0.000130833344883 ], [ -83.360656578448626, 33.932681804406343, 0.000130833344883 ], [ -83.360568736297381, 33.932661219303135, 0.000130833344883 ], [ -83.360446025438577, 33.932626724991685, 0.000130833344883 ], [ -83.360338066129714, 33.932592230690858, 0.000130833344883 ], [ -83.360220049234258, 33.932552173383925, 0.000130833344883 ], [ -83.360146287859536, 33.932523243054668, 0.000130833344883 ], [ -83.360067163211198, 33.932488748952515, 0.000130833344883 ], [ -83.359957863429401, 33.932440902799094, 0.000130833344883 ], [ -83.35985996253531, 33.932390831265906, 0.000130833344883 ], [ -83.359768096946397, 33.932335752064063, 0.000130833344883 ], [ -83.359681595932827, 33.932279003032633, 0.000130833344883 ], [ -83.359592412486208, 33.932214466392097, 0.000130833344883 ], [ -83.359489817545722, 33.932137132852432, 0.000130833344883 ], [ -83.35939929372752, 33.932063136742116, 0.000130833344883 ], [ -83.359325532995854, 33.931999712615188, 0.000130833344883 ], [ -83.359248418801755, 33.931926829434204, 0.000130833344883 ], [ -83.359173316874234, 33.931851164449647, 0.000130833344883 ], [ -83.359113638433215, 33.931788295968502, 0.000130833344883 ], [ -83.359051276357775, 33.931713187801911, 0.000130833344883 ], [ -83.358976845524779, 33.93162250107676, 0.000130833344883 ], [ -83.358817925182535, 33.931433338414365, 0.000130833344883 ], [ -83.358713989313003, 33.931312051574245, 0.000130833344883 ], [ -83.358579208343684, 33.931156826246749, 0.000130833344883 ], [ -83.358415593431516, 33.930979902997102, 0.000130833344883 ], [ -83.358341162004493, 33.930898117355511, 0.000130833344883 ], [ -83.358215768619516, 33.930770709836935, 0.000130833344883 ], [ -83.358127926333012, 33.930680021997354, 0.000130833344883 ], [ -83.357945536701038, 33.930504210029376, 0.000130833344883 ], [ -83.357808073655718, 33.930376802165078, 0.000130833344883 ], [ -83.357689385321621, 33.930264415495216, 0.000130833344883 ], [ -83.357532476382048, 33.930119203745647, 0.000130833344883 ], [ -83.357381602058069, 33.92996898341444, 0.000130833344883 ], [ -83.357266938208213, 33.929851589170347, 0.000130833344883 ], [ -83.357154955766035, 33.929729186943227, 0.000130833344883 ], [ -83.357050349470896, 33.929604002998495, 0.000130833344883 ], [ -83.356961836551164, 33.929491059393712, 0.000130833344883 ], [ -83.356796880856038, 33.929264614851803, 0.000130833344883 ], [ -83.356693615941168, 33.929106047857189, 0.000130833344883 ], [ -83.356609796562807, 33.928969735708996, 0.000130833344883 ], [ -83.356548777056574, 33.928861798020321, 0.000130833344883 ], [ -83.356424724499803, 33.928637021351591, 0.000130833344883 ], [ -83.356323471371965, 33.92840334165453, 0.000130833344883 ], [ -83.356257086892228, 33.928252006171022, 0.000130833344883 ], [ -83.356194725363466, 33.928106233840019, 0.000130833344883 ], [ -83.356149798817157, 33.928002746667723, 0.000130833344883 ], [ -83.356100848223036, 33.927900927993242, 0.000130833344883 ], [ -83.356053909467363, 33.927794658732132, 0.000130833344883 ], [ -83.356021723008695, 33.927721215470591, 0.000130833344883 ], [ -83.355857437818642, 33.927355112966481, 0.000130833344883 ], [ -83.355772948324002, 33.927159264221636, 0.000130833344883 ], [ -83.355638837975761, 33.926847685890735, 0.000130833344883 ], [ -83.355489975715585, 33.926507730710838, 0.000130833344883 ], [ -83.355304902430134, 33.926074855195694, 0.000130833344883 ], [ -83.355233824290735, 33.925905154213162, 0.000130833344883 ], [ -83.355133241060997, 33.925659782373017, 0.000130833344883 ], [ -83.354958897491542, 33.925256392555788, 0.000130833344883 ], [ -83.35477717825141, 33.924824623836876, 0.000130833344883 ], [ -83.354697382338571, 33.924624874292213, 0.000130833344883 ], [ -83.354390940369299, 33.923877062192751, 0.000130833344883 ], [ -83.354264876989262, 33.923584945869713, 0.000130833344883 ], [ -83.354173681770348, 33.923365162984219, 0.000130833344883 ], [ -83.354116684761536, 33.923232179848412, 0.000130833344883 ], [ -83.354083156763124, 33.923165966134185, 0.000130833344883 ], [ -83.354055664062571, 33.923115889371196, 0.000130833344883 ], [ -83.354022136472707, 33.92306080406965, 0.000130833344883 ], [ -83.353975198000725, 33.922995702757298, 0.000130833344883 ], [ -83.353928259124402, 33.922933384658094, 0.000130833344883 ], [ -83.353882662542631, 33.922881081337707, 0.000130833344883 ], [ -83.353833711733898, 33.922826552354607, 0.000130833344883 ], [ -83.353777385618372, 33.9227697982097, 0.000130833344883 ], [ -83.353711671279243, 33.922709704753117, 0.000130833344883 ], [ -83.353635228857527, 33.922646829327761, 0.000130833344883 ], [ -83.353549398028164, 33.92258451036183, 0.000130833344883 ], [ -83.353455520247309, 33.922524417438375, 0.000130833344883 ], [ -83.35336030236698, 33.922468218612245, 0.000130833344883 ], [ -83.353265083757535, 33.922418140658834, 0.000130833344883 ], [ -83.353180594195976, 33.922379747895718, 0.000130833344883 ], [ -83.353094763498547, 33.922345806421383, 0.000130833344883 ], [ -83.352998204152939, 33.922311308039347, 0.000130833344883 ], [ -83.352909690565639, 33.922283487692688, 0.000130833344883 ], [ -83.352784968647754, 33.922253440864104, 0.000130833344883 ], [ -83.352310217059795, 33.922144937934732, 0.000130833344883 ], [ -83.351098529626242, 33.921869508851252, 0.000130833344883 ], [ -83.349984743337842, 33.921618005462513, 0.000130833344883 ], [ -83.349039934878277, 33.921404337951486, 0.000130833344883 ], [ -83.348592676924284, 33.921308631969403, 0.000130833344883 ], [ -83.347930841725343, 33.921160622602464, 0.000130833344883 ], [ -83.34766865584065, 33.921098302659082, 0.000130833344883 ], [ -83.34649183782652, 33.920838449701328, 0.000130833344883 ], [ -83.345538312111984, 33.920592506726635, 0.000130833344883 ], [ -83.344643796009265, 33.920377723639966, 0.000130833344883 ], [ -83.343591029351259, 33.920126771909402, 0.000130833344883 ], [ -83.342571119838411, 33.91988583506707, 0.000130833344883 ] ] } },
{ "type": "Feature", "properties": { "Type": "Bike Lane", "Category": "Delineated", "Status": "Existing", "RoadName": "College Station Road", "Protected": "No" }, "geometry": { "type": "LineString", "coordinates": [ [ -83.342486024991061, 33.920030451685967, 0.000130833344883 ], [ -83.343161941657854, 33.920196269202329, 0.000130833344883 ], [ -83.344490975360358, 33.920507872430647, 0.000130833344883 ], [ -83.346503972878935, 33.9209752740719, 0.000130833344883 ], [ -83.348508923147136, 33.921432658380589, 0.000130833344883 ], [ -83.349435626636804, 33.921636310264525, 0.000130833344883 ], [ -83.35148617474043, 33.922099254788399, 0.000130833344883 ], [ -83.352266696966964, 33.922275083446941, 0.000130833344883 ], [ -83.352709261415924, 33.922374127014628, 0.000130833344883 ], [ -83.352825937873831, 33.922403060471247, 0.000130833344883 ], [ -83.352875558708163, 33.922418083539888, 0.000130833344883 ], [ -83.352933896057081, 33.922435889717576, 0.000130833344883 ], [ -83.353009669097489, 33.922461484572878, 0.000130833344883 ], [ -83.353070688766095, 33.922484854139547, 0.000130833344883 ], [ -83.35312366295868, 33.922507667433841, 0.000130833344883 ], [ -83.353174624357919, 33.922529924647122, 0.000130833344883 ], [ -83.353236985547028, 33.92255997121439, 0.000130833344883 ], [ -83.353300017196361, 33.922594468861156, 0.000130833344883 ], [ -83.353351649830472, 33.922624515735919, 0.000130833344883 ], [ -83.3534039528016, 33.922658457412524, 0.000130833344883 ], [ -83.353484419622959, 33.92271243012577, 0.000130833344883 ], [ -83.353575614168705, 33.922786433200471, 0.000130833344883 ], [ -83.353661445381718, 33.922864331768004, 0.000130833344883 ], [ -83.353723136446789, 33.922928876028038, 0.000130833344883 ], [ -83.353784826546956, 33.922998427727414, 0.000130833344883 ], [ -83.353841153499346, 33.923072987537012, 0.000130833344883 ], [ -83.353895468102721, 33.923153668513358, 0.000130833344883 ], [ -83.353942406728578, 33.923238799761549, 0.000130833344883 ], [ -83.353975263731954, 33.923303343832622, 0.000130833344883 ], [ -83.354156983090206, 33.923734007521112, 0.000130833344883 ], [ -83.354394358935224, 33.92430710918056, 0.000130833344883 ], [ -83.354488906815376, 33.924529115696835, 0.000130833344883 ], [ -83.354614970008527, 33.924862958621375, 0.000130833344883 ], [ -83.354707505902169, 33.9251066630734, 0.000130833344883 ], [ -83.354768526941442, 33.925261343253922, 0.000130833344883 ], [ -83.35482351221026, 33.925402668811145, 0.000130833344883 ], [ -83.354916718273785, 33.925639694868728, 0.000130833344883 ], [ -83.355046805975917, 33.925955173054078, 0.000130833344883 ], [ -83.355152753254345, 33.9262072205725, 0.000130833344883 ], [ -83.355231878071095, 33.926394168991358, 0.000130833344883 ], [ -83.355494734475613, 33.927001193030307, 0.000130833344883 ], [ -83.35574484992263, 33.927579836831384, 0.000130833344883 ], [ -83.356019776886697, 33.928192972675127, 0.000130833344883 ], [ -83.356242399984211, 33.928711518747761, 0.000130833344883 ], [ -83.356341641495135, 33.928906251574276, 0.000130833344883 ], [ -83.3564341781519, 33.929073164683892, 0.000130833344883 ], [ -83.356565605586852, 33.929284587604251, 0.000130833344883 ], [ -83.35665143675007, 33.92941144082782, 0.000130833344883 ], [ -83.356727879313539, 33.929514926841414, 0.000130833344883 ], [ -83.356792252230775, 33.929600608016486, 0.000130833344883 ], [ -83.356851260630961, 33.929674048951405, 0.000130833344883 ], [ -83.356934409862632, 33.929774196149836, 0.000130833344883 ], [ -83.357064496405911, 33.929923303917349, 0.000130833344883 ], [ -83.357233475839166, 33.930096891342068, 0.000130833344883 ], [ -83.357552658014399, 33.930404006757676, 0.000130833344883 ], [ -83.357806127058524, 33.930652147169162, 0.000130833344883 ], [ -83.358260761632962, 33.931090562036573, 0.000130833344883 ], [ -83.358435104740209, 33.931274161912349, 0.000130833344883 ], [ -83.358655045619741, 33.931523968444722, 0.000130833344883 ], [ -83.358805249047279, 33.931705898308081, 0.000130833344883 ], [ -83.358970876326239, 33.931903961369045, 0.000130833344883 ], [ -83.359075482451914, 33.93201245150599, 0.000130833344883 ], [ -83.359182769874195, 33.932112039635307, 0.000130833344883 ], [ -83.359306822669126, 33.932218303936331, 0.000130833344883 ], [ -83.359391311768562, 33.932287291845178, 0.000130833344883 ], [ -83.359482507015585, 33.932355723195208, 0.000130833344883 ], [ -83.359557609296672, 33.932407464107023, 0.000130833344883 ], [ -83.359644110523362, 33.932464768610188, 0.000130833344883 ], [ -83.359758775036767, 33.932534869163284, 0.000130833344883 ], [ -83.359867403909732, 33.932596624547294, 0.000130833344883 ], [ -83.359969998016396, 33.932649478498242, 0.000130833344883 ], [ -83.360088686531327, 33.932704001164176, 0.000130833344883 ], [ -83.360189269186591, 33.932746284052016, 0.000130833344883 ], [ -83.360299239873399, 33.932789679602919, 0.000130833344883 ], [ -83.360409210108415, 33.932827511295805, 0.000130833344883 ], [ -83.360532591277277, 33.932863674382375, 0.000130833344883 ], [ -83.360628480670229, 33.932886484140283, 0.000130833344883 ], [ -83.360694864841591, 33.932898167923369, 0.000130833344883 ], [ -83.36076594322094, 33.932909294553802, 0.000130833344883 ], [ -83.360831658210344, 33.93291485834829, 0.000130833344883 ], [ -83.360956380081475, 33.932923203785656, 0.000130833344883 ], [ -83.361046234358383, 33.932922091313671, 0.000130833344883 ], [ -83.361146817224324, 33.932916527452825, 0.000130833344883 ], [ -83.361231307213657, 33.932907069728351, 0.000130833344883 ], [ -83.361339936417281, 33.932890935722398, 0.000130833344883 ], [ -83.361443201799105, 33.932868125375798, 0.000130833344883 ], [ -83.361600781031612, 33.932824729576346, 0.000130833344883 ], [ -83.361905211778577, 33.932722360676955, 0.000130833344883 ], [ -83.362701156539757, 33.932461431253877, 0.000130833344883 ], [ -83.363461562774503, 33.932211071364911, 0.000130833344883 ], [ -83.363578909593826, 33.932174908246516, 0.000130833344883 ], [ -83.363643282571829, 33.932156547806187, 0.000130833344883 ], [ -83.363704302471447, 33.932141526622189, 0.000130833344883 ], [ -83.363768005753855, 33.932129286302505, 0.000130833344883 ], [ -83.363856518442461, 33.932110370893675, 0.000130833344883 ], [ -83.363924243773667, 33.932099799427569, 0.000130833344883 ], [ -83.364006721902683, 33.932090341999071, 0.000130833344883 ], [ -83.364078470423991, 33.932084778001844, 0.000130833344883 ], [ -83.364181735591487, 33.932085334755207, 0.000130833344883 ], [ -83.364254155722278, 33.932085890570484, 0.000130833344883 ], [ -83.364386254604185, 33.93209423642282, 0.000130833344883 ], [ -83.364460685515638, 33.932104250357085, 0.000130833344883 ], [ -83.364555233188611, 33.932118715752097, 0.000130833344883 ], [ -83.36463368758578, 33.932134294307772, 0.000130833344883 ], [ -83.364712142100828, 33.932153209628005, 0.000130833344883 ], [ -83.364766457641466, 33.93216878775732, 0.000130833344883 ], [ -83.364825466314102, 33.932187148101839, 0.000130833344883 ], [ -83.364885145140903, 33.932207176230058, 0.000130833344883 ], [ -83.364958235401929, 33.932233881431571, 0.000130833344883 ], [ -83.365027301898948, 33.932263368870615, 0.000130833344883 ], [ -83.365117826783333, 33.932307320548837, 0.000130833344883 ], [ -83.365276077396899, 33.932393556128368, 0.000130833344883 ], [ -83.365952664266288, 33.932779109237842, 0.000130833344883 ], [ -83.366594382386694, 33.933146300953297, 0.000130833344883 ], [ -83.367017500044938, 33.933382749162263, 0.000130833344883 ], [ -83.36741446741928, 33.933609738822014, 0.000130833344883 ], [ -83.367686711270707, 33.933764403194928, 0.000130833344883 ], [ -83.367855690773709, 33.933850636578576, 0.000130833344883 ], [ -83.367971025329354, 33.933907940208599, 0.000130833344883 ], [ -83.368162802930442, 33.933998068097473, 0.000130833344883 ], [ -83.368264726803545, 33.934042575559012, 0.000130833344883 ], [ -83.368366651214316, 33.934085414082546, 0.000130833344883 ], [ -83.368480644930116, 33.934131034655586, 0.000130833344883 ], [ -83.368602685913856, 33.934175542418998, 0.000130833344883 ], [ -83.36877166509116, 33.934237296169009, 0.000130833344883 ], [ -83.369628629952388, 33.934541615368438, 0.000130833344883 ], [ -83.370285100451369, 33.934763038283968, 0.000130833344883 ], [ -83.370720289114743, 33.934907686307341, 0.000130833344883 ], [ -83.371086410761947, 33.935023405060853, 0.000130833344883 ], [ -83.371182970040152, 33.93505233461287, 0.000130833344883 ], [ -83.371278188250258, 33.935079038396836, 0.000130833344883 ], [ -83.37135463105561, 33.935101292259823, 0.000130833344883 ], [ -83.371553114714132, 33.935153031208685, 0.000130833344883 ], [ -83.371792501380554, 33.935210334402989, 0.000130833344883 ], [ -83.372014454369889, 33.935258735840293, 0.000130833344883 ], [ -83.372146552899665, 33.935285439856393, 0.000130833344883 ], [ -83.372320896740746, 33.935317706863067, 0.000130833344883 ], [ -83.372528097100329, 33.935353312290033, 0.000130833344883 ], [ -83.372674277206315, 33.935375009831603, 0.000130833344883 ], [ -83.372742674098347, 33.93539003062395, 0.000130833344883 ], [ -83.372864044026329, 33.93541951644773, 0.000130833344883 ], [ -83.372905617518128, 33.935427305601728, 0.000130833344883 ], [ -83.373412554956829, 33.935502966501673, 0.000130833344883 ] ] } },
{ "type": "Feature", "properties": { "Type": "Bike Lane", "Category": "Delineated", "Status": "Existing", "RoadName": "North Oconee River Access Road", "Protected": null }, "geometry": { "type": "LineString", "coordinates": [ [ -83.361905211778577, 33.932722360676955, 0.000130833344883 ], [ -83.36192473026027, 33.932724869365451, 0.000130833344883 ], [ -83.361968315471302, 33.932729319600369, 0.000130833344883 ], [ -83.362011902077754, 33.93273822191756, 0.000130833344883 ], [ -83.362045429375073, 33.932750461113599, 0.000130833344883 ], [ -83.362080968130101, 33.932768264580361, 0.000130833344883 ], [ -83.362128577917872, 33.932806096559318, 0.000130833344883 ], [ -83.362135954320877, 33.932862844422232, 0.000130833344883 ], [ -83.362139306403392, 33.932927937322162, 0.000130833344883 ], [ -83.362134612784061, 33.933094286554173, 0.000130833344883 ], [ -83.362126565607639, 33.933573859472759, 0.000130833344883 ], [ -83.362121201465584, 33.93394939292827, 0.000130833344883 ], [ -83.362113155267892, 33.934415608621876, 0.000130833344883 ], [ -83.36210779049749, 33.934693778534928, 0.000130833344883 ], [ -83.362107790714603, 33.934800596171463, 0.000130833344883 ], [ -83.362103767750199, 33.934895729864671, 0.000130833344883 ], [ -83.362097732550183, 33.934962490666969, 0.000130833344883 ], [ -83.362091696984706, 33.935007553627472, 0.000130833344883 ], [ -83.362082309238545, 33.935059293549074, 0.000130833344883 ], [ -83.362067557022797, 33.935119934143515, 0.000130833344883 ], [ -83.362050123366785, 33.935173898917206, 0.000130833344883 ], [ -83.362030676692768, 33.935227863154857, 0.000130833344883 ], [ -83.362008548510573, 33.935281827896254, 0.000130833344883 ], [ -83.361973009813198, 33.935356933092812, 0.000130833344883 ], [ -83.361909306665154, 33.935464306281538, 0.000130833344883 ], [ -83.361844263934273, 33.935567227607272, 0.000130833344883 ], [ -83.361815430101174, 33.935613960042971, 0.000130833344883 ], [ -83.361791289700179, 33.935657353884523, 0.000130833344883 ], [ -83.361763127236415, 33.935713543940992, 0.000130833344883 ], [ -83.361737646233195, 33.935769733488478, 0.000130833344883 ], [ -83.361717528796433, 33.935820915463189, 0.000130833344883 ], [ -83.361702777522268, 33.935861527932758, 0.000130833344883 ], [ -83.361686683513426, 33.935914936102613, 0.000130833344883 ], [ -83.361674614181268, 33.93596055554039, 0.000130833344883 ], [ -83.361665225686693, 33.936014519654464, 0.000130833344883 ], [ -83.36165583796587, 33.936064032587844, 0.000130833344883 ], [ -83.361649132591182, 33.936116328256091, 0.000130833344883 ], [ -83.361647121613956, 33.936164729063684, 0.000130833344883 ], [ -83.361641086179034, 33.936451795045997, 0.000130833344883 ], [ -83.361635722337624, 33.936797829843925, 0.000130833344883 ], [ -83.361631698077275, 33.937159441254074, 0.000130833344883 ], [ -83.36162834608831, 33.937338021163768, 0.000130833344883 ] ] } },
{ "type": "Feature", "properties": { "Type": "Bike Lane", "Category": "Delineated", "Status": "Existing", "RoadName": "Riverbend Road", "Protected": "No" }, "geometry": { "type": "LineString", "coordinates": [ [ -83.364254155722278, 33.932085890570484, 0.000130833344883 ], [ -83.36434822925834, 33.931550352198059, 0.000458916678326 ], [ -83.364389133341518, 33.931336152920743, 0.000458916678326 ], [ -83.364413943295901, 33.931212084292, 0.000458916678326 ], [ -83.364430036965345, 33.931146433805687, 0.000458916678326 ], [ -83.364451494062251, 33.931073550478423, 0.000458916678326 ], [ -83.364476975721146, 33.931003448649236, 0.000458916678326 ], [ -83.364498433222224, 33.930953932029318, 0.000458916678326 ], [ -83.364524584681661, 33.930900520426079, 0.000458916678326 ], [ -83.364584263372606, 33.930791473219585, 0.000458916678326 ], [ -83.364641260565577, 33.93069800345647, 0.000458916678326 ], [ -83.364680152472275, 33.930639028993866, 0.000458916678326 ], [ -83.364725750401249, 33.93057393396721, 0.000458916678326 ], [ -83.364786099615529, 33.930497155609316, 0.000458916678326 ], [ -83.364844437637274, 33.930434841985701, 0.000458916678326 ], [ -83.364900094323474, 33.930375867523786, 0.000458916678326 ], [ -83.364941667829569, 33.930340260021829, 0.000458916678326 ], [ -83.365059015259249, 33.930237888404527, 0.000458916678326 ], [ -83.365116682468042, 33.930194491218145, 0.000458916678326 ], [ -83.365173008809535, 33.930152206864221, 0.000458916678326 ], [ -83.36523805219575, 33.930111035892899, 0.000458916678326 ], [ -83.365299743024593, 33.930074314994755, 0.000458916678326 ], [ -83.365363445791743, 33.930038150821609, 0.000458916678326 ], [ -83.365462016459503, 33.929986964766648, 0.000458916678326 ], [ -83.36553108349635, 33.929955808624911, 0.000458916678326 ], [ -83.365619596646738, 33.929921313208119, 0.000458916678326 ], [ -83.365705426648816, 33.929887930877868, 0.000458916678326 ], [ -83.365829479446916, 33.929851210527431, 0.000458916678326 ], [ -83.366040032891817, 33.929791122291768, 0.000458916678326 ], [ -83.366474549918792, 33.929683186325242, 0.000458916678326 ], [ -83.366748806182073, 33.929618090416419, 0.000458916678326 ], [ -83.366980146624456, 33.929560228207187, 0.000458916678326 ], [ -83.367198746715871, 33.92950570350709, 0.000458916678326 ], [ -83.36730134098876, 33.929473433277252, 0.000458916678326 ], [ -83.367429416403326, 33.929426141830831, 0.000458916678326 ], [ -83.367518599549655, 33.929384970342689, 0.000458916678326 ], [ -83.367578949811914, 33.929353813267745, 0.000458916678326 ], [ -83.367631252693698, 33.929322099949275, 0.000458916678326 ], [ -83.367696296447519, 33.929280927661715, 0.000458916678326 ], [ -83.367764692901446, 33.929236417735353, 0.000458916678326 ], [ -83.367823029980954, 33.929188013421232, 0.000458916678326 ], [ -83.367887403221133, 33.929133488514033, 0.000458916678326 ], [ -83.367933001070924, 33.929087865884625, 0.000458916678326 ], [ -83.367981280611531, 33.929037791407644, 0.000458916678326 ], [ -83.368030231126369, 33.928983266464144, 0.000458916678326 ], [ -83.368080522345139, 33.928919283410153, 0.000458916678326 ], [ -83.368129472980556, 33.92884584108419, 0.000458916678326 ], [ -83.368162999954677, 33.928786308660897, 0.000458916678326 ], [ -83.368203903594704, 33.928696732305269, 0.000458916678326 ], [ -83.368271630245474, 33.928533712519808, 0.000458916678326 ], [ -83.368323932950531, 33.928400737644395, 0.000458916678326 ], [ -83.368371541629529, 33.928285010548926, 0.000458916678326 ], [ -83.36841043434039, 33.928187643886581, 0.000458916678326 ], [ -83.368440609206473, 33.928114757706886, 0.000458916678326 ], [ -83.368474136264055, 33.928031856650719, 0.000458916678326 ], [ -83.368513699558036, 33.92794060984118, 0.000458916678326 ], [ -83.368585447812038, 33.927770356247649, 0.000458916678326 ], [ -83.36864848014531, 33.927637935811006, 0.000458916678326 ], [ -83.368753086425357, 33.92742428380663, 0.000458916678326 ], [ -83.368806060042047, 33.927331366568907, 0.000458916678326 ], [ -83.36888451446174, 33.9271894880711, 0.000458916678326 ], [ -83.368995154995872, 33.927000871761223, 0.000458916678326 ], [ -83.369044776861813, 33.926922976778478, 0.000458916678326 ], [ -83.369114514185242, 33.926808361005087, 0.000458916678326 ], [ -83.369210402350319, 33.926671488171344, 0.000458916678326 ], [ -83.369292209804044, 33.926560209735456, 0.000458916678326 ], [ -83.369362618154113, 33.926461727761954, 0.000458916678326 ], [ -83.369486669782631, 33.926301486378073, 0.000458916678326 ], [ -83.369623462837126, 33.926127890800878, 0.000458916678326 ], [ -83.369731421612556, 33.925993243270845, 0.000458916678326 ], [ -83.369921188397171, 33.925764007167537, 0.000458916678326 ], [ -83.370022441679836, 33.925650502661398, 0.000458916678326 ], [ -83.370276580148939, 33.925377310201064, 0.000458916678326 ], [ -83.370385210322013, 33.925259909494734, 0.000458916678326 ], [ -83.370553519079408, 33.925080191895425, 0.000458916678326 ], [ -83.370627279328119, 33.92499895678155, 0.000458916678326 ], [ -83.370709087067496, 33.924912157575513, 0.000458916678326 ], [ -83.370784188916673, 33.924835374116633, 0.000458916678326 ], [ -83.37083649157718, 33.92478418483384, 0.000458916678326 ], [ -83.370902875979937, 33.924715190679386, 0.000458916678326 ], [ -83.37099138859611, 33.924630616475469, 0.000458916678326 ], [ -83.371081243217645, 33.924546043662822, 0.000458916678326 ], [ -83.371242846329309, 33.924395813646854, 0.000458916678326 ], [ -83.371442670141661, 33.924214424816618, 0.000458916678326 ], [ -83.371530512533568, 33.924143203981032, 0.000458916678326 ], [ -83.371632436430986, 33.924056960479675, 0.000458916678326 ], [ -83.371785992915264, 33.923931212102694, 0.000458916678326 ], [ -83.371929491411692, 33.923817148264007, 0.000458916678326 ], [ -83.372026721288663, 33.923744814665667, 0.000458916678326 ], [ -83.372204417692799, 33.923609606861852, 0.000458916678326 ], [ -83.37246593364064, 33.92342376459824, 0.000458916678326 ], [ -83.372652346328778, 33.923294676503716, 0.000458916678326 ], [ -83.372887039442872, 33.923125526599236, 0.000458916678326 ], [ -83.373088204954897, 33.922976963697018, 0.000458916678326 ], [ -83.373183424428305, 33.922906854877354, 0.000458916678326 ], [ -83.373257184603773, 33.922847318732522, 0.000458916678326 ], [ -83.373332956811709, 33.92278166101832, 0.000458916678326 ], [ -83.373399341474212, 33.922711551993466, 0.000458916678326 ], [ -83.373437563645652, 33.922668708035779, 0.000458916678326 ], [ -83.373519369987918, 33.922561319748013, 0.000458916678326 ], [ -83.373573685032724, 33.922470623291474, 0.000458916678326 ], [ -83.373616600642748, 33.922384377627424, 0.000458916678326 ], [ -83.373653480703496, 33.922292011788599, 0.000458916678326 ], [ -83.373701761048139, 33.922137883107844, 0.000458916678326 ], [ -83.373786250385564, 33.921841310228878, 0.000458916678326 ], [ -83.373851294115795, 33.921600377857239, 0.000458916678326 ], [ -83.37387610398153, 33.921508011766335, 0.000458916678326 ], [ -83.373937124022177, 33.921302690077624, 0.000458916678326 ], [ -83.373998815236519, 33.92111127895118, 0.000458916678326 ], [ -83.374071234935244, 33.920889819780832, 0.000458916678326 ], [ -83.374118173435079, 33.920756276607172, 0.000458916678326 ], [ -83.374163100220485, 33.920632192678333, 0.000458916678326 ], [ -83.374224791142666, 33.920475278439568, 0.000458916678326 ], [ -83.374299222747609, 33.920280526632808, 0.000458916678326 ], [ -83.374362254875905, 33.920118048149973, 0.000458916678326 ], [ -83.374421262810586, 33.919967810014256, 0.000458916678326 ], [ -83.374485635618001, 33.919800878962299, 0.000458916678326 ], [ -83.374569455571901, 33.919587764048622, 0.000458916678326 ], [ -83.374670038296344, 33.919335696831489, 0.000458916678326 ], [ -83.374746481016643, 33.919142054884496, 0.000458916678326 ], [ -83.374867850819058, 33.918841576265407, 0.000458916678326 ], [ -83.374963069387405, 33.918600079805302, 0.000458916678326 ], [ -83.375045547733251, 33.918393081358509, 0.000458916678326 ], [ -83.375102544296581, 33.918250631458235, 0.000458916678326 ], [ -83.375170270022537, 33.918097051699242, 0.000458916678326 ], [ -83.375227266487684, 33.917989656869423, 0.000458916678326 ], [ -83.375294321869049, 33.91787168956148, 0.000458916678326 ], [ -83.375356012743708, 33.917775980726056, 0.000458916678326 ], [ -83.375409657235579, 33.917698077266159, 0.000458916678326 ], [ -83.375472689233135, 33.91761683595653, 0.000458916678326 ], [ -83.375531026405142, 33.917546722665797, 0.000458916678326 ], [ -83.375605457757928, 33.917467706632884, 0.000458916678326 ], [ -83.375688606605209, 33.917384238537537, 0.000458916678326 ], [ -83.375763708634139, 33.917315238088435, 0.000458916678326 ], [ -83.375900500838213, 33.917201165073664, 0.000458916678326 ], [ -83.375997730650994, 33.917124374268688, 0.000458916678326 ] ] } },
{ "type": "Feature", "properties": { "Type": "Bike Lane", "Category": "Delineated", "Status": "Existing", "RoadName": "Riverbend Road", "Protected": "No" }, "geometry": { "type": "LineString", "coordinates": [ [ -83.376668283771423, 33.916788831533303, 0.000130833344883 ], [ -83.376860731857377, 33.916748210825446, 0.000130833344883 ], [ -83.377053180353741, 33.916713153598018, 0.000130833344883 ], [ -83.377228864482731, 33.916685331249447, 0.000130833344883 ], [ -83.377281838924262, 33.916676427589223, 0.000130833344883 ], [ -83.37743003056238, 33.916657507857821, 0.000130833344883 ], [ -83.377643936029884, 33.916638588822181, 0.000130833344883 ] ] } },
{ "type": "Feature", "properties": { "Type": "Bike Lane", "Category": "Delineated", "Status": "Existing", "RoadName": "Riverbend Road", "Protected": "No" }, "geometry": { "type": "LineString", "coordinates": [ [ -83.377499097716594, 33.916719830936707, 0.000130833344883 ], [ -83.377354258163948, 33.916735968254379, 0.000130833344883 ], [ -83.377218806619112, 33.916756557278347, 0.000130833344883 ], [ -83.377083354721634, 33.916774363809544, 0.000130833344883 ], [ -83.376894259386972, 33.91680886465948, 0.000130833344883 ], [ -83.37676283063935, 33.916838356140687, 0.000130833344883 ], [ -83.376655543176255, 33.916863953251152, 0.000130833344883 ], [ -83.376567030371987, 33.916891219666134, 0.000130833344883 ] ] } },
{ "type": "Feature", "properties": { "Type": "Bike Lane", "Category": "Delineated", "Status": "Existing", "RoadName": "Riverbend Road", "Protected": "No" }, "geometry": { "type": "LineString", "coordinates": [ [ -83.375676536902631, 33.917489408493772, 0.000130833344883 ], [ -83.375594729872063, 33.917588456745683, 0.000130833344883 ], [ -83.375529685397069, 33.91767192386618, 0.000130833344883 ], [ -83.375456595589625, 33.917775424224381, 0.000130833344883 ], [ -83.37540161053488, 33.917861117035841, 0.000130833344883 ], [ -83.375333884856872, 33.91797463340172, 0.000130833344883 ], [ -83.375280240934316, 33.918072567690594, 0.000130833344883 ], [ -83.375249395396295, 33.918136559840889, 0.000130833344883 ], [ -83.375204468321442, 33.918240058888941, 0.000130833344883 ], [ -83.375180328605296, 33.918301267596405, 0.000130833344883 ], [ -83.375130706919052, 33.918425912337291, 0.000130833344883 ], [ -83.375053594213057, 33.918615103555851, 0.000130833344883 ], [ -83.375001290600494, 33.918743085852341, 0.000130833344883 ], [ -83.374900708445068, 33.918997380334147, 0.000130833344883 ], [ -83.374798113575963, 33.919252786974567, 0.000130833344883 ], [ -83.374742457885176, 33.919397461458402, 0.000130833344883 ], [ -83.374635169688844, 33.919669559742651, 0.000130833344883 ], [ -83.374564090533923, 33.919844838038422, 0.000130833344883 ], [ -83.374477589400314, 33.920065186360901, 0.000130833344883 ], [ -83.374402487461325, 33.920254374706623, 0.000130833344883 ], [ -83.374346831884267, 33.920395152262245, 0.000130833344883 ], [ -83.374290505565739, 33.920547614720341, 0.000130833344883 ], [ -83.37421875649423, 33.920736801965887, 0.000130833344883 ], [ -83.374172487930053, 33.920868675219118, 0.000130833344883 ], [ -83.374118844438769, 33.921031152691604, 0.000130833344883 ], [ -83.374076599362994, 33.921159687923542, 0.000130833344883 ], [ -83.374044413142229, 33.921262071149329, 0.000130833344883 ], [ -83.373974675241925, 33.921490762154384, 0.000130833344883 ], [ -83.373922372585383, 33.921671043932918, 0.000130833344883 ], [ -83.373898903161333, 33.921757289582395, 0.000130833344883 ], [ -83.373814412926421, 33.922062766742641, 0.000130833344883 ], [ -83.373766133957105, 33.922240821239832, 0.000130833344883 ], [ -83.373731935545806, 33.9223365258756, 0.000130833344883 ], [ -83.373703772184413, 33.922399401533035, 0.000130833344883 ], [ -83.373670914779893, 33.922468953958543, 0.000130833344883 ], [ -83.373626658810664, 33.922542400911816, 0.000130833344883 ], [ -83.373579720591877, 33.922615848605631, 0.000130833344883 ], [ -83.373539487253112, 33.92267149048913, 0.000130833344883 ], [ -83.373497241889709, 33.922721568248747, 0.000130833344883 ], [ -83.373436221637363, 33.922784443182501, 0.000130833344883 ], [ -83.373371178535876, 33.922848430890717, 0.000130833344883 ], [ -83.373286688813124, 33.922917983275276, 0.000130833344883 ], [ -83.373019808848198, 33.923123856956316, 0.000130833344883 ], [ -83.372702638577266, 33.923351430993719, 0.000130833344883 ], [ -83.372293601212732, 33.92363798391839, 0.000130833344883 ], [ -83.372069636740207, 33.923807688748745, 0.000130833344883 ], [ -83.371939549348497, 33.923908955444595, 0.000130833344883 ], [ -83.371813485682239, 33.924006884102603, 0.000130833344883 ], [ -83.37165188243128, 33.924142647823061, 0.000130833344883 ], [ -83.371541242179532, 33.92423612449096, 0.000130833344883 ], [ -83.371444011860376, 33.924322367567193, 0.000130833344883 ], [ -83.371358851537366, 33.924396369962906, 0.000130833344883 ], [ -83.371289784851612, 33.924458687833081, 0.000130833344883 ], [ -83.371190542926982, 33.924548825241352, 0.000130833344883 ], [ -83.371095324600802, 33.924640075890231, 0.000130833344883 ], [ -83.370994741786546, 33.924736890733264, 0.000130833344883 ], [ -83.3709129345702, 33.92481868175382, 0.000130833344883 ], [ -83.370745966958594, 33.924992835744632, 0.000130833344883 ], [ -83.370629290973127, 33.925128598133469, 0.000130833344883 ], [ -83.370490486187862, 33.925293293010235, 0.000130833344883 ], [ -83.370383869000918, 33.925424047790877, 0.000130833344883 ], [ -83.370262499083395, 33.925573162799935, 0.000130833344883 ], [ -83.37004792197817, 33.925840234141106, 0.000130833344883 ], [ -83.36986150897296, 33.926052777393082, 0.000130833344883 ], [ -83.369766961434607, 33.926160161818679, 0.000130833344883 ], [ -83.369599993931573, 33.926368253975419, 0.000130833344883 ], [ -83.369473259083449, 33.926531277566937, 0.000130833344883 ], [ -83.36936932384566, 33.926674269955917, 0.000130833344883 ], [ -83.369258682106263, 33.926837849210344, 0.000130833344883 ], [ -83.369166146324233, 33.926979172442685, 0.000130833344883 ], [ -83.369040082022352, 33.927187262716785, 0.000130833344883 ], [ -83.368964980636264, 33.927315231531061, 0.000130833344883 ], [ -83.368861715277504, 33.92749383193771, 0.000130833344883 ], [ -83.368783260716398, 33.927630702930792, 0.000130833344883 ], [ -83.368711511653558, 33.927756446512696, 0.000130833344883 ], [ -83.368659879304317, 33.927856038814177, 0.000130833344883 ], [ -83.36860891762845, 33.927956188118166, 0.000130833344883 ], [ -83.368561979334345, 33.928056337329416, 0.000130833344883 ], [ -83.368507664362042, 33.928183749032904, 0.000130833344883 ], [ -83.36842786863059, 33.928387384382361, 0.000130833344883 ], [ -83.36836818921897, 33.928535937988407, 0.000130833344883 ], [ -83.368325274288139, 33.928645544802343, 0.000130833344883 ], [ -83.368287052501842, 33.928733452599197, 0.000130833344883 ], [ -83.368254865725945, 33.928798549398081, 0.000130833344883 ], [ -83.368215303057013, 33.928870878768898, 0.000130833344883 ], [ -83.368180435130128, 33.928922621714328, 0.000130833344883 ], [ -83.368128131547252, 33.928993281620926, 0.000130833344883 ], [ -83.368088568952928, 33.929041129841899, 0.000130833344883 ], [ -83.368030231412632, 33.929110120481717, 0.000130833344883 ], [ -83.367968540641058, 33.929167427165176, 0.000130833344883 ], [ -83.367908190100152, 33.929225290682304, 0.000130833344883 ], [ -83.367821018296169, 33.929292611944376, 0.000130833344883 ], [ -83.36772580011781, 33.929356594609182, 0.000130833344883 ], [ -83.36763594637641, 33.929414457697661, 0.000130833344883 ], [ -83.367548103520619, 33.929461749904974, 0.000130833344883 ], [ -83.367462273727213, 33.92950125268127, 0.000130833344883 ], [ -83.367365714155639, 33.929537416551582, 0.000130833344883 ], [ -83.367011662250803, 33.929631999955582, 0.000130833344883 ], [ -83.366471197392769, 33.929763860294273, 0.000130833344883 ], [ -83.366242539594822, 33.929818941316931, 0.000130833344883 ], [ -83.365993764631966, 33.929882924216187, 0.000130833344883 ], [ -83.365823444306727, 33.929932997628832, 0.000130833344883 ], [ -83.365693357117166, 33.929975837536375, 0.000130833344883 ], [ -83.365586069161324, 33.930015896341047, 0.000130833344883 ], [ -83.365502250206973, 33.93005372933716, 0.000130833344883 ], [ -83.365380209196218, 33.930116043490166, 0.000130833344883 ], [ -83.36530041376146, 33.930163334148013, 0.000130833344883 ], [ -83.365219277023982, 33.93021674598873, 0.000130833344883 ], [ -83.36515222113519, 33.930268488610942, 0.000130833344883 ], [ -83.365065049838194, 33.930340259979559, 0.000130833344883 ], [ -83.364989277069455, 33.930407580375899, 0.000130833344883 ], [ -83.364865224955039, 33.930533319158798, 0.000130833344883 ], [ -83.364818957585626, 33.930588955721774, 0.000130833344883 ], [ -83.364753913255271, 33.930675749122649, 0.000130833344883 ], [ -83.364700939868627, 33.930763098952767, 0.000130833344883 ], [ -83.364658024612183, 33.930844884692775, 0.000130833344883 ], [ -83.364629191135535, 33.930911647751287, 0.000130833344883 ], [ -83.364608403391969, 33.930967840582859, 0.000130833344883 ], [ -83.364582922421619, 33.931039612204536, 0.000130833344883 ], [ -83.364553417985277, 33.93115589204168, 0.000130833344883 ], [ -83.364525255430678, 33.931299433211663, 0.000130833344883 ], [ -83.364501785870118, 33.931420720148907, 0.000130833344883 ], [ -83.364474292993478, 33.931580952436505, 0.000130833344883 ], [ -83.364458871060208, 33.931687773357858, 0.000130833344883 ], [ -83.364457529231586, 33.93173005676902, 0.000130833344883 ], [ -83.364468258172053, 33.931768445479719, 0.000130833344883 ], [ -83.364486363726684, 33.931800158130265, 0.000130833344883 ], [ -83.364513855532053, 33.931831313430344, 0.000130833344883 ], [ -83.364555429718564, 33.931864139159849, 0.000130833344883 ] ] } },
{ "type": "Feature", "properties": { "Type": "Bike Lane", "Category": "Buffered", "Status": "Existing", "RoadName": "Riverbend Parkway", "Protected": null }, "geometry": { "type": "LineString", "coordinates": [ [ -83.369744815504916, 33.925886996249687, 0.000130833344883 ], [ -83.369681113789554, 33.925833581671192, 0.000130833344883 ], [ -83.369524874465569, 33.925692812585666, 0.000130833344883 ], [ -83.369476594913024, 33.925652752143741, 0.000130833344883 ], [ -83.369453795835867, 33.925631609005961, 0.000130833344883 ], [ -83.369427645210081, 33.925608240657198, 0.000130833344883 ], [ -83.369418927717078, 33.925597112580654, 0.000130833344883 ], [ -83.369400152574343, 33.925550374741015, 0.000130833344883 ], [ -83.369391435196292, 33.925515321827433, 0.000130833344883 ], [ -83.3693827173838, 33.925479155435283, 0.000130833344883 ], [ -83.369375341522385, 33.925439650994733, 0.000130833344883 ], [ -83.36936662435771, 33.925370101091836, 0.000130833344883 ], [ -83.369339131491671, 33.925168683433753, 0.000130833344883 ], [ -83.369327732407925, 33.925086335991381, 0.000130833344883 ], [ -83.369304262763791, 33.924929987365203, 0.000130833344883 ], [ -83.369283475783618, 33.924766404539284, 0.000130833344883 ], [ -83.369261348440887, 33.924604490001535, 0.000130833344883 ], [ -83.36924927839857, 33.924512683128945, 0.000130833344883 ], [ -83.369241231507544, 33.924458155488701, 0.000130833344883 ], [ -83.369231173313821, 33.924396393914051, 0.000130833344883 ], [ -83.369220443847382, 33.924346317226508, 0.000130833344883 ], [ -83.36920904526842, 33.924307925440104, 0.000130833344883 ], [ -83.369191610949201, 33.924259518368757, 0.000130833344883 ], [ -83.369163447391671, 33.924193861835114, 0.000130833344883 ], [ -83.369141989613013, 33.924147679993155, 0.000130833344883 ], [ -83.369119191479982, 33.924108731112533, 0.000130833344883 ], [ -83.369084322580463, 33.924051421416308, 0.000130833344883 ], [ -83.369027996225881, 33.923964621158923, 0.000130833344883 ], [ -83.368938812164444, 33.923832195369364, 0.000130833344883 ], [ -83.368869745321476, 33.923730928389155, 0.000130833344883 ], [ -83.3688214660597, 33.923655256317794, 0.000130833344883 ], [ -83.36874167061589, 33.923537296966863, 0.000130833344883 ], [ -83.368669920728735, 33.923432691897936, 0.000130833344883 ], [ -83.368640417073721, 33.92338984784201, 0.000130833344883 ], [ -83.368598842443475, 33.923330311778706, 0.000130833344883 ], [ -83.368542516665144, 33.92325630860303, 0.000130833344883 ], [ -83.368482166389285, 33.923173402168189, 0.000130833344883 ], [ -83.368433886524144, 33.923113865864735, 0.000130833344883 ], [ -83.368305141285276, 33.922968084734123, 0.000130833344883 ], [ -83.368253508071078, 33.922903540774954, 0.000130833344883 ], [ -83.368215956991307, 33.922854575775474, 0.000130833344883 ], [ -83.3681837707216, 33.922809506199009, 0.000130833344883 ], [ -83.368152925146362, 33.922757759045808, 0.000130833344883 ], [ -83.368127444361917, 33.92271268965753, 0.000130833344883 ], [ -83.368101963403532, 33.922658716967831, 0.000130833344883 ], [ -83.368083859065223, 33.922611977856697, 0.000130833344883 ], [ -83.368069106811532, 33.922558005309604, 0.000130833344883 ], [ -83.368059047729574, 33.922494016672417, 0.000130833344883 ], [ -83.368052342433273, 33.922432810481027, 0.000130833344883 ], [ -83.368036919841643, 33.922295375218553, 0.000130833344883 ], [ -83.368024850124854, 33.922200226879276, 0.000130833344883 ], [ -83.368011439395175, 33.922085604306247, 0.000130833344883 ], [ -83.368000039653637, 33.921977657592919, 0.000130833344883 ], [ -83.367988640154749, 33.921864704295935, 0.000130833344883 ], [ -83.367987299653493, 33.921810174071524, 0.000130833344883 ], [ -83.367986628305374, 33.921696107449918, 0.000130833344883 ], [ -83.367996016028968, 33.921584822583597, 0.000130833344883 ], [ -83.368014791776261, 33.921497463941108, 0.000130833344883 ], [ -83.368079164760204, 33.921206451928647, 0.000130833344883 ], [ -83.368111351398184, 33.921070126894293, 0.000130833344883 ], [ -83.368219981183657, 33.920580468271261, 0.000130833344883 ], [ -83.368331292403525, 33.920075782791415, 0.000130833344883 ], [ -83.368441262836129, 33.919597247490536, 0.000130833344883 ], [ -83.368540504960563, 33.919138184698575, 0.000130833344883 ], [ -83.368560620980986, 33.919035242344947, 0.000130833344883 ], [ -83.368579397203959, 33.918930075170557, 0.000130833344883 ] ] } },
{ "type": "Feature", "properties": { "Type": "Bike Lane", "Category": "Buffered", "Status": "Existing", "RoadName": "Riverbend Parkway", "Protected": null }, "geometry": { "type": "LineString", "coordinates": [ [ -83.368748376234478, 33.918930631857258, 0.000130833344883 ], [ -83.368751058098638, 33.918965687215199, 0.000130833344883 ], [ -83.368754411325554, 33.919030234654308, 0.000130833344883 ], [ -83.368753070027466, 33.919084209267353, 0.000130833344883 ], [ -83.368748376371613, 33.919138740987002, 0.000130833344883 ], [ -83.368738317339975, 33.919198279690271, 0.000130833344883 ], [ -83.368698754953627, 33.91939025168903, 0.000130833344883 ], [ -83.368659192932498, 33.919564417070667, 0.000130833344883 ], [ -83.368614264996012, 33.919764735533256, 0.000130833344883 ], [ -83.368590796457553, 33.919862668506312, 0.000130833344883 ], [ -83.368498930636463, 33.920286115404998, 0.000130833344883 ], [ -83.368456685945148, 33.920477528939884, 0.000130833344883 ], [ -83.368317210735796, 33.92108793292882, 0.000130833344883 ], [ -83.368252167695729, 33.921377831766542, 0.000130833344883 ], [ -83.368239426980949, 33.921434587810523, 0.000130833344883 ], [ -83.368226686474159, 33.921494681575851, 0.000130833344883 ], [ -83.368214616698452, 33.921560896139958, 0.000130833344883 ], [ -83.368207239767585, 33.921624885326821, 0.000130833344883 ], [ -83.368203887108734, 33.921674963677809, 0.000130833344883 ], [ -83.368202546705064, 33.921726710412138, 0.000130833344883 ], [ -83.368204557661699, 33.921780684188086, 0.000130833344883 ], [ -83.368211263673146, 33.921854688589086, 0.000130833344883 ], [ -83.368221992910676, 33.921925910591312, 0.000130833344883 ], [ -83.368235403442313, 33.922003253805364, 0.000130833344883 ], [ -83.368251496360742, 33.922070024219508, 0.000130833344883 ], [ -83.36827429554782, 33.922144584652898, 0.000130833344883 ], [ -83.368293741843146, 33.922201896481667, 0.000130833344883 ], [ -83.368354761688735, 33.922337106440764, 0.000130833344883 ], [ -83.36848820121844, 33.922629783107446, 0.000130833344883 ], [ -83.368550563402849, 33.922766662411803, 0.000130833344883 ], [ -83.368625664936005, 33.922928023325632, 0.000130833344883 ], [ -83.368691378999586, 33.923067126884753, 0.000130833344883 ], [ -83.368731611948917, 33.923147251265114, 0.000130833344883 ], [ -83.368776538567033, 33.923224035864571, 0.000130833344883 ], [ -83.368830854046351, 33.923309167876717, 0.000130833344883 ], [ -83.368891873412096, 33.923398194025879, 0.000130833344883 ], [ -83.369056158885869, 33.923648579304171, 0.000130833344883 ], [ -83.369246595968704, 33.923937357014132, 0.000130833344883 ], [ -83.36929286433579, 33.92401358480808, 0.000130833344883 ], [ -83.369327062200043, 33.924074790420669, 0.000130833344883 ], [ -83.369356565953581, 33.924129874425773, 0.000130833344883 ], [ -83.369380035874471, 33.924187741364264, 0.000130833344883 ], [ -83.369405516382116, 33.924258961379181, 0.000130833344883 ], [ -83.369421610270365, 33.924316828339578, 0.000130833344883 ], [ -83.369437703106499, 33.924374694389094, 0.000130833344883 ], [ -83.369449772787348, 33.924443688977881, 0.000130833344883 ], [ -83.369467207524721, 33.924567767247069, 0.000130833344883 ], [ -83.369487323908587, 33.924722447824877, 0.000130833344883 ], [ -83.369506770491611, 33.924865443841504, 0.000130833344883 ], [ -83.369531580139579, 33.925039598677117, 0.000130833344883 ], [ -83.369551697468992, 33.925185375948161, 0.000130833344883 ], [ -83.369571142942959, 33.925341168336317, 0.000130833344883 ], [ -83.369579189219976, 33.925393469897202, 0.000130833344883 ], [ -83.369590589272235, 33.925437425423382, 0.000130833344883 ], [ -83.369606011495591, 33.925473035634049, 0.000130833344883 ], [ -83.369627468811657, 33.925508645234757, 0.000130833344883 ], [ -83.369658314676315, 33.925543141715174, 0.000130833344883 ], [ -83.36969184205212, 33.925570404881896, 0.000130833344883 ], [ -83.369737440059836, 33.925598781192825, 0.000130833344883 ], [ -83.369827293569941, 33.92564663170262, 0.000130833344883 ], [ -83.369873561943933, 33.9256716700731, 0.000130833344883 ] ] } },
{ "type": "Feature", "properties": { "Type": "Bike Lane", "Category": "Delineated", "Status": "Existing", "RoadName": "Hawthorne Avenue", "Protected": "No" }, "geometry": { "type": "LineString", "coordinates": [ [ -83.413605433115833, 33.962008504094101, 0.000130833344883 ], [ -83.413573799556758, 33.961933808834033, 0.000130833344883 ], [ -83.413544212096468, 33.96185997899665, 0.000130833344883 ], [ -83.413512695367743, 33.961771548596516, 0.000130833344883 ], [ -83.413468439829259, 33.961633063778962, 0.000130833344883 ], [ -83.413434911534893, 33.961485124624275, 0.000130833344883 ], [ -83.413417477407933, 33.961388351342897, 0.000130833344883 ], [ -83.413404066208827, 33.961301033389233, 0.000130833344883 ], [ -83.413379255734696, 33.96114697522934, 0.000130833344883 ], [ -83.413364504090936, 33.961049090455028, 0.000130833344883 ], [ -83.413348410292286, 33.96095064839006, 0.000130833344883 ], [ -83.413328293794677, 33.96082272920998, 0.000130833344883 ], [ -83.413312871725054, 33.960728737026869, 0.000130833344883 ], [ -83.413293425423205, 33.96059525637699, 0.000130833344883 ], [ -83.41326861472966, 33.960451207716716, 0.000130833344883 ], [ -83.413249839767857, 33.960320507183674, 0.000130833344883 ], [ -83.413217653091976, 33.960126402632895, 0.000130833344883 ], [ -83.413196195011437, 33.960002932704079, 0.000130833344883 ], [ -83.413170714114472, 33.959836635689875, 0.000130833344883 ], [ -83.413147915113001, 33.959694810925576, 0.000130833344883 ], [ -83.413112376404101, 33.959474008432139, 0.000130833344883 ], [ -83.41309494170271, 33.959363885116979, 0.000130833344883 ], [ -83.413065438128854, 33.959192582110177, 0.000130833344883 ], [ -83.413041968452234, 33.959079121083555, 0.000130833344883 ], [ -83.413020510318503, 33.9589812339471, 0.000130833344883 ], [ -83.412986983294701, 33.958841076320418, 0.000130833344883 ], [ -83.412942726615114, 33.95867255272146, 0.000130833344883 ], [ -83.41291188132935, 33.958551860761922, 0.000130833344883 ], [ -83.412869635964597, 33.958388898783447, 0.000130833344883 ], [ -83.412836108607024, 33.958260975788512, 0.000130833344883 ], [ -83.412762347896347, 33.957976208704096, 0.000130833344883 ], [ -83.412696634337209, 33.957714243587603, 0.000130833344883 ], [ -83.412643660507428, 33.957511234431941, 0.000130833344883 ], [ -83.412580628726587, 33.957273184328557, 0.000130833344883 ], [ -83.412546430978963, 33.957128017673654, 0.000130833344883 ], [ -83.41247870444785, 33.956868831430121, 0.000130833344883 ], [ -83.412419696181942, 33.956647465610715, 0.000130833344883 ], [ -83.412382145639555, 33.956499516759457, 0.000130833344883 ], [ -83.412316431020841, 33.956245891172351, 0.000130833344883 ], [ -83.412256081190094, 33.956005612324816, 0.000130833344883 ], [ -83.41221115498557, 33.955843757934986, 0.000130833344883 ], [ -83.412166227091475, 33.955662992491163, 0.000130833344883 ], [ -83.412151475527679, 33.955609596872037, 0.000130833344883 ], [ -83.412126664846355, 33.955531727913375, 0.000130833344883 ], [ -83.412085761453895, 33.955432167919064, 0.000130833344883 ], [ -83.41204821008148, 33.955353186705374, 0.000130833344883 ], [ -83.411997248026765, 33.955269199631331, 0.000130833344883 ], [ -83.411956344953083, 33.955204680213775, 0.000130833344883 ], [ -83.411883254897234, 33.955112905551232, 0.000130833344883 ], [ -83.411809494342023, 33.955026137816958, 0.000130833344883 ], [ -83.411696170713938, 33.954901546965417, 0.000130833344883 ], [ -83.411499028680353, 33.954691300271797, 0.000130833344883 ], [ -83.411388386899716, 33.954573940180239, 0.000130833344883 ], [ -83.411072556993545, 33.95423409542844, 0.000130833344883 ], [ -83.410904248534862, 33.954053882104525, 0.000130833344883 ], [ -83.410772149658712, 33.953912047459959, 0.000130833344883 ], [ -83.410507952238561, 33.953627265175193, 0.000130833344883 ], [ -83.410459672776071, 33.953570531228934, 0.000130833344883 ] ] } },
{ "type": "Feature", "properties": { "Type": "Bike Lane", "Category": "Delineated", "Status": "Existing", "RoadName": "Hawthorne Avenue", "Protected": "No" }, "geometry": { "type": "LineString", "coordinates": [ [ -83.41040478577203, 33.953669638534421, 0.000130833344883 ], [ -83.41041685582546, 33.953684656683869, 0.000130833344883 ], [ -83.41045977086209, 33.953727484795536, 0.000130833344883 ], [ -83.410535543867496, 33.953809804591067, 0.000130833344883 ], [ -83.410609303868512, 33.953888787782404, 0.000130833344883 ], [ -83.410645514367047, 33.953926610448008, 0.000130833344883 ], [ -83.410904346735776, 33.954206385375677, 0.000130833344883 ], [ -83.411279855711214, 33.954614087755118, 0.000130833344883 ], [ -83.411487727596281, 33.954837683874793, 0.000130833344883 ], [ -83.411703645111572, 33.95507017907979, 0.000130833344883 ], [ -83.411741196439138, 33.955109669489559, 0.000130833344883 ], [ -83.411808250921553, 33.955192544510631, 0.000130833344883 ], [ -83.411841778873679, 33.955235928562587, 0.000130833344883 ], [ -83.411892070652343, 33.955303785602467, 0.000130833344883 ], [ -83.411920233372499, 33.955347169191576, 0.000130833344883 ], [ -83.411960466589164, 33.95542114408245, 0.000130833344883 ], [ -83.411996005501223, 33.955500125605631, 0.000130833344883 ], [ -83.412030874839616, 33.955592455683885, 0.000130833344883 ], [ -83.41206507246001, 33.955712595039081, 0.000130833344883 ], [ -83.412098599707491, 33.955849976946929, 0.000130833344883 ], [ -83.412158949742278, 33.956087474444239, 0.000130833344883 ], [ -83.41221527661915, 33.956298830651008, 0.000130833344883 ], [ -83.412301777903764, 33.956635885945211, 0.000130833344883 ], [ -83.412384255737123, 33.956954586118407, 0.000130833344883 ], [ -83.412459357427295, 33.957249368514013, 0.000130833344883 ], [ -83.412546528746674, 33.957585864206095, 0.000130833344883 ], [ -83.412622300680681, 33.957881201463579, 0.000130833344883 ], [ -83.412710143713895, 33.95822325587546, 0.000130833344883 ], [ -83.412807373385959, 33.958592563501668, 0.000130833344883 ], [ -83.412897897774855, 33.958953525354566, 0.000130833344883 ], [ -83.41294014244923, 33.959148744675105, 0.000130833344883 ], [ -83.412962270562801, 33.9592672112896, 0.000130833344883 ], [ -83.413011221044229, 33.95955697982842, 0.000130833344883 ], [ -83.413066206903181, 33.959894022701377, 0.000130833344883 ], [ -83.413129909003274, 33.960286125374182, 0.000130833344883 ], [ -83.413176176696624, 33.960593132160255, 0.000130833344883 ], [ -83.413222444606959, 33.960866768084585, 0.000130833344883 ], [ -83.413259996144589, 33.961140402018231, 0.000130833344883 ], [ -83.413290170678565, 33.961379554256929, 0.000130833344883 ], [ -83.41331297009792, 33.961569762294815, 0.000130833344883 ], [ -83.413323698453766, 33.961647068723103, 0.000130833344883 ], [ -83.41333643930389, 33.961707690782987, 0.000130833344883 ] ] } },
{ "type": "Feature", "properties": { "Type": "Bike Lane", "Category": "Delineated", "Status": "Existing", "RoadName": "Alps Road", "Protected": "No" }, "geometry": { "type": "LineString", "coordinates": [ [ -83.409768362085856, 33.949523699477133, 0.000130833344883 ], [ -83.409754279865695, 33.949509236894492, 0.000130833344883 ], [ -83.409738187478354, 33.949484762315571, 0.000130833344883 ], [ -83.409729470085793, 33.949450274844402, 0.000130833344883 ], [ -83.409718740754286, 33.949391312816772, 0.000130833344883 ], [ -83.409689907630863, 33.94922555235074, 0.000130833344883 ], [ -83.409669119920196, 33.949101509650589, 0.000130833344883 ], [ -83.409587313005389, 33.948613680540525, 0.000130833344883 ], [ -83.409484718990711, 33.948009592105521, 0.000130833344883 ], [ -83.409382794236492, 33.947407168400353, 0.000130833344883 ], [ -83.409282212231062, 33.946810859356901, 0.000130833344883 ], [ -83.409179616986663, 33.946191738150929, 0.000130833344883 ], [ -83.409070987507761, 33.945544800492684, 0.000130833344883 ] ] } },
{ "type": "Feature", "properties": { "Type": "Bike Lane", "Category": "Delineated", "Status": "Existing", "RoadName": "Alps Road", "Protected": "No" }, "geometry": { "type": "LineString", "coordinates": [ [ -83.408890609995481, 33.945569275923376, 0.000130833344883 ], [ -83.408911397039205, 33.945716131076097, 0.000130833344883 ], [ -83.408954312249222, 33.945980357397431, 0.000130833344883 ], [ -83.409055565116702, 33.946615610968621, 0.000130833344883 ], [ -83.409160171672184, 33.947234172093857, 0.000130833344883 ], [ -83.40926276612521, 33.947839935122573, 0.000130833344883 ], [ -83.409306351976923, 33.948094142295822, 0.000130833344883 ], [ -83.409317750962913, 33.948184811419196, 0.000130833344883 ], [ -83.4093398787994, 33.948340561759821, 0.000130833344883 ], [ -83.40939218228695, 33.948629255487639, 0.000130833344883 ], [ -83.409431074696258, 33.948873448508685, 0.000130833344883 ], [ -83.409501482589476, 33.949302870523667, 0.000130833344883 ], [ -83.409543056728225, 33.949554849060661, 0.000130833344883 ] ] } },
{ "type": "Feature", "properties": { "Type": "Bike Lane", "Category": "Delineated", "Status": "Existing", "RoadName": "Hickory Street", "Protected": "No" }, "geometry": { "type": "LineString", "coordinates": [ [ -83.36995308437227, 33.958619026773086, 0.000458916678326 ], [ -83.369958072027458, 33.958711210125607, 0.000130833344883 ], [ -83.369943320459811, 33.958994863537406, 0.000130833344883 ], [ -83.369937955902444, 33.959141694933699, 0.000130833344883 ], [ -83.369933932637096, 33.959266279151535, 0.000130833344883 ], [ -83.369933932777315, 33.959317447337519, 0.000130833344883 ], [ -83.369939297375467, 33.959381964091605, 0.000130833344883 ], [ -83.36994868461241, 33.959448705872127, 0.000130833344883 ], [ -83.36996343652504, 33.959513222981016, 0.000130833344883 ], [ -83.369977518232545, 33.95956049726594, 0.000130833344883 ], [ -83.369990929659764, 33.959601098117297, 0.000130833344883 ], [ -83.370033174659341, 33.959729019272352, 0.000130833344883 ], [ -83.370054632177229, 33.959791866740012, 0.000130833344883 ], [ -83.370081454433375, 33.959892534740931, 0.000130833344883 ], [ -83.370108275763002, 33.959998764664043, 0.000130833344883 ], [ -83.370260491323634, 33.960576627541123, 0.000130833344883 ], [ -83.370385214114364, 33.96106216309564, 0.000130833344883 ], [ -83.370499207298337, 33.961495973158897, 0.000130833344883 ], [ -83.37059375547453, 33.961855810463362, 0.000130833344883 ], [ -83.370599119681842, 33.961894185445814, 0.000130833344883 ], [ -83.370601131867701, 33.961935341803148, 0.000130833344883 ], [ -83.370599119874342, 33.961978722510757, 0.000130833344883 ], [ -83.370592414551581, 33.962023215181233, 0.000130833344883 ], [ -83.370583026438638, 33.962066595963314, 0.000130833344883 ], [ -83.370562910587822, 33.962121656026561, 0.000130833344883 ], [ -83.370533405974001, 33.962173935245815, 0.000130833344883 ], [ -83.370510606697295, 33.962210641322713, 0.000130833344883 ], [ -83.370475738039389, 33.962254022257966, 0.000130833344883 ], [ -83.370446904397696, 33.962285723306209, 0.000130833344883 ], [ -83.370428128797414, 33.962297958186745, 0.000130833344883 ], [ -83.370404659778742, 33.962308525405447, 0.000130833344883 ], [ -83.370383202746268, 33.962312418514166, 0.000130833344883 ], [ -83.370357050538573, 33.962312975096602, 0.000130833344883 ], [ -83.370331570217999, 33.962310750095341, 0.000130833344883 ], [ -83.370308100410455, 33.962303519825547, 0.000130833344883 ], [ -83.370284631173149, 33.96229239737383, 0.000130833344883 ] ] } },
{ "type": "Feature", "properties": { "Type": "Bike Lane", "Category": "Delineated", "Status": "Existing", "RoadName": "Hickory Street", "Protected": "No" }, "geometry": { "type": "LineString", "coordinates": [ [ -83.370440870179365, 33.962502624906989, 0.000458916678326 ], [ -83.370438857954682, 33.962487608464428, 0.000458916678326 ], [ -83.370440198910188, 33.962462025395169, 0.000458916678326 ], [ -83.370451598460903, 33.962442003513971, 0.000458916678326 ], [ -83.370473055735786, 33.962417532414662, 0.000458916678326 ], [ -83.370498537318213, 33.962396398898576, 0.000458916678326 ], [ -83.370536087680463, 33.96236191690712, 0.000458916678326 ], [ -83.370562910590863, 33.962334664820951, 0.000458916678326 ], [ -83.37060046149854, 33.962288503564068, 0.000458916678326 ], [ -83.370638012493984, 33.96222955138154, 0.000458916678326 ], [ -83.37066483414911, 33.962170598316874, 0.000458916678326 ], [ -83.370679586158175, 33.962133335273997, 0.000458916678326 ], [ -83.370690314616326, 33.962089398755147, 0.000458916678326 ], [ -83.370699702735578, 33.962030445632472, 0.000458916678326 ], [ -83.370702385102675, 33.96197816601741, 0.000458916678326 ], [ -83.370695679237471, 33.961916431978501, 0.000458916678326 ], [ -83.370688973680274, 33.961876388490566, 0.000458916678326 ], [ -83.370660810510088, 33.961772942274159, 0.000458916678326 ], [ -83.37049451344916, 33.961132240628331, 0.000458916678326 ], [ -83.370361073706931, 33.960621121049563, 0.000458916678326 ], [ -83.370228975129805, 33.960115561091307, 0.000458916678326 ], [ -83.370171308165709, 33.959886972775266, 0.000458916678326 ], [ -83.370148508780488, 33.959794648034254, 0.000458916678326 ], [ -83.370133757487736, 33.959726794152388, 0.000458916678326 ], [ -83.370123027973548, 33.959672289155094, 0.000458916678326 ], [ -83.370092182394259, 33.959503767277404, 0.000458916678326 ], [ -83.370068713188587, 33.959370841191479, 0.000458916678326 ], [ -83.370064020152014, 33.959329683689191, 0.000458916678326 ], [ -83.370062008176362, 33.95928296447255, 0.000458916678326 ], [ -83.370064690086423, 33.959148925563589, 0.000458916678326 ], [ -83.370084864228687, 33.958694967192315, 0.000130833344883 ], [ -83.370070268041445, 33.95850764581499, 0.000130833344883 ] ] } },
{ "type": "Feature", "properties": { "Type": "Bike Lane", "Category": "Delineated", "Status": "Existing", "RoadName": "Carlton Street", "Protected": null }, "geometry": { "type": "LineString", "coordinates": [ [ -83.37203167573729, 33.941051947744732, 0.000130833344883 ], [ -83.372440712670624, 33.941187684541781, 0.000130833344883 ], [ -83.372877912431079, 33.941331209248787, 0.000130833344883 ], [ -83.373168931917391, 33.94142689195337, 0.000130833344883 ], [ -83.373341935081044, 33.941480295905308, 0.000130833344883 ], [ -83.373592721662845, 33.941549277211983, 0.000130833344883 ], [ -83.373826743869245, 33.941609356772858, 0.000130833344883 ], [ -83.374090941833686, 33.941668880029262, 0.000130833344883 ], [ -83.374308870419938, 33.941715052517559, 0.000130833344883 ], [ -83.374550269835169, 33.941765119067327, 0.000130833344883 ], [ -83.374807761201083, 33.941818523579926, 0.000130833344883 ], [ -83.375083358566485, 33.941874709094918, 0.000130833344883 ] ] } },
{ "type": "Feature", "properties": { "Type": "Bike Lane", "Category": "Delineated", "Status": "Existing", "RoadName": "Carlton Street", "Protected": null }, "geometry": { "type": "LineString", "coordinates": [ [ -83.375106827974903, 33.941801834218445, 0.000130833344883 ], [ -83.374932484264065, 33.941765675277971, 0.000130833344883 ], [ -83.374701143276894, 33.941718946978327, 0.000130833344883 ], [ -83.374410123902621, 33.941657753976124, 0.000130833344883 ], [ -83.374232427656949, 33.941619926157152, 0.000130833344883 ], [ -83.374051379203976, 33.941582098139335, 0.000130833344883 ], [ -83.373915256920839, 33.941550389780474, 0.000130833344883 ], [ -83.373686599090689, 33.941494760061886, 0.000130833344883 ], [ -83.373514936812782, 33.94144803073943, 0.000130833344883 ], [ -83.373376803477655, 33.941407978073293, 0.000130833344883 ], [ -83.373219894527537, 33.941361248736087, 0.000130833344883 ], [ -83.373005317527785, 33.941292824680708, 0.000130833344883 ], [ -83.372866513129892, 33.941248320441332, 0.000130833344883 ], [ -83.372622432287287, 33.941165988588203, 0.000130833344883 ], [ -83.372545319271012, 33.941138173720745, 0.000130833344883 ], [ -83.372348176122415, 33.941053060615268, 0.000130833344883 ], [ -83.372279110092705, 33.941026914063393, 0.000130833344883 ], [ -83.371889518860556, 33.94089673980077, 0.000130833344883 ] ] } },
{ "type": "Feature", "properties": { "Type": "Bike Lane", "Category": "Delineated", "Status": "Existing", "RoadName": "Sanford Drive", "Protected": null }, "geometry": { "type": "LineString", "coordinates": [ [ -83.376583383255209, 33.947661627704868, 0.000130833344883 ], [ -83.376639709975294, 33.947728378263641, 0.000130833344883 ], [ -83.376717493911727, 33.947821829326934, 0.000130833344883 ], [ -83.376807347012516, 33.947928630183334, 0.000130833344883 ], [ -83.376854285873904, 33.947984255114029, 0.000130833344883 ], [ -83.376897201430154, 33.94804210550187, 0.000130833344883 ], [ -83.376932069772593, 33.94810106821128, 0.000130833344883 ], [ -83.376962915874344, 33.948162256394639, 0.000130833344883 ], [ -83.376980349603102, 33.948219550188448, 0.000130833344883 ], [ -83.376992420126655, 33.948282406687142, 0.000130833344883 ], [ -83.376995772375807, 33.948352493962076, 0.000130833344883 ], [ -83.376991079208565, 33.948420913064247, 0.000130833344883 ], [ -83.37697632621996, 33.948487662791166, 0.000130833344883 ], [ -83.376954868726699, 33.948551631356963, 0.000130833344883 ], [ -83.376902566158989, 33.948672337852017, 0.000130833344883 ], [ -83.376847580197293, 33.948805836987084, 0.000130833344883 ], [ -83.376819417207855, 33.948858680980273, 0.000130833344883 ], [ -83.376772478929652, 33.948918755209668, 0.000130833344883 ], [ -83.376706093748993, 33.948977717379726, 0.000130833344883 ] ] } },
{ "type": "Feature", "properties": { "Type": "Bike Lane", "Category": "Delineated", "Status": "Existing", "RoadName": "Hickory Street", "Protected": "No" }, "geometry": { "type": "LineString", "coordinates": [ [ -83.369754480126346, 33.956618532595954, 0.000130833344883 ], [ -83.369086610497007, 33.957042353339141, 0.000130833344883 ] ] } },
{ "type": "Feature", "properties": { "Type": "Bike Lane", "Category": "Delineated", "Status": "Existing", "RoadName": "Hickory Street", "Protected": "No" }, "geometry": { "type": "LineString", "coordinates": [ [ -83.369163053941634, 33.957135794042536, 0.000130833344883 ], [ -83.369180487579854, 33.957119664770019, 0.000130833344883 ], [ -83.369213344430491, 33.957097973405119, 0.000130833344883 ], [ -83.369832935154562, 33.956703630837616, 0.000130833344883 ] ] } },
{ "type": "Feature", "properties": { "Type": "Bike Lane", "Category": "Delineated", "Status": "Existing", "RoadName": "Hickory Street", "Protected": "No" }, "geometry": { "type": "LineString", "coordinates": [ [ -83.369163053941634, 33.957135794042536, 0.000130833344883 ], [ -83.369150312984146, 33.957158042186208, 0.000130833344883 ], [ -83.369147630744393, 33.957179733402121, 0.000130833344883 ], [ -83.36915433683221, 33.95719919990534, 0.000130833344883 ], [ -83.36916372440858, 33.957214217282363, 0.000130833344883 ], [ -83.369186523108681, 33.957238133735714, 0.000130833344883 ], [ -83.369610312264541, 33.957694210419795, 0.000130833344883 ], [ -83.369893954739766, 33.958004007210079, 0.000130833344883 ], [ -83.369926142023928, 33.958038490582886, 0.000130833344883 ], [ -83.369950952213472, 33.958069637179698, 0.000130833344883 ], [ -83.369971738760995, 33.958098559640213, 0.000130833344883 ], [ -83.369991185043617, 33.958130818338027, 0.000130833344883 ], [ -83.370009290155252, 33.95816418903415, 0.000130833344883 ], [ -83.370022031011729, 33.958192554517957, 0.000130833344883 ], [ -83.370032759185762, 33.95822036421395, 0.000130833344883 ], [ -83.370044159189206, 33.958255959919462, 0.000130833344883 ], [ -83.370052205903704, 33.958288218758092, 0.000130833344883 ], [ -83.370056899914147, 33.958313246747572, 0.000130833344883 ], [ -83.3700622640349, 33.958360523213585, 0.000130833344883 ], [ -83.370070268041445, 33.95850764581499, 0.000130833344883 ] ] } },
{ "type": "Feature", "properties": { "Type": "Bike Lane", "Category": "Delineated", "Status": "Existing", "RoadName": "Hickory Street", "Protected": "No" }, "geometry": { "type": "LineString", "coordinates": [ [ -83.36995308437227, 33.958619026773086, 0.000130833344883 ], [ -83.369940223099803, 33.958451181133761, 0.000130833344883 ], [ -83.369932176634663, 33.958363303827596, 0.000130833344883 ], [ -83.369926142164488, 33.958314359575418, 0.000130833344883 ], [ -83.369912060068884, 33.958254847932196, 0.000130833344883 ], [ -83.369891943634627, 33.958194779709423, 0.000130833344883 ], [ -83.36987249721237, 33.958151397122286, 0.000130833344883 ], [ -83.36984165253736, 33.958095221948909, 0.000130833344883 ], [ -83.369798066398644, 33.958035710424014, 0.000130833344883 ], [ -83.369717599611377, 33.957944495348194, 0.000130833344883 ], [ -83.369570749561234, 33.957778750992844, 0.000130833344883 ], [ -83.369423898660472, 33.957623017762899, 0.000130833344883 ], [ -83.369029613938082, 33.957189744536535, 0.000130833344883 ], [ -83.368898856319746, 33.957049028245038, 0.000130833344883 ] ] } },
{ "type": "Feature", "properties": { "Type": "Bike Lane", "Category": "Delineated", "Status": "Existing", "RoadName": "Oglethorpe Avenue", "Protected": "No" }, "geometry": { "type": "LineString", "coordinates": [ [ -83.402916284015632, 33.962848174998854, 0.000130833344883 ], [ -83.403122144009757, 33.962836495431226, 0.000130833344883 ], [ -83.403803424484011, 33.962800901025233, 0.000130833344883 ], [ -83.404449166700815, 33.962765863543737, 0.000130833344883 ], [ -83.405227677736207, 33.962720258769323, 0.000130833344883 ], [ -83.40590895790443, 33.962686333266603, 0.000130833344883 ], [ -83.406529219057873, 33.962657969571353, 0.000130833344883 ], [ -83.407253415527492, 33.962622374950278, 0.000130833344883 ], [ -83.407855570608234, 33.962595679808949, 0.000130833344883 ], [ -83.408473819686606, 33.962566759249754, 0.000130833344883 ], [ -83.409110844433471, 33.962536170493742, 0.000130833344883 ], [ -83.409140348299005, 33.962533946627289, 0.000130833344883 ] ] } },
{ "type": "Feature", "properties": { "Type": "Bike Lane", "Category": "Delineated", "Status": "Existing", "RoadName": "Oglethorpe Avenue", "Protected": "No" }, "geometry": { "type": "LineString", "coordinates": [ [ -83.408882186213788, 33.962478330113271, 0.000130833344883 ], [ -83.408396706444407, 33.962501689271583, 0.000130833344883 ], [ -83.406997264698106, 33.962567871355745, 0.000130833344883 ], [ -83.405744672929501, 33.962625155946164, 0.000130833344883 ], [ -83.404833393095558, 33.962675210285489, 0.000130833344883 ], [ -83.404345230804608, 33.962703574058686, 0.000130833344883 ], [ -83.40302558496326, 33.962772537569315, 0.000130833344883 ], [ -83.402933047954534, 33.962779767605639, 0.000130833344883 ], [ -83.402868674846673, 33.96278532859025, 0.000130833344883 ], [ -83.402813689875813, 33.962794227814811, 0.000130833344883 ], [ -83.402756022783763, 33.962804794549854, 0.000130833344883 ], [ -83.402686955462897, 33.962820922767278, 0.000130833344883 ], [ -83.402621911997215, 33.962840944675747, 0.000130833344883 ], [ -83.402567597916146, 33.962860966442641, 0.000130833344883 ], [ -83.402514623406361, 33.96288654943514, 0.000130833344883 ], [ -83.402447568478308, 33.962926036852465, 0.000130833344883 ], [ -83.402397277381937, 33.962959961797395, 0.000130833344883 ], [ -83.402346315194919, 33.963000561580394, 0.000130833344883 ], [ -83.402286636368771, 33.963051171728004, 0.000130833344883 ], [ -83.402235674340886, 33.963101780988474, 0.000130833344883 ] ] } },
{ "type": "Feature", "properties": { "Type": "Bike Lane", "Category": "Delineated", "Status": "Existing", "RoadName": "Oglethorpe Avenue", "Protected": "No" }, "geometry": { "type": "LineString", "coordinates": [ [ -83.415267853420048, 33.961771450807291, 0.000130833344883 ], [ -83.415865315245313, 33.961641308754743, 0.000130833344883 ], [ -83.416272340542221, 33.961558995706156, 0.000130833344883 ], [ -83.416343670636437, 33.961546256422928, 0.000130833344883 ], [ -83.416390609699647, 33.96153958222915, 0.000130833344883 ], [ -83.416446936234308, 33.961536245250556, 0.000130833344883 ], [ -83.416496556382555, 33.961535133086436, 0.000130833344883 ], [ -83.416536789443384, 33.961536801921682, 0.000130833344883 ], [ -83.416585069382506, 33.961541807009226, 0.000130833344883 ], [ -83.416627313845808, 33.961546812263954, 0.000130833344883 ], [ -83.416664865076555, 33.961551262372517, 0.000130833344883 ], [ -83.41671113346834, 33.961560717160665, 0.000130833344883 ], [ -83.416762765930585, 33.961571840112242, 0.000130833344883 ], [ -83.416827809896333, 33.96158741299088, 0.000130833344883 ], [ -83.416948509213924, 33.961620782499466, 0.000130833344883 ], [ -83.417566758222421, 33.961800979665249, 0.000130833344883 ], [ -83.417908739162058, 33.961902201185985, 0.000130833344883 ], [ -83.418106552119497, 33.961958373043736, 0.000130833344883 ], [ -83.418131362810854, 33.961966159569982, 0.000130833344883 ] ] } },
{ "type": "Feature", "properties": { "Type": "Bike Lane", "Category": "Delineated", "Status": "Existing", "RoadName": "Oglethorpe Avenue", "Protected": "No" }, "geometry": { "type": "LineString", "coordinates": [ [ -83.41795232559204, 33.961988962028052, 0.000130833344883 ], [ -83.417705561701524, 33.961915549231449, 0.000130833344883 ], [ -83.417436000218316, 33.961833237242992, 0.000130833344883 ], [ -83.416828479871953, 33.961659158111523, 0.000130833344883 ], [ -83.416792270415868, 33.961648034486146, 0.000130833344883 ], [ -83.416757400983542, 33.961639692329513, 0.000130833344883 ], [ -83.416719850323062, 33.961631350054709, 0.000130833344883 ], [ -83.416682969925773, 33.961625787872336, 0.000130833344883 ], [ -83.416626643563703, 33.961619113617715, 0.000130833344883 ], [ -83.416549530016653, 33.96161410863369, 0.000130833344883 ], [ -83.416488510279109, 33.96161355280563, 0.000130833344883 ], [ -83.4164409004741, 33.961614664597676, 0.000130833344883 ], [ -83.416380551479705, 33.961618557681554, 0.000130833344883 ], [ -83.41631617834939, 33.96162689993109, 0.000130833344883 ], [ -83.416229006419144, 33.961641360229855, 0.000130833344883 ], [ -83.415966149565392, 33.961693640360181, 0.000130833344883 ], [ -83.41548938723291, 33.961793192695374, 0.000130833344883 ], [ -83.415363994367766, 33.961821001672817, 0.000130833344883 ] ] } },
{ "type": "Feature", "properties": { "Type": "Bike Lane", "Category": "Delineated", "Status": "Existing", "RoadName": "Oglethorpe Avenue", "Protected": "No" }, "geometry": { "type": "LineString", "coordinates": [ [ -83.420297245244129, 33.962151917414971, 0.000130833344883 ], [ -83.420936952378497, 33.962225330768206, 0.000130833344883 ], [ -83.421267534085217, 33.962261481324624, 0.000130833344883 ], [ -83.421500886684754, 33.962290401201706, 0.000130833344883 ], [ -83.421684617472508, 33.962311535225652, 0.000130833344883 ], [ -83.42218820275238, 33.962372156583882, 0.000130833344883 ], [ -83.422497997747271, 33.962409419606487, 0.000130833344883 ], [ -83.42266496515937, 33.962429441023062, 0.000130833344883 ], [ -83.42277225345471, 33.962438896335463, 0.000130833344883 ], [ -83.42310149480933, 33.962469484537756, 0.000130833344883 ], [ -83.423245663280582, 33.962483388931616, 0.000130833344883 ], [ -83.423576916295133, 33.962520095441207, 0.000130833344883 ], [ -83.423793504631405, 33.962544009578664, 0.000130833344883 ], [ -83.423851842464558, 33.962548459441464, 0.000130833344883 ], [ -83.423896769006348, 33.962551239725308, 0.000130833344883 ], [ -83.423965836471751, 33.962550683697671, 0.000130833344883 ], [ -83.424156272837081, 33.962549015216062, 0.000130833344883 ], [ -83.424277643097028, 33.962544009588086, 0.000130833344883 ], [ -83.42482347246002, 33.962523431808151, 0.000130833344883 ], [ -83.425255308028724, 33.962506191512219, 0.000130833344883 ], [ -83.425350526236301, 33.962502853924001, 0.000130833344883 ], [ -83.425436357111877, 33.962503966818296, 0.000130833344883 ], [ -83.425505423055711, 33.962505078775557, 0.000130833344883 ], [ -83.425593936473362, 33.962508415728131, 0.000130833344883 ], [ -83.425685132033024, 33.962515645637595, 0.000130833344883 ], [ -83.425758891992416, 33.962525100252542, 0.000130833344883 ], [ -83.425822595102957, 33.962535110982216, 0.000130833344883 ], [ -83.425905072300054, 33.962549015076064, 0.000130833344883 ], [ -83.425971457587593, 33.962562919646444, 0.000130833344883 ], [ -83.426045888573555, 33.962579604439121, 0.000130833344883 ], [ -83.426127025814111, 33.962600182067177, 0.000130833344883 ], [ -83.426218220177958, 33.962628545943197, 0.000130833344883 ], [ -83.426300028088818, 33.962658022662197, 0.000130833344883 ], [ -83.426383175819069, 33.962689723514607, 0.000130833344883 ], [ -83.426509911007116, 33.962749788360874, 0.000130833344883 ], [ -83.426582330393003, 33.962785381677293, 0.000130833344883 ], [ -83.426666149122894, 33.962833211461593, 0.000130833344883 ], [ -83.426750639238676, 33.962885490105407, 0.000130833344883 ], [ -83.426863961498711, 33.96296724484953, 0.000130833344883 ], [ -83.426996730902985, 33.963076807155353, 0.000130833344883 ], [ -83.427053728713929, 33.963130754217772, 0.000130833344883 ], [ -83.427120112702639, 33.963195268487532, 0.000130833344883 ], [ -83.427241483048419, 33.963321515536116, 0.000130833344883 ], [ -83.427443989269065, 33.96352895999086, 0.000130833344883 ], [ -83.427764513300602, 33.963860981491827, 0.000130833344883 ], [ -83.42824395775574, 33.964359846222443, 0.000130833344883 ], [ -83.428556490548957, 33.964683719560199, 0.000130833344883 ] ] } },
{ "type": "Feature", "properties": { "Type": "Bike Lane", "Category": "Delineated", "Status": "Existing", "RoadName": "Oglethorpe Avenue", "Protected": "No" }, "geometry": { "type": "LineString", "coordinates": [ [ -83.42845653504753, 33.964743780496022, 0.000130833344883 ], [ -83.428329118662248, 33.964611779538501, 0.000130833344883 ], [ -83.42798847797232, 33.964254178542753, 0.000130833344883 ], [ -83.427721597506491, 33.963979440892182, 0.000130833344883 ], [ -83.427429237708211, 33.963673558989846, 0.000130833344883 ], [ -83.427270987006253, 33.963506713391617, 0.000130833344883 ], [ -83.427004107648912, 33.96323475562356, 0.000130833344883 ], [ -83.426892795964136, 33.963126305044831, 0.000130833344883 ], [ -83.426813670260344, 33.963062903268586, 0.000130833344883 ], [ -83.426760026453508, 33.963020635729272, 0.000130833344883 ], [ -83.426681571568125, 33.962966133070779, 0.000130833344883 ], [ -83.426607811385139, 33.962919415943901, 0.000130833344883 ], [ -83.426511251634906, 33.962865468791058, 0.000130833344883 ], [ -83.426418044375794, 33.962819863479332, 0.000130833344883 ], [ -83.42631545058272, 33.962774259337408, 0.000130833344883 ], [ -83.426195421161623, 33.962729766470758, 0.000130833344883 ], [ -83.426098191918911, 33.962698065513997, 0.000130833344883 ], [ -83.425968104051904, 33.962664696231968, 0.000130833344883 ], [ -83.425858134245047, 33.96264133753732, 0.000130833344883 ], [ -83.425760904387488, 33.962625208718343, 0.000130833344883 ], [ -83.425675073713279, 33.962615198176643, 0.000130833344883 ], [ -83.425596618447599, 33.962608524620713, 0.000130833344883 ], [ -83.425533586812165, 33.962606299512601, 0.000130833344883 ], [ -83.425451779394393, 33.962605743760477, 0.000130833344883 ], [ -83.425273412127751, 33.96261074893053, 0.000130833344883 ], [ -83.425023967170048, 33.96261964692593, 0.000130833344883 ], [ -83.424820119382304, 33.962627989786512, 0.000130833344883 ], [ -83.424225339330221, 33.962647455425163, 0.000130833344883 ], [ -83.424065077386558, 33.962650235622519, 0.000130833344883 ], [ -83.423943037268074, 33.962648011589209, 0.000130833344883 ], [ -83.423858547204631, 33.962643006332364, 0.000130833344883 ], [ -83.423749918461951, 33.962634107372402, 0.000130833344883 ], [ -83.423631230928493, 33.962620759512973, 0.000130833344883 ], [ -83.423464933189578, 33.962600181751803, 0.000130833344883 ], [ -83.423295283533108, 33.962581828500973, 0.000130833344883 ], [ -83.423163855259304, 33.962568480776952, 0.000130833344883 ], [ -83.423017675790319, 33.962556245616504, 0.000130833344883 ], [ -83.422932515535791, 33.962550683897412, 0.000130833344883 ], [ -83.422675023428098, 33.962524544693224, 0.000130833344883 ], [ -83.422516102976161, 33.962506747498708, 0.000130833344883 ], [ -83.422170097477959, 33.962467260335671, 0.000130833344883 ], [ -83.42187706588139, 33.962433890050725, 0.000130833344883 ], [ -83.421575318150204, 33.962397739871797, 0.000130833344883 ], [ -83.42143852564682, 33.962381055281185, 0.000130833344883 ], [ -83.421315813977444, 33.962359365388792, 0.000130833344883 ], [ -83.421152869640267, 33.962327107484803, 0.000130833344883 ], [ -83.421056981627146, 33.962308754334948, 0.000130833344883 ], [ -83.420999313754308, 33.962299856018717, 0.000130833344883 ], [ -83.420784736724258, 33.962275384761213, 0.000130833344883 ], [ -83.420393134783339, 33.962230891908774, 0.000130833344883 ] ] } },
{ "type": "Feature", "properties": { "Type": "Bike Lane", "Category": "Delineated", "Status": "Existing", "RoadName": "Epps Bridge Parkway", "Protected": "No" }, "geometry": { "type": "LineString", "coordinates": [ [ -83.439881173204796, 33.923418344057012, 0.000130833344883 ], [ -83.439630386453317, 33.923932468192255, 0.000130833344883 ], [ -83.439524439948215, 33.924145016330797, 0.000130833344883 ], [ -83.439394352862564, 33.924418769703074, 0.000130833344883 ], [ -83.4393313209642, 33.924556758621151, 0.000130833344883 ], [ -83.439254877798163, 33.924734807731468, 0.000130833344883 ], [ -83.439163682576208, 33.924955144161558, 0.000130833344883 ], [ -83.439084557296866, 33.92515878738822, 0.000130833344883 ], [ -83.438922283803279, 33.92562171315781, 0.000130833344883 ], [ -83.438848522936837, 33.925856513100982, 0.000130833344883 ], [ -83.438804266423176, 33.926004514995427, 0.000130833344883 ], [ -83.438754645931766, 33.926182560888741, 0.000130833344883 ], [ -83.438730506292117, 33.926278817756838, 0.000130833344883 ], [ -83.438699660107375, 33.926401224781635, 0.000130833344883 ], [ -83.438676861245042, 33.92649191674338, 0.000130833344883 ], [ -83.438618523058011, 33.926755090113197, 0.000130833344883 ], [ -83.438593712968441, 33.926875826951203, 0.000130833344883 ], [ -83.438569573789323, 33.926996007851876, 0.000130833344883 ], [ -83.438550127606135, 33.927098383659747, 0.000130833344883 ], [ -83.438532692568373, 33.927202984793425, 0.000130833344883 ], [ -83.438509893735457, 33.927343194628186, 0.000130833344883 ], [ -83.438493801108663, 33.92744890815495, 0.000130833344883 ], [ -83.43847368484397, 33.927597462860888, 0.000130833344883 ], [ -83.438459602454742, 33.927715416725846, 0.000130833344883 ], [ -83.438413334890527, 33.928113232072391, 0.000130833344883 ], [ -83.438391877204864, 33.928314641675598, 0.000130833344883 ], [ -83.438369748724483, 33.928508819139246, 0.000130833344883 ], [ -83.438346949784361, 33.92870855913101, 0.000130833344883 ], [ -83.438330856538755, 33.928852661109723, 0.000130833344883 ], [ -83.438267153883302, 33.929441863988998, 0.000130833344883 ], [ -83.438193393240383, 33.930097269755109, 0.000130833344883 ], [ -83.438125667806531, 33.930687020247987, 0.000130833344883 ], [ -83.438080070038481, 33.931093166433378, 0.000130833344883 ], [ -83.438054588999321, 33.931265638531364, 0.000130833344883 ], [ -83.438031790285493, 33.931403060414695, 0.000130833344883 ], [ -83.438002286019909, 33.931552721550744, 0.000130833344883 ], [ -83.437948641631792, 33.93179139940672, 0.000130833344883 ], [ -83.437921819290722, 33.931885980282708, 0.000130833344883 ], [ -83.437862140780695, 33.932092945428707, 0.000130833344883 ], [ -83.437817213307341, 33.932233147548423, 0.000130833344883 ], [ -83.437766251303785, 33.932383363199193, 0.000130833344883 ], [ -83.437713948993661, 33.93252189512242, 0.000130833344883 ], [ -83.437651587259964, 33.932670441979639, 0.000130833344883 ], [ -83.437579167623142, 33.932831228019324, 0.000130833344883 ], [ -83.437522170488421, 33.932953624900406, 0.000130833344883 ], [ -83.43743902216201, 33.93312498082561, 0.000130833344883 ], [ -83.43734782727023, 33.933311914716349, 0.000130833344883 ], [ -83.437200305689629, 33.933599546719364, 0.000130833344883 ], [ -83.437128556360392, 33.933736964164702, 0.000130833344883 ], [ -83.436978352468813, 33.934032383355685, 0.000130833344883 ], [ -83.436906603804118, 33.934173694685626, 0.000130833344883 ], [ -83.436839548745311, 33.934307216889216, 0.000130833344883 ], [ -83.436755058480401, 33.934483020966638, 0.000130833344883 ], [ -83.436695379487745, 33.934614317472125, 0.000130833344883 ], [ -83.436660510660374, 33.934689979754225, 0.000130833344883 ], [ -83.436563951962725, 33.934896381065286, 0.000130833344883 ], [ -83.436512989187833, 33.934992627939288, 0.000130833344883 ], [ -83.436457334388194, 33.935088317722581, 0.000130833344883 ], [ -83.436408383532793, 33.935172880884622, 0.000130833344883 ], [ -83.436339316878403, 33.935279697990765, 0.000130833344883 ], [ -83.436248121153085, 33.935400422642807, 0.000130833344883 ], [ -83.436135469060531, 33.935537837521757, 0.000130833344883 ], [ -83.436063720068304, 33.935615167848965, 0.000130833344883 ], [ -83.435938326879537, 33.935740342506818, 0.000130833344883 ], [ -83.435869259732257, 33.935802652598746, 0.000130833344883 ], [ -83.435798851397465, 33.935863292133412, 0.000130833344883 ], [ -83.43570966854999, 33.93593450326285, 0.000130833344883 ], [ -83.435642613142321, 33.935984016093251, 0.000130833344883 ], [ -83.435548735849338, 33.93604632565453, 0.000130833344883 ], [ -83.435450835417399, 33.936113085003662, 0.000130833344883 ], [ -83.435199378298165, 33.936272195714835, 0.000130833344883 ], [ -83.435071973408483, 33.936352307119741, 0.000130833344883 ], [ -83.434743402388875, 33.93655202846481, 0.000130833344883 ], [ -83.434497980336658, 33.936703349480453, 0.000130833344883 ], [ -83.434400750746946, 33.936765101758866, 0.000130833344883 ], [ -83.434280050728617, 33.93684410085686, 0.000130833344883 ], [ -83.434168739310138, 33.936918091387462, 0.000130833344883 ], [ -83.434069498294377, 33.936985406943073, 0.000130833344883 ], [ -83.433976961977393, 33.937052166356409, 0.000130833344883 ], [ -83.433840839641618, 33.937153973042847, 0.000130833344883 ], [ -83.433722152281632, 33.937248547926671, 0.000130833344883 ], [ -83.433643696909897, 33.937314194478517, 0.000130833344883 ], [ -83.433549149431002, 33.937395417719323, 0.000130833344883 ], [ -83.433465330092034, 33.937469964391525, 0.000130833344883 ], [ -83.433392910673106, 33.9375378358137, 0.000130833344883 ], [ -83.433306409722604, 33.93762295302021, 0.000130833344883 ], [ -83.433238683359875, 33.937692493218201, 0.000130833344883 ], [ -83.433174311347543, 33.937759251180175, 0.000130833344883 ], [ -83.433108597089969, 33.937833798168342, 0.000130833344883 ], [ -83.433020084280102, 33.937935604463021, 0.000130833344883 ], [ -83.432900054973814, 33.938082472489604, 0.000130833344883 ], [ -83.432816235605358, 33.938195961615939, 0.000130833344883 ], [ -83.432710959389539, 33.938343941600699, 0.000130833344883 ], [ -83.432623116959235, 33.938475788473546, 0.000130833344883 ], [ -83.432542650548356, 33.938607635081276, 0.000130833344883 ], [ -83.432478948794284, 33.938721679388038, 0.000130833344883 ], [ -83.432413904835101, 33.93884462438627, 0.000130833344883 ], [ -83.432356907741024, 33.938958112648493, 0.000130833344883 ], [ -83.432320698520599, 33.939037665043479, 0.000130833344883 ], [ -83.43225498435514, 33.939186199733392, 0.000130833344883 ], [ -83.432232185174655, 33.939245725457617, 0.000130833344883 ], [ -83.432189270244777, 33.939359768270236, 0.000130833344883 ], [ -83.43216177714821, 33.939438207737481, 0.000130833344883 ], [ -83.432126908709094, 33.939543350125582, 0.000130833344883 ], [ -83.4321007570218, 33.939636253868088, 0.000130833344883 ], [ -83.432071252415156, 33.939745846088734, 0.000130833344883 ], [ -83.432051806696933, 33.939820948024021, 0.000130833344883 ], [ -83.432031690067731, 33.939914963367364, 0.000130833344883 ], [ -83.432016267654305, 33.940042914167968, 0.000130833344883 ] ] } },
{ "type": "Feature", "properties": { "Type": "Bike Lane", "Category": "Delineated", "Status": "Existing", "RoadName": "Epps Bridge Parkway", "Protected": "No" }, "geometry": { "type": "LineString", "coordinates": [ [ -83.432350873071826, 33.939636810025156, 0.000130833344883 ], [ -83.432378365734607, 33.939540012992516, 0.000130833344883 ], [ -83.432413234152918, 33.939439877127853, 0.000130833344883 ], [ -83.432450114961625, 33.939339185242545, 0.000130833344883 ], [ -83.432488336507092, 33.939241830956036, 0.000130833344883 ], [ -83.43257014341124, 33.939055467095663, 0.000130833344883 ], [ -83.432641892989793, 33.938906931246493, 0.000130833344883 ], [ -83.432690171884602, 33.938815140228314, 0.000130833344883 ], [ -83.432760580094126, 33.938694419753176, 0.000130833344883 ], [ -83.432799471988929, 33.938627662522492, 0.000130833344883 ], [ -83.432829647257265, 33.938579819432228, 0.000130833344883 ], [ -83.432934252707327, 33.938421269476301, 0.000130833344883 ], [ -83.433001308506974, 33.938325583502071, 0.000130833344883 ], [ -83.433087138680179, 33.938212094511151, 0.000130833344883 ], [ -83.433150841164377, 33.938130872713565, 0.000130833344883 ], [ -83.433254106742027, 33.938005700823631, 0.000130833344883 ], [ -83.433331890376138, 33.937919471456084, 0.000130833344883 ], [ -83.433442531997144, 33.937799306654739, 0.000130833344883 ], [ -83.433553843598261, 33.93768915533019, 0.000130833344883 ], [ -83.433665155275676, 33.937584010500515, 0.000130833344883 ], [ -83.433763725609694, 33.937496112213182, 0.000130833344883 ], [ -83.433869673695469, 33.937405987519703, 0.000130833344883 ], [ -83.433968915267656, 33.937326433783582, 0.000130833344883 ], [ -83.434051393252417, 33.937263568961114, 0.000130833344883 ], [ -83.434132529765748, 33.937203486560911, 0.000130833344883 ], [ -83.434243841200626, 33.937124488568131, 0.000130833344883 ], [ -83.434354482405922, 33.937048827825457, 0.000130833344883 ], [ -83.434444336199448, 33.936987075903353, 0.000130833344883 ], [ -83.434530837845486, 33.936932000184612, 0.000130833344883 ], [ -83.43464617269899, 33.936859677769093, 0.000130833344883 ], [ -83.434882877075864, 33.936714476121246, 0.000130833344883 ], [ -83.435152438973105, 33.936550359757113, 0.000130833344883 ], [ -83.435189990551223, 33.936527550509638, 0.000130833344883 ], [ -83.435419318961081, 33.936386799380649, 0.000130833344883 ], [ -83.435529290176049, 33.936318927035025, 0.000130833344883 ], [ -83.43562316757756, 33.936258287262817, 0.000130833344883 ], [ -83.435706985979067, 33.936202098419592, 0.000130833344883 ], [ -83.435794158125347, 33.936140902087978, 0.000130833344883 ], [ -83.435882670732056, 33.936073585453869, 0.000130833344883 ], [ -83.435971184004487, 33.936002375636662, 0.000130833344883 ], [ -83.436071766430615, 33.935914474767067, 0.000130833344883 ], [ -83.436148209635618, 33.935842151845556, 0.000130833344883 ], [ -83.436226663487702, 33.935764265289841, 0.000130833344883 ], [ -83.436307801155252, 33.935677476846251, 0.000130833344883 ], [ -83.436378879043431, 33.935596252880259, 0.000130833344883 ], [ -83.436440569786583, 33.935519478509505, 0.000130833344883 ], [ -83.436500919308727, 33.935441035399464, 0.000130833344883 ], [ -83.436567304197737, 33.935345901504981, 0.000130833344883 ], [ -83.436619607670309, 33.935266345828779, 0.000130833344883 ], [ -83.436664534930557, 33.935191239986239, 0.000130833344883 ], [ -83.436714155523973, 33.935106120795794, 0.000130833344883 ], [ -83.43679126839055, 33.934960360437437, 0.000130833344883 ], [ -83.436868382607159, 33.934809592529199, 0.000130833344883 ], [ -83.436955554365582, 33.934648254270954, 0.000130833344883 ], [ -83.437081617779498, 33.93441014046391, 0.000130833344883 ], [ -83.437229138851237, 33.934124180223009, 0.000130833344883 ], [ -83.437345815340848, 33.933894409841251, 0.000130833344883 ], [ -83.437420917622518, 33.933749759631631, 0.000130833344883 ], [ -83.43753759357547, 33.933522214201069, 0.000130833344883 ], [ -83.437660304359227, 33.933281871854795, 0.000130833344883 ], [ -83.437705901531388, 33.933186179641055, 0.000130833344883 ], [ -83.437740771069457, 33.933113297583056, 0.000130833344883 ], [ -83.437794414557487, 33.932994238322088, 0.000130833344883 ], [ -83.437827271919502, 33.932911342836761, 0.000130833344883 ], [ -83.437869516896129, 33.932797846580776, 0.000130833344883 ], [ -83.437904385797964, 33.932697703579535, 0.000130833344883 ], [ -83.437938583429812, 33.932599785357588, 0.000130833344883 ], [ -83.43796138187615, 33.932536360834781, 0.000130833344883 ], [ -83.438050565357827, 33.932281549938651, 0.000130833344883 ], [ -83.438102869043533, 33.932112418342292, 0.000130833344883 ], [ -83.438155171795586, 33.931935495954257, 0.000130833344883 ], [ -83.438173947095137, 33.93186205690882, 0.000130833344883 ], [ -83.438208816545682, 33.931723523516048, 0.000130833344883 ], [ -83.438244354780664, 33.931563848752162, 0.000130833344883 ], [ -83.438269166160339, 33.931438110899819, 0.000130833344883 ], [ -83.438291964759145, 33.931301802450648, 0.000130833344883 ], [ -83.438308057220567, 33.931193311180046, 0.000130833344883 ], [ -83.43837779517294, 33.930598557810562, 0.000130833344883 ], [ -83.438450885361291, 33.929943155227278, 0.000130833344883 ], [ -83.438521964390048, 33.929304439241491, 0.000130833344883 ], [ -83.438564879276797, 33.928913862922307, 0.000130833344883 ], [ -83.438598407336798, 33.92862844106363, 0.000130833344883 ], [ -83.43862858138823, 33.928348581183265, 0.000130833344883 ], [ -83.43866076806917, 33.928068721459532, 0.000130833344883 ], [ -83.438682896948166, 33.92788622691593, 0.000130833344883 ], [ -83.438709718631955, 33.927640305187751, 0.000130833344883 ], [ -83.438748610301985, 33.927368231627966, 0.000130833344883 ], [ -83.438768727070354, 33.927241932075248, 0.000130833344883 ], [ -83.438804266038204, 33.927037180400781, 0.000130833344883 ], [ -83.438827065634015, 33.926915887069264, 0.000130833344883 ], [ -83.438855228985148, 33.926777902471962, 0.000130833344883 ], [ -83.438877356760841, 33.926678864869025, 0.000130833344883 ], [ -83.438931000753016, 33.926447405516818, 0.000130833344883 ], [ -83.438973245555061, 33.926281599434084, 0.000130833344883 ], [ -83.43902085448984, 33.92611022966959, 0.000130833344883 ], [ -83.439045665285278, 33.926024544413117, 0.000130833344883 ], [ -83.439092603784687, 33.925865971633556, 0.000130833344883 ], [ -83.439174411172132, 33.925612810111254, 0.000130833344883 ], [ -83.439235431579959, 33.925434206553767, 0.000130833344883 ], [ -83.439281699649527, 33.925307346374709, 0.000130833344883 ], [ -83.439352107750381, 33.925120952433211, 0.000130833344883 ], [ -83.439427880303953, 33.924931219023534, 0.000130833344883 ], [ -83.43951237001221, 33.924729243650667, 0.000130833344883 ], [ -83.43958814199199, 33.924557315015711, 0.000130833344883 ], [ -83.439722251934569, 33.924274660201895, 0.000130833344883 ], [ -83.439824847098933, 33.924062668240211, 0.000130833344883 ], [ -83.439922747855064, 33.923861247747134, 0.000130833344883 ], [ -83.440062893058638, 33.923573582749604, 0.000130833344883 ], [ -83.440101114805231, 33.923494572503706, 0.000130833344883 ] ] } },
{ "type": "Feature", "properties": { "Type": "Bike Lane", "Category": "Delineated", "Status": "Existing", "RoadName": "North Peter Street", "Protected": null }, "geometry": { "type": "LineString", "coordinates": [ [ -83.356564880231872, 33.962705408111503, 0.000130833344883 ], [ -83.356485457125629, 33.962758060356663, 0.000130833344883 ], [ -83.356395403007411, 33.962814023533817, 0.000130833344883 ], [ -83.356285668708878, 33.962876622615781, 0.000130833344883 ], [ -83.356104371348593, 33.962971255437886, 0.000130833344883 ], [ -83.355985442988654, 33.963028343568659, 0.000130833344883 ], [ -83.355884891360859, 33.963073715633207, 0.000130833344883 ], [ -83.355762648252167, 33.963123641996994, 0.000130833344883 ], [ -83.355580921458341, 33.963192153871439, 0.000130833344883 ], [ -83.355437034744796, 33.96324156130833, 0.000130833344883 ], [ -83.355317623786604, 33.963278165928479, 0.000130833344883 ], [ -83.355187388771412, 33.963314698164233, 0.000130833344883 ], [ -83.354911111505658, 33.963390101277966, 0.000130833344883 ], [ -83.354289378840718, 33.963559239118368, 0.000130833344883 ], [ -83.353864550274338, 33.96367631177646, 0.000130833344883 ], [ -83.353462340341963, 33.963786015832845, 0.000130833344883 ], [ -83.352888061903514, 33.963944185664126, 0.000130833344883 ], [ -83.352309284253153, 33.964101008502574, 0.000130833344883 ], [ -83.352122763793574, 33.964151445346928, 0.000130833344883 ], [ -83.351728669340787, 33.964261009871528, 0.000130833344883 ], [ -83.351484679545123, 33.964331545760615, 0.000130833344883 ], [ -83.351334739784576, 33.964376775366581, 0.000130833344883 ], [ -83.351168511023715, 33.964427532709138, 0.000130833344883 ], [ -83.350924388753469, 33.964504480525669, 0.000130833344883 ], [ -83.35077021031249, 33.964552286042611, 0.000130833344883 ], [ -83.350607149574557, 33.964601749100659, 0.000130833344883 ], [ -83.350267947150897, 33.964700962854302, 0.000130833344883 ], [ -83.350101283202179, 33.964750025370691, 0.000130833344883 ], [ -83.349582747419447, 33.964899330700888, 0.000130833344883 ] ] } },
{ "type": "Feature", "properties": { "Type": "Bike Lane", "Category": "Delineated", "Status": "Existing", "RoadName": "North Peter Street", "Protected": null }, "geometry": { "type": "LineString", "coordinates": [ [ -83.349561002405295, 33.96498318764575, 0.000130833344883 ], [ -83.349748124040559, 33.964940837873129, 0.000130833344883 ], [ -83.350141227599579, 33.964841232159472, 0.000130833344883 ], [ -83.350466765246608, 33.964756207554906, 0.000130833344883 ], [ -83.350660565400716, 33.964699245298519, 0.000130833344883 ], [ -83.351014511753689, 33.964590921115061, 0.000130833344883 ], [ -83.351134381078296, 33.964553948682983, 0.000130833344883 ], [ -83.351409856130047, 33.964468778252716, 0.000130833344883 ], [ -83.351675349080125, 33.964389928879619, 0.000130833344883 ], [ -83.35215196100674, 33.964258551181764, 0.000130833344883 ], [ -83.352446562626369, 33.964177450357496, 0.000130833344883 ], [ -83.352701136622287, 33.964108297972537, 0.000130833344883 ], [ -83.353296428405329, 33.963945945669387, 0.000130833344883 ], [ -83.354090679962539, 33.963728724185025, 0.000130833344883 ], [ -83.3553527794556, 33.963382961679415, 0.000130833344883 ], [ -83.355453508900794, 33.963350156724779, 0.000130833344883 ], [ -83.355559900383923, 33.963314746433646, 0.000130833344883 ], [ -83.355673398823598, 33.963272923870704, 0.000130833344883 ], [ -83.355797473491705, 33.963230584847025, 0.000130833344883 ], [ -83.355869622972634, 33.963201994628626, 0.000130833344883 ], [ -83.355995908001006, 33.96314939361109, 0.000130833344883 ], [ -83.35610043742976, 33.963100689221328, 0.000130833344883 ], [ -83.356206932311423, 33.963046900980544, 0.000130833344883 ], [ -83.356298483421938, 33.962999590470488, 0.000130833344883 ], [ -83.356387807056151, 33.962949258414852, 0.000130833344883 ], [ -83.356475104386959, 33.962898537891817, 0.000130833344883 ], [ -83.356573098439156, 33.962837553656009, 0.000130833344883 ] ] } },
{ "type": "Feature", "properties": { "Type": "Bike Lane", "Category": "Delineated", "Status": "Existing", "RoadName": "Tallassee Road", "Protected": "No" }, "geometry": { "type": "LineString", "coordinates": [ [ -83.436884422481498, 33.968051695448565, 0.000458916678326 ], [ -83.4369638208792, 33.968116512420423, 0.000458916678326 ], [ -83.437323042912254, 33.968345254953334, 0.000458916678326 ], [ -83.437410164505962, 33.968394397138333, 0.000458916678326 ] ] } },
{ "type": "Feature", "properties": { "Type": "Bike Lane", "Category": "Delineated", "Status": "Existing", "RoadName": "Tallassee Road", "Protected": "No" }, "geometry": { "type": "LineString", "coordinates": [ [ -83.438591544897534, 33.969085907932225, 0.000458916678326 ], [ -83.438667158950309, 33.969129677950491, 0.000458916678326 ], [ -83.43879365567409, 33.969181515242973, 0.000458916678326 ], [ -83.438956291012687, 33.96922101044315, 0.000458916678326 ], [ -83.438963408850398, 33.969222063223235, 0.000458916678326 ] ] } },
{ "type": "Feature", "properties": { "Type": "Bike Lane", "Category": "Delineated", "Status": "Existing", "RoadName": "Tallassee Road", "Protected": "No" }, "geometry": { "type": "LineString", "coordinates": [ [ -83.438651761181674, 33.96900057714852, 0.000458916678326 ], [ -83.438735397270889, 33.969027284044884, 0.000458916678326 ], [ -83.438960806736745, 33.969119371104178, 0.000458916678326 ], [ -83.439035230452646, 33.969155799355896, 0.000458916678326 ] ] } },
{ "type": "Feature", "properties": { "Type": "Bike Lane", "Category": "Delineated", "Status": "Existing", "RoadName": "Tallassee Road", "Protected": "No" }, "geometry": { "type": "LineString", "coordinates": [ [ -83.428556490548957, 33.964683719560199, 0.000130833344883 ], [ -83.428558446703263, 33.96468574726542, 0.000130833344883 ], [ -83.428757600579488, 33.964888182715143, 0.000130833344883 ], [ -83.428851477857918, 33.964978277844644, 0.000130833344883 ], [ -83.42893596777715, 33.965053913601515, 0.000130833344883 ], [ -83.42906672550366, 33.965162917056603, 0.000130833344883 ], [ -83.429210893991552, 33.965275257303574, 0.000130833344883 ], [ -83.429311476899699, 33.965345887086706, 0.000130833344883 ], [ -83.429418094651993, 33.96541651687469, 0.000130833344883 ] ] } },
{ "type": "Feature", "properties": { "Type": "Bike Lane", "Category": "Delineated", "Status": "Existing", "RoadName": "Tallassee Road", "Protected": "No" }, "geometry": { "type": "LineString", "coordinates": [ [ -83.429349027977352, 33.965501606193207, 0.000130833344883 ], [ -83.429237715954429, 33.965424858824768, 0.000130833344883 ], [ -83.429137804366476, 33.965353673112453, 0.000130833344883 ], [ -83.429016433643028, 33.965261910457343, 0.000130833344883 ], [ -83.428922556553999, 33.96518627528777, 0.000130833344883 ], [ -83.428802527805615, 33.965083389335064, 0.000130833344883 ], [ -83.428660370923453, 33.964950470875856, 0.000130833344883 ], [ -83.428514860704226, 33.96480420561722, 0.000130833344883 ], [ -83.42845653504753, 33.964743780496022, 0.000130833344883 ] ] } },
{ "type": "Feature", "properties": { "Type": "Bike Lane", "Category": "Delineated", "Status": "Existing", "RoadName": "Whitehall Road", "Protected": null }, "geometry": { "type": "LineString", "coordinates": [ [ -83.365294090933332, 33.897812408409806, 0.000130833344883 ], [ -83.365334342522758, 33.897707867933676, 0.000130833344883 ], [ -83.365353501856831, 33.897654654637861, 0.000130833344883 ], [ -83.36539640769341, 33.897541092833862, 0.000130833344883 ], [ -83.3654301325776, 33.897461324684208, 0.000130833344883 ], [ -83.365473591299136, 33.897372900428309, 0.000130833344883 ], [ -83.365530801040819, 33.897254717115352, 0.000130833344883 ], [ -83.365593100600137, 33.897129858943984, 0.000130833344883 ], [ -83.365612343814249, 33.897093427681895, 0.000130833344883 ], [ -83.36564299748936, 33.897040972490053, 0.000130833344883 ], [ -83.3656907109076, 33.896970518614125, 0.000130833344883 ], [ -83.365738144288727, 33.896908614601969, 0.000130833344883 ], [ -83.365846311931278, 33.896781539020559, 0.000130833344883 ], [ -83.365917183695245, 33.896707546232633, 0.000130833344883 ], [ -83.365992031673812, 33.896638441590412, 0.000130833344883 ], [ -83.366047164512935, 33.896591847126153, 0.000130833344883 ], [ -83.366121918263772, 33.896532803680024, 0.000130833344883 ], [ -83.36623244731615, 33.896454205156914, 0.000130833344883 ], [ -83.366336243119008, 33.896385960076238, 0.000130833344883 ], [ -83.366674066030157, 33.896171333174259, 0.000130833344883 ], [ -83.36672474139192, 33.896128230212192, 0.000130833344883 ] ] } },
{ "type": "Feature", "properties": { "Type": "Bike Lane", "Category": "Delineated", "Status": "Existing", "RoadName": "Whitehall Road", "Protected": null }, "geometry": { "type": "LineString", "coordinates": [ [ -83.366389006695471, 33.896269926621173, 0.000130833344883 ], [ -83.36634155683474, 33.89629074744019, 0.000130833344883 ], [ -83.366232328632904, 33.896359292627224, 0.000130833344883 ], [ -83.366135396908618, 33.896424564559176, 0.000130833344883 ], [ -83.36608601174575, 33.896458787654304, 0.000130833344883 ], [ -83.366021413253577, 33.896506997601136, 0.000130833344883 ], [ -83.365953120946216, 33.896563232114957, 0.000130833344883 ], [ -83.365896553319487, 33.896612835777717, 0.000130833344883 ], [ -83.365846438207512, 33.896660468980876, 0.000130833344883 ], [ -83.365786753792932, 33.896720784111139, 0.000130833344883 ], [ -83.365728032409891, 33.896785633322779, 0.000130833344883 ], [ -83.365673725507691, 33.896851516495403, 0.000130833344883 ], [ -83.365632592821356, 33.896906419031779, 0.000130833344883 ], [ -83.365573667353587, 33.896993065795378, 0.000130833344883 ], [ -83.365539791997179, 33.897045835415547, 0.000130833344883 ], [ -83.365503655512526, 33.897103955759704, 0.000130833344883 ], [ -83.365436409645156, 33.897220230011222, 0.000130833344883 ], [ -83.365396582803868, 33.897285872735495, 0.000130833344883 ], [ -83.365357975001785, 33.897350180888402, 0.000130833344883 ], [ -83.365327526835699, 33.897402134246825, 0.000130833344883 ], [ -83.365304426631482, 33.897442396526742, 0.000130833344883 ], [ -83.365275551533898, 33.89749804946284, 0.000130833344883 ], [ -83.365248272097759, 33.89755522115361, 0.000130833344883 ], [ -83.36521910484791, 33.897620597764188, 0.000130833344883 ], [ -83.365194855825266, 33.897676279873394, 0.000130833344883 ], [ -83.365176765991606, 33.897718252606587, 0.000130833344883 ], [ -83.365163889650347, 33.897740470878304, 0.000130833344883 ], [ -83.365150787058155, 33.89775717167047, 0.000130833344883 ] ] } },
{ "type": "Feature", "properties": { "Type": "Bike Lane", "Category": null, "Status": "Existing", "RoadName": "Barnett Shoals Road", "Protected": "No" }, "geometry": { "type": "LineString", "coordinates": [ [ -83.340459540010613, 33.911093472787869, 0.000130833344883 ], [ -83.340266598941795, 33.911032402377238, 0.000130833344883 ], [ -83.34017247546285, 33.911001491514959, 0.000130833344883 ], [ -83.340076283922954, 33.910966269682291, 0.000130833344883 ], [ -83.339996213675406, 33.910935844292588, 0.000130833344883 ], [ -83.339924830026035, 33.91090352339468, 0.000130833344883 ], [ -83.339856029900858, 33.910870633759544, 0.000130833344883 ], [ -83.339769302675506, 33.910825902947316, 0.000130833344883 ], [ -83.339660736897741, 33.910762076539612, 0.000130833344883 ], [ -83.339569460505317, 33.910703249199585, 0.000130833344883 ], [ -83.339449874965197, 33.910615907038078, 0.000130833344883 ], [ -83.339363631989869, 33.910545393469356, 0.000130833344883 ], [ -83.339300480928543, 33.910485583666492, 0.000130833344883 ], [ -83.33924386183962, 33.910428747006932, 0.000130833344883 ], [ -83.339179178235383, 33.910357792101607, 0.000130833344883 ], [ -83.339120114748368, 33.91028726531556, 0.000130833344883 ], [ -83.339072700754784, 33.910223458855825, 0.000130833344883 ], [ -83.339033775371803, 33.910163803577881, 0.000130833344883 ], [ -83.338993432020885, 33.910102395968472, 0.000130833344883 ], [ -83.338951375138905, 33.910032225912268, 0.000130833344883 ], [ -83.338911786714107, 33.909954820871455, 0.000130833344883 ], [ -83.338880366753557, 33.909885596826477, 0.000130833344883 ], [ -83.338858828664627, 33.909833442441524, 0.000130833344883 ], [ -83.338836020932888, 33.909773028086519, 0.000130833344883 ], [ -83.338816531555793, 33.909710636284302, 0.000130833344883 ], [ -83.338796376419296, 33.909639487282014, 0.000130833344883 ], [ -83.338779446143548, 33.909560484485844, 0.000130833344883 ], [ -83.338770070840766, 33.909491033517583, 0.000130833344883 ], [ -83.338763114241885, 33.909419599059355, 0.000130833344883 ], [ -83.338756793616909, 33.90932891523029, 0.000130833344883 ], [ -83.338749150167217, 33.909235471729659, 0.000130833344883 ], [ -83.338713591526599, 33.908786994676291, 0.000130833344883 ], [ -83.338679916079201, 33.908344304984844, 0.000130833344883 ] ] } },
{ "type": "Feature", "properties": { "Type": "Bike Lane", "Category": null, "Status": "Existing", "RoadName": "Barnett Shoals Road", "Protected": "No" }, "geometry": { "type": "LineString", "coordinates": [ [ -83.338587333717641, 33.908348175256435, 0.000130833344883 ], [ -83.338615680363489, 33.908736131839575, 0.000130833344883 ], [ -83.338642179011885, 33.909072894904561, 0.000130833344883 ], [ -83.33865182351704, 33.909189972855451, 0.000130833344883 ], [ -83.338657286812989, 33.909279284103569, 0.000130833344883 ], [ -83.33865262336974, 33.909349578369103, 0.000130833344883 ], [ -83.33864751628353, 33.909417329847116, 0.000130833344883 ], [ -83.338644601882635, 33.909476500221089, 0.000130833344883 ], [ -83.33864307504922, 33.909537438941953, 0.000130833344883 ], [ -83.338647269097834, 33.909588257807386, 0.000130833344883 ], [ -83.338655463597689, 33.909637344546326, 0.000130833344883 ], [ -83.338667017659802, 33.909696628412007, 0.000130833344883 ], [ -83.338689593147436, 33.909781045404102, 0.000130833344883 ], [ -83.338706227084757, 33.909844169062161, 0.000130833344883 ], [ -83.338722242400877, 33.909893660892976, 0.000130833344883 ], [ -83.338746205579341, 33.909958709137769, 0.000130833344883 ], [ -83.33877171581743, 33.910018765706155, 0.000130833344883 ], [ -83.338803734638361, 33.910088119124502, 0.000130833344883 ], [ -83.338865870803374, 33.910206308094295, 0.000130833344883 ], [ -83.339110883129649, 33.910466727836329, 0.000130833344883 ], [ -83.339193244819199, 33.910550890955165, 0.000130833344883 ], [ -83.339256862169691, 33.910610898689981, 0.000130833344883 ], [ -83.33930286188334, 33.910651449656577, 0.000130833344883 ], [ -83.339366083703183, 33.910703837070365, 0.000130833344883 ], [ -83.339419108162645, 33.910744825570397, 0.000130833344883 ], [ -83.339476590835844, 33.910785062303106, 0.000130833344883 ], [ -83.339543185970157, 33.910827900909311, 0.000130833344883 ], [ -83.339632401128497, 33.910881829565845, 0.000130833344883 ], [ -83.339708392556631, 33.910922190471481, 0.000130833344883 ], [ -83.33979302640391, 33.910965344802001, 0.000130833344883 ], [ -83.339859736905339, 33.910996267581915, 0.000130833344883 ], [ -83.33993022273765, 33.911024479315081, 0.000130833344883 ], [ -83.34001125880971, 33.91105198193565, 0.000130833344883 ], [ -83.340095587727077, 33.911078137974656, 0.000130833344883 ], [ -83.340283695575337, 33.911130190890837, 0.000130833344883 ], [ -83.340815489949492, 33.91128261357882, 0.000130833344883 ] ] } },
{ "type": "Feature", "properties": { "Type": "Bike Lane", "Category": null, "Status": "Existing", "RoadName": "Old Lexington Road", "Protected": "No" }, "geometry": { "type": "LineString", "coordinates": [ [ -83.338865870803374, 33.910206308094295, 0.000130833344883 ], [ -83.33887120808032, 33.91024750014698, 0.000130833344883 ], [ -83.338864557716803, 33.910281055332298, 0.000130833344883 ], [ -83.338850632997193, 33.910315733704351, 0.000130833344883 ], [ -83.33881941350225, 33.91034599791098, 0.000130833344883 ], [ -83.338789014729912, 33.91036396080284, 0.000130833344883 ], [ -83.338712599660525, 33.910391772679091, 0.000130833344883 ], [ -83.338666552058143, 33.910404747286258, 0.000130833344883 ], [ -83.338612566920901, 33.91041473741484, 0.000130833344883 ], [ -83.338530880820826, 33.91043040166273, 0.000130833344883 ], [ -83.338471532940446, 33.91043762202451, 0.000130833344883 ], [ -83.338397426522775, 33.910444742209506, 0.000130833344883 ], [ -83.338329465813004, 33.91044623803537, 0.000130833344883 ], [ -83.338255684733838, 33.910443983696403, 0.000130833344883 ], [ -83.338193166895095, 33.910439852212065, 0.000130833344883 ], [ -83.338120382717264, 33.91043135281231, 0.000130833344883 ], [ -83.338034549199037, 33.910415538363424, 0.000130833344883 ], [ -83.337655275766622, 33.910337386197938, 0.000130833344883 ], [ -83.33742139987308, 33.910294007389432, 0.000130833344883 ], [ -83.337261431882254, 33.910264018713086, 0.000130833344883 ] ] } },
{ "type": "Feature", "properties": { "Type": "Bike Lane", "Category": null, "Status": "Existing", "RoadName": "Old Lexington Road", "Protected": "No" }, "geometry": { "type": "LineString", "coordinates": [ [ -83.337278172981627, 33.910373917308284, 0.000130833344883 ], [ -83.337579865147831, 33.910430841412619, 0.000130833344883 ], [ -83.337905367296329, 33.910496910326408, 0.000130833344883 ], [ -83.338026962496031, 33.910521561308414, 0.000130833344883 ], [ -83.338122394750997, 33.910538222020179, 0.000130833344883 ], [ -83.338190733019772, 33.910546104573555, 0.000130833344883 ], [ -83.338283941237506, 33.910550443378582, 0.000130833344883 ], [ -83.338375074960311, 33.910551251927387, 0.000130833344883 ], [ -83.338478698047808, 33.910544720625275, 0.000130833344883 ], [ -83.33857794122865, 33.910530736926312, 0.000130833344883 ], [ -83.338673486542575, 33.910511453935612, 0.000130833344883 ], [ -83.338747219245093, 33.910494563152042, 0.000130833344883 ], [ -83.338824524657184, 33.910471641200076, 0.000130833344883 ], [ -83.338892252167639, 33.910445724633135, 0.000130833344883 ], [ -83.338940453597019, 33.910428076102434, 0.000130833344883 ], [ -83.338962279366257, 33.910424316149431, 0.000130833344883 ], [ -83.338988052737236, 33.910424293700792, 0.000130833344883 ], [ -83.339022910142447, 33.910429802288441, 0.000130833344883 ], [ -83.339059590451058, 33.910440597467883, 0.000130833344883 ], [ -83.339099433436346, 33.910454557761554, 0.000130833344883 ] ] } },
{ "type": "Feature", "properties": { "Type": "Bike Lane", "Category": "Delineated", "Status": "Existing", "RoadName": "Athens West Parkway", "Protected": "No" }, "geometry": { "type": "LineString", "coordinates": [ [ -83.450173475668322, 33.943932462830929, 0.000130833344883 ], [ -83.450100232670621, 33.943895159182318, 0.000130833344883 ], [ -83.450001290482419, 33.943839027383873, 0.000130833344883 ], [ -83.449926894819882, 33.943802195673868, 0.000130833344883 ], [ -83.449846158541632, 33.94376772165824, 0.000130833344883 ], [ -83.449756221669716, 33.943734152416837, 0.000130833344883 ], [ -83.449661055781604, 33.943707256975436, 0.000130833344883 ], [ -83.449587063191672, 33.943691020920383, 0.000130833344883 ], [ -83.44949639438866, 33.943676124832336, 0.000130833344883 ], [ -83.449405115061893, 33.943665535684111, 0.000130833344883 ], [ -83.44932010814594, 33.943660730734848, 0.000130833344883 ], [ -83.449256333620582, 33.943659400714203, 0.000130833344883 ], [ -83.449154015808887, 33.943663114998365, 0.000130833344883 ], [ -83.44846858841656, 33.943717068849701, 0.000130833344883 ], [ -83.448393843580078, 33.943721900852914, 0.000130833344883 ], [ -83.448311673576711, 33.943721421420051, 0.000130833344883 ], [ -83.448229511626721, 33.943719983575583, 0.000130833344883 ], [ -83.448152565729529, 33.943713308955196, 0.000130833344883 ], [ -83.448071641131207, 33.943701342096837, 0.000130833344883 ], [ -83.447978715237269, 33.94368164240425, 0.000130833344883 ], [ -83.447886415033892, 33.943655720727669, 0.000130833344883 ], [ -83.44778731248816, 33.943618743479206, 0.000130833344883 ], [ -83.447689396155795, 33.943577462516032, 0.000130833344883 ], [ -83.447600170596829, 33.94352761201219, 0.000130833344883 ], [ -83.447518431722969, 33.94347588927107, 0.000130833344883 ], [ -83.447450516210353, 33.943420416321942, 0.000130833344883 ], [ -83.447393481405015, 33.94336931656678, 0.000130833344883 ], [ -83.44733768114547, 33.943308166619502, 0.000130833344883 ], [ -83.447286457106074, 33.943249438044084, 0.000130833344883 ], [ -83.447242679408632, 33.943193626369215, 0.000130833344883 ], [ -83.44720078720546, 33.943118669342759, 0.000130833344883 ], [ -83.447170293629057, 33.943054793799526, 0.000130833344883 ], [ -83.447120691186953, 33.942940040016531, 0.000130833344883 ], [ -83.447015025935244, 33.942658770569793, 0.000130833344883 ], [ -83.446910976796431, 33.942390442163031, 0.000130833344883 ], [ -83.446803593893549, 33.942109821549742, 0.000130833344883 ] ] } },
{ "type": "Feature", "properties": { "Type": "Bike Lane", "Category": "Delineated", "Status": "Existing", "RoadName": "Athens West Parkway", "Protected": "No" }, "geometry": { "type": "LineString", "coordinates": [ [ -83.446478080370795, 33.941634366200283, 0.000130833344883 ], [ -83.446516082995146, 33.941733261729205, 0.000130833344883 ], [ -83.446644252287044, 33.942060337542465, 0.000130833344883 ], [ -83.446707739060912, 33.942232164842366, 0.000130833344883 ], [ -83.446792119407789, 33.9424476968587, 0.000130833344883 ], [ -83.446896112880026, 33.942722731157758, 0.000130833344883 ], [ -83.446970284758521, 33.942922398261253, 0.000130833344883 ], [ -83.447009652293644, 33.943024161488616, 0.000130833344883 ], [ -83.44704516436002, 33.943106265257626, 0.000130833344883 ], [ -83.447079655562575, 33.943173037604844, 0.000130833344883 ], [ -83.447125019336113, 33.943245142454778, 0.000130833344883 ], [ -83.447171031198494, 33.943308629949577, 0.000130833344883 ], [ -83.447218823821956, 33.943365422613724, 0.000130833344883 ], [ -83.447274648203077, 33.943423699346937, 0.000130833344883 ], [ -83.447340759829061, 33.943488740480163, 0.000130833344883 ], [ -83.447420151582179, 33.943546196442092, 0.000130833344883 ], [ -83.447534441946587, 33.943622055963857, 0.000130833344883 ], [ -83.447615670993741, 33.943666112994698, 0.000130833344883 ], [ -83.44771183599849, 33.943710735947953, 0.000130833344883 ], [ -83.447782263978652, 33.943740840601919, 0.000130833344883 ], [ -83.447868808901262, 33.943767687157873, 0.000130833344883 ], [ -83.447980050918588, 33.94379611408268, 0.000130833344883 ], [ -83.448075292815844, 33.943813911387217, 0.000130833344883 ], [ -83.448165415256895, 33.94382545317324, 0.000130833344883 ], [ -83.44826130699461, 33.943834154250048, 0.000130833344883 ], [ -83.448343477105396, 33.943834633717913, 0.000130833344883 ], [ -83.448442922041664, 33.943830903349216, 0.000130833344883 ], [ -83.448567120328548, 33.943822049221595, 0.000130833344883 ], [ -83.448756325373822, 33.94380447508874, 0.000130833344883 ], [ -83.448934581271814, 33.943790667742704, 0.000130833344883 ], [ -83.449121475433799, 33.943774515828522, 0.000130833344883 ], [ -83.449259439499698, 33.943768614641257, 0.000130833344883 ], [ -83.449372016677344, 33.943775017425665, 0.000130833344883 ], [ -83.449475937334881, 33.943785680242101, 0.000130833344883 ], [ -83.449577488113476, 33.943804950293881, 0.000130833344883 ], [ -83.449673798877399, 33.943832331218843, 0.000130833344883 ], [ -83.449763773027982, 33.943861591075724, 0.000130833344883 ], [ -83.449879463626147, 33.943907762296888, 0.000130833344883 ], [ -83.449964692017062, 33.943954714479645, 0.000130833344883 ], [ -83.450034470352378, 33.943993913946848, 0.000130833344883 ], [ -83.450083072435092, 33.944022932737525, 0.000130833344883 ] ] } },
{ "type": "Feature", "properties": { "Type": "Bike Lane", "Category": "Buffered", "Status": "Existing", "RoadName": "Prince Avenue", "Protected": "Yes" }, "geometry": { "type": "LineString", "coordinates": [ [ -83.380920777498929, 33.959866819531349, 0.000130833344883 ], [ -83.380935904870441, 33.959910944601262, 0.000130833344883 ], [ -83.380954516922642, 33.959944053684289, 0.000130833344883 ], [ -83.380988937130283, 33.959980196563507, 0.000130833344883 ], [ -83.381027440817647, 33.960002802801952, 0.000130833344883 ], [ -83.381077032228873, 33.960015582085937, 0.000130833344883 ], [ -83.381832773514617, 33.960113143275194, 0.000130833344883 ], [ -83.382457123851111, 33.960195567061319, 0.000130833344883 ], [ -83.383336643183071, 33.960323599858114, 0.000130833344883 ], [ -83.384153752267878, 33.960445729886665, 0.000130833344883 ], [ -83.384980510456273, 33.96057121562594, 0.000130833344883 ], [ -83.38577469987446, 33.960698689090783, 0.000130833344883 ], [ -83.386497230647905, 33.960821303460442, 0.000130833344883 ], [ -83.387350686823339, 33.960962704243187, 0.000130833344883 ], [ -83.388220390489423, 33.96110750172663, 0.000130833344883 ], [ -83.389030809152842, 33.961241287813245, 0.000130833344883 ], [ -83.389700213093661, 33.961353650947729, 0.000130833344883 ] ] } },
{ "type": "Feature", "properties": { "Type": "Bike Lane", "Category": "Buffered", "Status": "Existing", "RoadName": "Prince Avenue", "Protected": "Yes" }, "geometry": { "type": "LineString", "coordinates": [ [ -83.390274070687767, 33.961572489401057, 0.000130833344883 ], [ -83.389494382798247, 33.961445091367274, 0.000130833344883 ], [ -83.388646154497422, 33.961308503378312, 0.000130833344883 ], [ -83.387707475497905, 33.961153375557039, 0.000130833344883 ], [ -83.386938331611404, 33.961028273082036, 0.000130833344883 ], [ -83.386150298997194, 33.96090048099412, 0.000130833344883 ], [ -83.385267864193978, 33.960753389102685, 0.000130833344883 ], [ -83.384276899710869, 33.960592771360112, 0.000130833344883 ], [ -83.383514371749655, 33.960466956608784, 0.000130833344883 ], [ -83.38245622916611, 33.960293067085061, 0.000130833344883 ], [ -83.382124106117672, 33.960244397562597, 0.000130833344883 ], [ -83.381009386063141, 33.960100559318498, 0.000130833344883 ], [ -83.380865240120471, 33.960084976480907, 0.000130833344883 ], [ -83.380802027154218, 33.959889264838296, 0.000130833344883 ] ] } },
{ "type": "Feature", "properties": { "Type": "Bike Lane", "Category": "Delineated", "Status": "Existing", "RoadName": "South Rocksprings Street", "Protected": "No" }, "geometry": { "type": "LineString", "coordinates": [ [ -83.393002681603534, 33.951948193681055, 0.000130833344883 ], [ -83.393034918300543, 33.952037544423497, 0.000130833344883 ], [ -83.393172852516727, 33.952453836603027, 0.000130833344883 ], [ -83.393280351768141, 33.952784404672443, 0.000130833344883 ] ] } },
{ "type": "Feature", "properties": { "Type": "Bike Lane", "Category": "Delineated", "Status": "Existing", "RoadName": "South Rocksprings Street", "Protected": "No" }, "geometry": { "type": "LineString", "coordinates": [ [ -83.393379530420148, 33.95276208120481, 0.000130833344883 ], [ -83.393106950617351, 33.951968685913698, 0.000130833344883 ] ] } },
{ "type": "Feature", "properties": { "Type": "Bike Lane", "Category": null, "Status": null, "RoadName": "South Hull Street", "Protected": "No" }, "geometry": { "type": "LineString", "coordinates": [ [ -83.377612135112898, 33.954786384463951, 0.000130833344883 ], [ -83.377611924098588, 33.954793655381785, 0.000130833344883 ] ] } },
{ "type": "Feature", "properties": { "Type": "Bike Lane", "Category": null, "Status": "Existing", "RoadName": "Old Monroe Road", "Protected": null }, "geometry": { "type": "LineString", "coordinates": [ [ -83.50350962972071, 33.936453408631976, 0.000130833344883 ], [ -83.503056626528561, 33.936820975114195, 0.000130833344883 ], [ -83.502540231557902, 33.937242243032955, 0.000130833344883 ], [ -83.502034667980709, 33.937632907126847, 0.000130833344883 ], [ -83.501580789971257, 33.937951094885101, 0.000130833344883 ], [ -83.500935120832438, 33.938397641839423, 0.000130833344883 ], [ -83.500295084035656, 33.938840577829801, 0.000130833344883 ], [ -83.499750972052354, 33.939214913754782, 0.000130833344883 ] ] } },
{ "type": "Feature", "properties": { "Type": "Bike Lane", "Category": null, "Status": "Existing", "RoadName": "Old Monroe Road", "Protected": null }, "geometry": { "type": "LineString", "coordinates": [ [ -83.499878766661226, 33.939217685028666, 0.000130833344883 ], [ -83.500595883249815, 33.93872527874079, 0.000130833344883 ], [ -83.501168190710629, 33.938332383058949, 0.000130833344883 ], [ -83.502123576571094, 33.937665087553825, 0.000130833344883 ], [ -83.502723915297324, 33.937193345924456, 0.000130833344883 ], [ -83.503392173283203, 33.936645574862638, 0.000130833344883 ] ] } },
{ "type": "Feature", "properties": { "Type": "Bike Lane", "Category": "Delineated", "Status": null, "RoadName": "Jennings Mill Parkway", "Protected": "No" }, "geometry": { "type": "LineString", "coordinates": [ [ -83.477044424630378, 33.935990695298599, 0.000458916678326 ], [ -83.4767414729872, 33.936003661826071, 0.000130833344883 ], [ -83.476183501588565, 33.936013921058354, 0.000130833344883 ], [ -83.475956293843652, 33.936021614952423, 0.000130833344883 ], [ -83.475725222600332, 33.936036361647879, 0.000130833344883 ], [ -83.475468648029761, 33.936060085387332, 0.000130833344883 ], [ -83.475251487157408, 33.936083809032645, 0.000130833344883 ], [ -83.475045919040724, 33.936114584858785, 0.000130833344883 ], [ -83.474870489671886, 33.936140872888444, 0.000130833344883 ], [ -83.474545135649194, 33.936204990569216, 0.000130833344883 ], [ -83.474006484345523, 33.936312066480482, 0.000130833344883 ], [ -83.473387460309723, 33.936429400374372, 0.000130833344883 ] ] } },
{ "type": "Feature", "properties": { "Type": "Bike Lane", "Category": null, "Status": null, "RoadName": "Hull Road", "Protected": "No" }, "geometry": { "type": "LineString", "coordinates": [ [ -83.333617418248849, 33.994509431674444, 0.000130833344883 ], [ -83.332714260181589, 33.994806124699863, 0.000130833344883 ], [ -83.331614474005463, 33.995211264419375, 0.000130833344883 ], [ -83.33083401714164, 33.995556852476447, 0.000130833344883 ], [ -83.329688186242336, 33.996087235672356, 0.000130833344883 ], [ -83.328748374968313, 33.996516399322466, 0.000130833344883 ], [ -83.327132614235808, 33.997260259882609, 0.000130833344883 ], [ -83.326416095440038, 33.997583295152836, 0.000130833344883 ], [ -83.325287199567228, 33.998138148386296, 0.000130833344883 ], [ -83.324661121725413, 33.998461791820304, 0.000130833344883 ], [ -83.323979244707445, 33.998851782381415, 0.000130833344883 ], [ -83.323302438910574, 33.99925113164867, 0.000130833344883 ], [ -83.322710109809023, 33.999645317226637, 0.000130833344883 ], [ -83.321458800351081, 34.000463358931697, 0.000130833344883 ], [ -83.320791944563268, 34.000899358647231, 0.000130833344883 ], [ -83.318320492597962, 34.002510488583141, 0.000130833344883 ], [ -83.315998872957664, 34.00403434435411, 0.000130833344883 ], [ -83.313894169213555, 34.005398207433828, 0.000130833344883 ], [ -83.311611413152804, 34.006897132411801, 0.000130833344883 ], [ -83.31000598137517, 34.007950823070821, 0.000130833344883 ], [ -83.308074477708459, 34.009208873498871, 0.000130833344883 ], [ -83.307590501891156, 34.009524809112349, 0.000130833344883 ], [ -83.307268924802372, 34.009714151424063, 0.000130833344883 ], [ -83.306933634619796, 34.009896221334841, 0.000130833344883 ], [ -83.306426219799434, 34.010143102178517, 0.000130833344883 ], [ -83.305896698883075, 34.010360405778925, 0.000130833344883 ], [ -83.305608659529412, 34.010470329061086, 0.000130833344883 ] ] } },
{ "type": "Feature", "properties": { "Type": "Bike Lane", "Category": null, "Status": "Existing", "RoadName": "Hull Road", "Protected": "No" }, "geometry": { "type": "LineString", "coordinates": [ [ -83.330673559252915, 33.995869530261707, 0.000130833344883 ], [ -83.330576999822142, 33.995908446445164, 0.000130833344883 ], [ -83.329950704649605, 33.996201982046237, 0.000130833344883 ], [ -83.329635544758403, 33.996342077632264, 0.000130833344883 ], [ -83.327215746561265, 33.997447829501418, 0.000130833344883 ], [ -83.3263154180962, 33.997868296332122, 0.000130833344883 ], [ -83.326033786885731, 33.997995047242703, 0.000130833344883 ], [ -83.325773611815023, 33.998119574802423, 0.000130833344883 ], [ -83.325103059702599, 33.998464247080257, 0.000130833344883 ], [ -83.324711457581998, 33.998678833171034, 0.000130833344883 ], [ -83.324319855060807, 33.998897866407901, 0.000130833344883 ], [ -83.324002013498941, 33.999082431199064, 0.000130833344883 ], [ -83.323535309758981, 33.999370396479144, 0.000130833344883 ], [ -83.323175893266892, 33.999596099238111, 0.000130833344883 ], [ -83.321903409043657, 34.000425705588633, 0.000130833344883 ], [ -83.319614591686445, 34.001923685214557, 0.000130833344883 ], [ -83.317368913100253, 34.003392731211839, 0.000130833344883 ], [ -83.314728502155901, 34.005114492491948, 0.000130833344883 ], [ -83.310800358033248, 34.007683398250585, 0.000130833344883 ], [ -83.309558371386757, 34.008493017678411, 0.000130833344883 ], [ -83.308989743007572, 34.008860994322951, 0.000130833344883 ], [ -83.308595458814693, 34.009126693009016, 0.000130833344883 ], [ -83.308198492002589, 34.009384608153781, 0.000130833344883 ], [ -83.307780514035841, 34.009657530855179, 0.000130833344883 ], [ -83.307352701442852, 34.009913220881934, 0.000130833344883 ], [ -83.307044247614201, 34.010078863327237, 0.000130833344883 ], [ -83.306712995504668, 34.010242282766164, 0.000130833344883 ], [ -83.306362072773922, 34.010396066449339, 0.000130833344883 ], [ -83.305966447706226, 34.010561707651313, 0.000130833344883 ] ] } }
]
}
