{
"type": "FeatureCollection",
"name": "bike_path",
"crs": { "type": "name", "properties": { "name": "urn:ogc:def:crs:OGC:1.3:CRS84" } },
"features": [
{ "type": "Feature", "properties": { "Type": "Sharrows", "Category": null, "Status": null, "RoadName": "Baldwin Street" }, "geometry": { "type": "LineString", "coordinates": [ [ -83.36987099366965, 33.953225273119074, 0.000130833344883 ], [ -83.370003103771907, 33.953161103353978, 0.000130833344883 ], [ -83.370201473768148, 33.953118417143713, 0.000130833344883 ], [ -83.370364423006606, 33.953092353195949, 0.000130833344883 ], [ -83.370500635220893, 33.953070222867503, 0.000130833344883 ], [ -83.370626759453032, 33.953049978202223, 0.000130833344883 ], [ -83.370833581705639, 33.953042048933938, 0.000130833344883 ], [ -83.371055533503721, 33.953005380481414, 0.000130833344883 ], [ -83.371165908336877, 33.9530007067995, 0.000130833344883 ], [ -83.371329999201564, 33.952993868255419, 0.000130833344883 ], [ -83.371503138422867, 33.952986401829058, 0.000130833344883 ] ] } },
{ "type": "Feature", "properties": { "Type": "Sharrows", "Category": "Delineated", "Status": "Existing", "RoadName": "Tallassee Road" }, "geometry": { "type": "LineString", "coordinates": [ [ -83.429349027977352, 33.965501606193207, 0.000130833344883 ], [ -83.429659533327239, 33.965674735397329, 0.000130833344883 ], [ -83.429905648327278, 33.965800524943404, 0.000130833344883 ], [ -83.430087156787664, 33.965884642269693, 0.000130833344883 ], [ -83.430266531998882, 33.965960947740975, 0.000130833344883 ], [ -83.430523385239141, 33.9660546898888, 0.000130833344883 ], [ -83.430734573232399, 33.966120427992507, 0.000458916678326 ], [ -83.430919361085415, 33.966168070617208, 0.000458916678326 ], [ -83.431097380502848, 33.966209961789424, 0.000458916678326 ], [ -83.431280957822565, 33.966245922744058, 0.000458916678326 ], [ -83.431569712353379, 33.966296689314198, 0.000458916678326 ], [ -83.431978532451538, 33.966372111244056, 0.000458916678326 ], [ -83.43240114302661, 33.966461792631677, 0.000458916678326 ], [ -83.432928517710579, 33.966566656216365, 0.000458916678326 ], [ -83.433361992883334, 33.96664730737038, 0.000458916678326 ] ] } },
{ "type": "Feature", "properties": { "Type": "Sharrows", "Category": "Delineated", "Status": "Existing", "RoadName": "Tallassee Road" }, "geometry": { "type": "LineString", "coordinates": [ [ -83.433361992883334, 33.96664730737038, 0.000458916678326 ], [ -83.433915938986132, 33.96675890492088, 0.000130833344883 ], [ -83.434173691649178, 33.966812734684169, 0.000130833344883 ], [ -83.434377995009228, 33.966871751051848, 0.000130833344883 ], [ -83.434541669215889, 33.966917680322005, 0.000130833344883 ], [ -83.434801333944179, 33.967005466231953, 0.000130833344883 ], [ -83.435326548396844, 33.967201256372746, 0.000130833344883 ], [ -83.435923843501911, 33.967466740294213, 0.000130833344883 ], [ -83.436230784237225, 33.967627742311365, 0.000130833344883 ], [ -83.436528871279151, 33.967794196201076, 0.000130833344883 ], [ -83.436728685641526, 33.96792795521764, 0.000130833344883 ], [ -83.436884422481498, 33.968051695448565, 0.000130833344883 ] ] } },
{ "type": "Feature", "properties": { "Type": "Sharrows", "Category": "Delineated", "Status": "Existing", "RoadName": "Tallassee Road" }, "geometry": { "type": "LineString", "coordinates": [ [ -83.429418094651993, 33.96541651687469, 0.000130833344883 ], [ -83.429688877346436, 33.965591880231038, 0.000130833344883 ], [ -83.42988229546873, 33.965699464745796, 0.000130833344883 ], [ -83.430098325536321, 33.965802596054772, 0.000130833344883 ], [ -83.430304592212536, 33.965888695984681, 0.000130833344883 ], [ -83.430510396594954, 33.965964700314807, 0.000130833344883 ], [ -83.430729475992848, 33.966033444673862, 0.000130833344883 ], [ -83.430888191987407, 33.966079349135313, 0.000458916678326 ], [ -83.431055772158132, 33.966118884290452, 0.000458916678326 ], [ -83.431213489657821, 33.966152855122658, 0.000458916678326 ], [ -83.431438277833067, 33.966198236765933, 0.000458916678326 ], [ -83.431699401581298, 33.966243834994884, 0.000458916678326 ], [ -83.432200086535431, 33.966345451620747, 0.000458916678326 ], [ -83.432256041703965, 33.966356545209393, 0.000458916678326 ] ] } },
{ "type": "Feature", "properties": { "Type": "Off-Road Facility", "Category": "Separated", "Status": "Existing", "RoadName": "Tallassee Road" }, "geometry": { "type": "LineString", "coordinates": [ [ -83.432256041703965, 33.966356545209393, 0.000458916678326 ], [ -83.432365597566005, 33.966354296669131, 0.000130833344883 ], [ -83.433580872658283, 33.966554529545903, 0.000130833344883 ], [ -83.434032539367124, 33.966656496802194, 0.000130833344883 ], [ -83.434500186804442, 33.966751205845206, 0.000130833344883 ], [ -83.435077941931482, 33.966930427167554, 0.000130833344883 ], [ -83.435318337991617, 33.967011073094262, 0.000130833344883 ], [ -83.435774821810924, 33.967199247304862, 0.000130833344883 ], [ -83.436074641485718, 33.967365019249698, 0.000130833344883 ], [ -83.436566913409763, 33.967666179426836, 0.000130833344883 ], [ -83.437220237276904, 33.968071926555709, 0.000130833344883 ] ] } },
{ "type": "Feature", "properties": { "Type": "Sharrows", "Category": "Delineated", "Status": "Existing", "RoadName": "College Avenue" }, "geometry": { "type": "LineString", "coordinates": [ [ -83.376355914494411, 33.960904569356913, 0.000130833344883 ], [ -83.376473443723, 33.961198177235609, 0.000130833344883 ], [ -83.37653915855185, 33.961373925912632, 0.000130833344883 ], [ -83.376547204693694, 33.961419531534887, 0.000130833344883 ] ] } },
{ "type": "Feature", "properties": { "Type": "Sharrows", "Category": "Delineated", "Status": "Existing", "RoadName": "College Avenue" }, "geometry": { "type": "LineString", "coordinates": [ [ -83.377219768078774, 33.963230942034372, 0.000130833344883 ], [ -83.377241226225081, 33.963258193319206, 0.000130833344883 ], [ -83.377291517711242, 33.963392226839844, 0.000130833344883 ], [ -83.377410205233815, 33.963703114834047, 0.000130833344883 ], [ -83.377600641967817, 33.964242579610229, 0.000130833344883 ], [ -83.377729388244276, 33.964575154696412, 0.000130833344883 ], [ -83.377883615101169, 33.96500449696245, 0.000130833344883 ], [ -83.378021748695303, 33.965370437673251, 0.000130833344883 ], [ -83.378194750889094, 33.965818684541233, 0.000130833344883 ], [ -83.378346295695053, 33.966226887350771, 0.000130833344883 ], [ -83.378437491325272, 33.966473810396344, 0.000130833344883 ], [ -83.378614516113899, 33.966918714939411, 0.000130833344883 ], [ -83.378744604174386, 33.96726351497469, 0.000130833344883 ], [ -83.378785507129294, 33.96736417383179, 0.000130833344883 ], [ -83.378874019703687, 33.967609424926657, 0.000130833344883 ], [ -83.378906175020049, 33.967706130154191, 0.000130833344883 ], [ -83.378926962172983, 33.967812905538707, 0.000130833344883 ], [ -83.378928973614848, 33.967878528301561, 0.000130833344883 ], [ -83.378923609250151, 33.96795638536414, 0.000130833344883 ], [ -83.37891422103246, 33.968030906016473, 0.000130833344883 ], [ -83.378904162781765, 33.968083737243184, 0.000130833344883 ], [ -83.378893434070591, 33.968120441875897, 0.000130833344883 ], [ -83.378811627148409, 33.968275042819627, 0.000130833344883 ], [ -83.378732501857229, 33.968372919968836, 0.000130833344883 ], [ -83.378649353799389, 33.968448552429301, 0.000130833344883 ], [ -83.378531336762009, 33.968536419754905, 0.000130833344883 ], [ -83.378331512138757, 33.968662102326086, 0.000130833344883 ], [ -83.378076702348665, 33.968814478250678, 0.000130833344883 ], [ -83.377896993713222, 33.968929038011332, 0.000130833344883 ], [ -83.377800434309705, 33.96899688431408, 0.000130833344883 ] ] } },
{ "type": "Feature", "properties": { "Type": "Sharrows", "Category": "Delineated", "Status": "Existing", "RoadName": "College Avenue" }, "geometry": { "type": "LineString", "coordinates": [ [ -83.378252352989634, 33.965799515114, 0.000130833344883 ], [ -83.378347940718371, 33.966105590208677, 0.000130833344883 ], [ -83.37857592778451, 33.966724009344304, 0.000130833344883 ], [ -83.378754294724601, 33.967180035319878, 0.000130833344883 ], [ -83.378853537086741, 33.967442526886032, 0.000130833344883 ], [ -83.378904498188518, 33.967577109447461, 0.000130833344883 ], [ -83.378946073109489, 33.96769834421805, 0.000130833344883 ], [ -83.378978259153428, 33.967809568890914, 0.000130833344883 ], [ -83.378995693935266, 33.967909671748387, 0.000130833344883 ], [ -83.378993011314236, 33.967998650909465, 0.000130833344883 ], [ -83.378976917871427, 33.968093191818824, 0.000130833344883 ], [ -83.378950095881279, 33.968184395777477, 0.000130833344883 ], [ -83.37887633512149, 33.968297844525033, 0.000130833344883 ], [ -83.37878111739316, 33.968392384675582, 0.000130833344883 ], [ -83.378683216712062, 33.968475802640455, 0.000130833344883 ], [ -83.378523624649034, 33.968583689611513, 0.000130833344883 ], [ -83.378264792203936, 33.968738290548053, 0.000130833344883 ], [ -83.378185666138265, 33.968836722706918, 0.000130833344883 ] ] } },
{ "type": "Feature", "properties": { "Type": "Sharrows", "Category": "Delineated", "Status": "Existing", "RoadName": "College Avenue" }, "geometry": { "type": "LineString", "coordinates": [ [ -83.376294223776029, 33.960449622535513, 0.000130833344883 ], [ -83.376355616463329, 33.960637743201225, 0.000130833344883 ], [ -83.376444129139713, 33.960873559208068, 0.000130833344883 ], [ -83.376529770308096, 33.961084719736569, 0.000130833344883 ] ] } },
{ "type": "Feature", "properties": { "Type": "Sharrows", "Category": "Delineated", "Status": "Existing", "RoadName": "College Avenue" }, "geometry": { "type": "LineString", "coordinates": [ [ -83.376259354899474, 33.960638719983756, 0.000130833344883 ], [ -83.376138497105345, 33.960284249993336, 0.000130833344883 ] ] } },
{ "type": "Feature", "properties": { "Type": "Multi-use Trail", "Category": "Separated", "Status": "Existing", "RoadName": "ACCGov Leisure Services" }, "geometry": { "type": "MultiLineString", "coordinates": [ [ [ -83.367179210177824, 33.943060666930201, 0.000130833344883 ], [ -83.367121783687395, 33.942981452983055, 0.000130833344883 ], [ -83.367108243866568, 33.942964016528826, 0.000130833344883 ], [ -83.367069328281048, 33.942913900087191, 0.000130833344883 ], [ -83.367030322988541, 33.942860309199254, 0.000130833344883 ], [ -83.367025441998763, 33.942853602075715, 0.000130833344883 ], [ -83.367003841204991, 33.942821318954884, 0.000130833344883 ], [ -83.366988241558786, 33.942795688021356, 0.000130833344883 ], [ -83.366968527338059, 33.942763296334626, 0.000130833344883 ], [ -83.366939556123683, 33.942720061418065, 0.000130833344883 ], [ -83.366898243540476, 33.942664739761817, 0.000130833344883 ], [ -83.366863736614746, 33.942624550522609, 0.000130833344883 ], [ -83.366855761084224, 33.942615258246391, 0.000130833344883 ], [ -83.366815518573347, 33.942571492063834, 0.000130833344883 ], [ -83.366767146902504, 33.942523761925031, 0.000130833344883 ], [ -83.366674026091289, 33.942444772955362, 0.000130833344883 ], [ -83.366655024530246, 33.942429425121738, 0.000130833344883 ], [ -83.366401746703986, 33.942224831435105, 0.000130833344883 ], [ -83.366350301778638, 33.942187083468156, 0.000130833344883 ], [ -83.366347961766436, 33.942185366042239, 0.000130833344883 ], [ -83.366291819959969, 33.942149457429146, 0.000130833344883 ], [ -83.366236319284155, 33.942115325497781, 0.000130833344883 ], [ -83.366190463326433, 33.94207568168013, 0.000130833344883 ], [ -83.366134963878608, 33.942020395551879, 0.000130833344883 ], [ -83.366075608272737, 33.941954798007657, 0.000130833344883 ], [ -83.366025371923513, 33.941908159007056, 0.000130833344883 ], [ -83.366007249847655, 33.941891332765614, 0.000130833344883 ], [ -83.365942323985522, 33.94184369209367, 0.000130833344883 ], [ -83.365860037829393, 33.941783604626139, 0.000130833344883 ], [ -83.365831260412662, 33.941765283625429, 0.000130833344883 ], [ -83.365779896376395, 33.941732584888356, 0.000130833344883 ], [ -83.365688610194979, 33.941677118946778, 0.000130833344883 ], [ -83.365635468210527, 33.941643342895325, 0.000130833344883 ], [ -83.365609719904867, 33.941627321689495, 0.000130833344883 ], [ -83.365581938311593, 33.941605482769432, 0.000130833344883 ], [ -83.365525708826752, 33.94153974662153, 0.000130833344883 ], [ -83.365507951698035, 33.941519201792822, 0.000130833344883 ], [ -83.3654488554632, 33.94145083232452, 0.000130833344883 ], [ -83.365440665846052, 33.941442134519022, 0.000130833344883 ], [ -83.365421184776665, 33.941422361945818, 0.000130833344883 ], [ -83.36535978520331, 33.941360040681232, 0.000130833344883 ], [ -83.364902480877419, 33.940981930714358, 0.000130833344883 ], [ -83.364900951716194, 33.940980730648477, 0.000130833344883 ], [ -83.364831054619074, 33.940923370265715, 0.000130833344883 ], [ -83.364717502065531, 33.940830187255138, 0.000130833344883 ], [ -83.364689631643927, 33.94079941543874, 0.000130833344883 ], [ -83.36467034208583, 33.940776327020856, 0.000130833344883 ], [ -83.364660824589237, 33.940764937362133, 0.000130833344883 ], [ -83.364638701577704, 33.940727700659572, 0.000130833344883 ], [ -83.364629923332743, 33.940712922204668, 0.000130833344883 ], [ -83.36461880431068, 33.940694209259533, 0.000130833344883 ], [ -83.364616830553743, 33.940691279736278, 0.000130833344883 ], [ -83.364587877536607, 33.940643190189327, 0.000130833344883 ], [ -83.364523831019824, 33.94053681007356, 0.000130833344883 ], [ -83.364522069763794, 33.940534752875635, 0.000130833344883 ], [ -83.364495101140974, 33.940503231352608, 0.000130833344883 ], [ -83.364352917278154, 33.940385788824216, 0.000130833344883 ], [ -83.364341937220118, 33.940376719335362, 0.000130833344883 ], [ -83.364338442161468, 33.940373831284596, 0.000130833344883 ], [ -83.364330209745148, 33.940367412362754, 0.000130833344883 ], [ -83.364282479884835, 33.940330187231702, 0.000130833344883 ], [ -83.364111629926612, 33.940221911662441, 0.000130833344883 ], [ -83.364084460332194, 33.940205838499594, 0.000130833344883 ], [ -83.364044088501458, 33.940185805102509, 0.000130833344883 ], [ -83.363921422682395, 33.940124931071566, 0.000130833344883 ], [ -83.363864803750772, 33.940094123087619, 0.000130833344883 ], [ -83.363847483810389, 33.940084697557289, 0.000130833344883 ], [ -83.36382983757612, 33.940071888909472, 0.000130833344883 ], [ -83.363818320970566, 33.940062138776376, 0.000130833344883 ], [ -83.363800529317288, 33.940047076086103, 0.000130833344883 ], [ -83.363788663925746, 33.940037030656832, 0.000130833344883 ], [ -83.363781416896984, 33.94002855346826, 0.000130833344883 ], [ -83.363713889911097, 33.93994957590288, 0.000130833344883 ], [ -83.363705951692637, 33.939941672125457, 0.000130833344883 ], [ -83.363565165793062, 33.939801480609262, 0.000130833344883 ], [ -83.363522628407011, 33.939759124710591, 0.000130833344883 ], [ -83.363482481701567, 33.939715731328555, 0.000130833344883 ], [ -83.363437860438211, 33.939658114003464, 0.000130833344883 ], [ -83.363421844408862, 33.939629998707538, 0.000130833344883 ], [ -83.363405083498861, 33.93958605913474, 0.000130833344883 ], [ -83.363385566331957, 33.939531065131504, 0.000130833344883 ], [ -83.363377395621029, 33.93948688046774, 0.000130833344883 ], [ -83.36337808190784, 33.939437536051607, 0.000130833344883 ], [ -83.363378135355489, 33.939433572981336, 0.000130833344883 ], [ -83.363382152461469, 33.939405517159351, 0.000130833344883 ], [ -83.363387508804379, 33.939380795163501, 0.000130833344883 ], [ -83.363388181195035, 33.939378884559133, 0.000130833344883 ], [ -83.363395211295469, 33.939358850065226, 0.000130833344883 ], [ -83.363406594314, 33.939335240288777, 0.000130833344883 ], [ -83.363423000486293, 33.939305797495066, 0.000130833344883 ], [ -83.36344543436644, 33.939269408452589, 0.000130833344883 ], [ -83.363470879312757, 33.939228574342351, 0.000130833344883 ], [ -83.363497523765403, 33.939184641149147, 0.000130833344883 ], [ -83.363547363881693, 33.939098980994075, 0.000130833344883 ], [ -83.363572329501807, 33.939056075471292, 0.000130833344883 ], [ -83.363607821037704, 33.938987743247203, 0.000130833344883 ], [ -83.363637954617801, 33.938922189047013, 0.000130833344883 ], [ -83.363653802807903, 33.938882224551946, 0.000130833344883 ], [ -83.36366937660641, 33.938841643375852, 0.000130833344883 ], [ -83.363730253658701, 33.93866824139684, 0.000130833344883 ], [ -83.363752806965792, 33.938610110162109, 0.000130833344883 ], [ -83.363815210798435, 33.938446761877785, 0.000130833344883 ], [ -83.363819823574019, 33.938433704377253, 0.000130833344883 ], [ -83.363839105110841, 33.938374131773649, 0.000130833344883 ] ], [ [ -83.364059369346307, 33.937452071115473, 0.000130833344883 ], [ -83.364053309135812, 33.937483710122514, 0.000130833344883 ], [ -83.364047873415757, 33.93751208400932, 0.000130833344883 ], [ -83.36403909356649, 33.937557925273993, 0.000130833344883 ], [ -83.364034555191623, 33.937581622114806, 0.000130833344883 ], [ -83.364032108621203, 33.937594390810858, 0.000130833344883 ], [ -83.364025369879045, 33.937626059652935, 0.000130833344883 ], [ -83.364021444269042, 33.937644513193163, 0.000130833344883 ], [ -83.364012349506012, 33.937687253612935, 0.000130833344883 ], [ -83.364002505614977, 33.937733513490436, 0.000130833344883 ], [ -83.363985486025811, 33.93781350671857, 0.000130833344883 ], [ -83.363979137023918, 33.937844791312521, 0.000130833344883 ], [ -83.363976171133743, 33.937859413009207, 0.000130833344883 ], [ -83.363974981838894, 33.93786476795421, 0.000130833344883 ], [ -83.363954064236623, 33.9379589972228, 0.000130833344883 ], [ -83.36391920201433, 33.938085520928702, 0.000130833344883 ], [ -83.363889737892379, 33.938194132630848, 0.000130833344883 ], [ -83.363863288747183, 33.93828968812312, 0.000130833344883 ], [ -83.363839105110841, 33.938374131773649, 0.000130833344883 ], [ -83.363839110519095, 33.938374131808899, 0.000130833344883 ] ] ] } },
{ "type": "Feature", "properties": { "Type": "Multi-use Trail", "Category": "Separated", "Status": "Existing", "RoadName": "ACCGov Leisure Services" }, "geometry": { "type": "LineString", "coordinates": [ [ -83.358203260492544, 33.947748746597149, 0.000130833344883 ], [ -83.358217611268316, 33.947691171217244, 0.000130833344883 ], [ -83.358237625815406, 33.947642593081298, 0.000130833344883 ], [ -83.358271292647387, 33.947586393251449, 0.000130833344883 ], [ -83.358293567246079, 33.947558737936397, 0.000130833344883 ], [ -83.358334051865626, 33.947508472076798, 0.000130833344883 ], [ -83.358395981215125, 33.947430206419774, 0.000130833344883 ], [ -83.358467884818083, 33.947354698375918, 0.000130833344883 ], [ -83.358581022160791, 33.947248288311599, 0.000130833344883 ], [ -83.358624577039492, 33.947210577382847, 0.000130833344883 ], [ -83.358681187127758, 33.947143127357506, 0.000130833344883 ], [ -83.358784177456229, 33.947014049310525, 0.000130833344883 ], [ -83.358923413766831, 33.94682372742097, 0.000130833344883 ], [ -83.35895508947641, 33.946780445906604, 0.000130833344883 ], [ -83.35909608993876, 33.946587783121302, 0.000130833344883 ], [ -83.359178261841109, 33.946471387034393, 0.000130833344883 ], [ -83.359194890048215, 33.946447833734098, 0.000130833344883 ], [ -83.359240537881405, 33.946371710312263, 0.000130833344883 ], [ -83.35928916684594, 33.946292064055321, 0.000130833344883 ], [ -83.359334470620979, 33.946198625904806, 0.000130833344883 ], [ -83.359383514691146, 33.946085534042091, 0.000130833344883 ], [ -83.359463095830591, 33.945882505389591, 0.000130833344883 ], [ -83.359569300986763, 33.94559317289584, 0.000130833344883 ], [ -83.359642866810788, 33.945392848222255, 0.000130833344883 ], [ -83.359709367457185, 33.945219416858933, 0.000130833344883 ], [ -83.359770048978589, 33.945039434185702, 0.000130833344883 ], [ -83.359790830575491, 33.944984611833213, 0.000130833344883 ], [ -83.359818677463139, 33.944925996788541, 0.000130833344883 ], [ -83.359875619022631, 33.944830833293231, 0.000130833344883 ], [ -83.359926741231305, 33.944746358819302, 0.000130833344883 ], [ -83.360004879431912, 33.944642919568878, 0.000130833344883 ], [ -83.360119593326132, 33.944517758829484, 0.000130833344883 ], [ -83.360221837821356, 33.944410526571509, 0.000130833344883 ], [ -83.360331148330275, 33.944302604803525, 0.000130833344883 ], [ -83.360432976643722, 33.944210544394394, 0.000130833344883 ], [ -83.360534858141094, 33.944121310748876, 0.000130833344883 ], [ -83.360570029738355, 33.944090505419503, 0.000130833344883 ], [ -83.36063605439594, 33.944038990474077, 0.000130833344883 ], [ -83.360692999844971, 33.943994558494722, 0.000130833344883 ], [ -83.360731089481433, 33.943964840612608, 0.000130833344883 ], [ -83.360788754812305, 33.943926085239582, 0.000130833344883 ], [ -83.360848189641345, 33.943890570937441, 0.000130833344883 ], [ -83.360946278878572, 33.94384609167863, 0.000130833344883 ], [ -83.36105974448941, 33.943803336735499, 0.000130833344883 ], [ -83.361149105540065, 33.943777476755393, 0.000130833344883 ], [ -83.361291333385267, 33.943744261139095, 0.000130833344883 ], [ -83.361538133990365, 33.943690932184587, 0.000130833344883 ], [ -83.361604634515089, 33.943675416038488, 0.000130833344883 ], [ -83.361659081785803, 33.943658520940289, 0.000130833344883 ], [ -83.361709372829679, 33.943636798545583, 0.000130833344883 ], [ -83.361748055756919, 33.943618928488057, 0.000130833344883 ], [ -83.361780444897988, 33.943595077556004, 0.000130833344883 ], [ -83.361826579658654, 33.94355197724537, 0.000130833344883 ], [ -83.361861908462899, 33.943517842070726, 0.000130833344883 ], [ -83.362006546559016, 33.943354751148036, 0.000130833344883 ], [ -83.362106564135999, 33.943245574205477, 0.000130833344883 ], [ -83.362174484394217, 33.943171433530196, 0.000130833344883 ], [ -83.362228908332568, 33.943116493374191, 0.000130833344883 ], [ -83.36227712177751, 33.943073738257496, 0.000130833344883 ], [ -83.362317021794539, 33.943040637192098, 0.000130833344883 ], [ -83.362506964245924, 33.942910301807828, 0.000130833344883 ], [ -83.362543955327055, 33.942889612872825, 0.000130833344883 ], [ -83.362596439149257, 33.942866895544029, 0.000130833344883 ], [ -83.362658668304292, 33.942844443794499, 0.000130833344883 ], [ -83.362748028883672, 33.942812032538782, 0.000130833344883 ], [ -83.362816258776192, 33.942774711099446, 0.000130833344883 ], [ -83.362887679358593, 33.942736864987495, 0.000130833344883 ], [ -83.362955426950577, 33.942698591841577, 0.000130833344883 ], [ -83.36301527764607, 33.942666870398938, 0.000130833344883 ], [ -83.363051437811293, 33.942653767324614, 0.000130833344883 ], [ -83.363123757231705, 33.942641009346666, 0.000130833344883 ], [ -83.363227247913628, 33.942632389321986, 0.000130833344883 ], [ -83.363284697197187, 33.942622518487916, 0.000130833344883 ], [ -83.36330818916899, 33.942612473830444, 0.000130833344883 ], [ -83.363336508961098, 33.942595071188364, 0.000130833344883 ], [ -83.363361355373073, 33.942574308166705, 0.000130833344883 ], [ -83.36338216250374, 33.942550659822707, 0.000130833344883 ], [ -83.363390427783727, 33.942537471106405, 0.000130833344883 ], [ -83.363407862190002, 33.942488228777506, 0.000130833344883 ], [ -83.363436309600289, 33.942399991231696, 0.000130833344883 ], [ -83.363453348723979, 33.942312090375935, 0.000130833344883 ], [ -83.363468313368244, 33.942220347804422, 0.000130833344883 ], [ -83.36348743195677, 33.942140007770043, 0.000130833344883 ], [ -83.363515327025269, 33.942072089478515, 0.000130833344883 ], [ -83.363548944727469, 33.942003809103625, 0.000130833344883 ], [ -83.363576791583299, 33.94195863956007, 0.000130833344883 ], [ -83.36361893843231, 33.941899507400016, 0.000130833344883 ], [ -83.363658255602985, 33.941850369897033, 0.000130833344883 ], [ -83.363712702652961, 33.94179726936806, 0.000130833344883 ], [ -83.363821468247323, 33.94169609289515, 0.000130833344883 ], [ -83.363897657942289, 33.941635899657342, 0.000130833344883 ], [ -83.36392924471744, 33.941613831676975, 0.000130833344883 ], [ -83.363958339329415, 33.941600383831364, 0.000130833344883 ], [ -83.363993668167296, 33.941589694937761, 0.000130833344883 ], [ -83.364065731984724, 33.941581585163831, 0.000130833344883 ], [ -83.364113368701766, 33.941580729942437, 0.000130833344883 ], [ -83.364147450647664, 33.941584523334093, 0.000130833344883 ], [ -83.364177375592121, 33.941594867667554, 0.000130833344883 ], [ -83.364204391888549, 33.941611762968286, 0.000130833344883 ], [ -83.364235563585751, 33.941641071479083, 0.000130833344883 ], [ -83.364267567085662, 33.941667276698794, 0.000130833344883 ], [ -83.364303726582378, 33.941689000112241, 0.000130833344883 ], [ -83.364363161477684, 33.941718998581592, 0.000130833344883 ], [ -83.364414699283842, 33.941739687068697, 0.000130833344883 ], [ -83.364465406142926, 33.941754513349494, 0.000130833344883 ], [ -83.364511956550189, 33.941758651150096, 0.000130833344883 ], [ -83.364549363612994, 33.941753134572899, 0.000130833344883 ], [ -83.364580535295033, 33.941743824014878, 0.000130833344883 ], [ -83.364644126494966, 33.941711067660385, 0.000130833344883 ], [ -83.364698573435618, 33.941675207917093, 0.000130833344883 ], [ -83.364737226779937, 33.941642450450509, 0.000130833344883 ], [ -83.364766321613203, 33.941607969971813, 0.000130833344883 ], [ -83.364826742672847, 33.941519301102353, 0.000130833344883 ], [ -83.364840020524511, 33.941492378453702, 0.000130833344883 ], [ -83.364842384275192, 33.941486482080229, 0.000130833344883 ], [ -83.364847961275956, 33.941465540054779, 0.000130833344883 ], [ -83.364849737841283, 33.94145327548712, 0.000130833344883 ], [ -83.364852024412826, 33.9414374962114, 0.000130833344883 ], [ -83.364848326996423, 33.941416263876135, 0.000130833344883 ], [ -83.364804141924424, 33.941189984618909, 0.000130833344883 ], [ -83.364794583785638, 33.941155579651031, 0.000130833344883 ], [ -83.364790012204026, 33.94112247841224, 0.000130833344883 ], [ -83.364794583822317, 33.941095928220207, 0.000130833344883 ], [ -83.364807884227844, 33.941073170194187, 0.000130833344883 ], [ -83.36483614716046, 33.941043861243337, 0.000130833344883 ], [ -83.364859422405118, 33.941022483605138, 0.000130833344883 ], [ -83.364883064910956, 33.941007392482312, 0.000130833344883 ], [ -83.364911401083461, 33.940989305261532, 0.000130833344883 ] ] } },
{ "type": "Feature", "properties": { "Type": "Multi-use Trail", "Category": "Separated", "Status": "Existing", "RoadName": "ACCGov Leisure Services" }, "geometry": { "type": "LineString", "coordinates": [ [ -83.369251348624545, 33.958418894221637, 0.000130833344883 ], [ -83.369241595785454, 33.958366473644453, 0.000130833344883 ], [ -83.369219655522656, 33.958296788814735, 0.000130833344883 ], [ -83.369194473756181, 33.958233593392428, 0.000130833344883 ], [ -83.369164259208631, 33.958163271610744, 0.000130833344883 ], [ -83.369128583229511, 33.958105789202833, 0.000130833344883 ], [ -83.369070047575704, 33.958028358739092, 0.000130833344883 ], [ -83.368972063619282, 33.957914176052206, 0.000130833344883 ], [ -83.368852737678836, 33.957786256205672, 0.000130833344883 ], [ -83.368729630234895, 33.957664753621899, 0.000130833344883 ], [ -83.368631408847079, 33.957576092363716, 0.000130833344883 ], [ -83.368521230251773, 33.957480436459306, 0.000130833344883 ], [ -83.368400763623299, 33.957382805059602, 0.000130833344883 ], [ -83.368254021782107, 33.957281485988894, 0.000130833344883 ], [ -83.368170803846496, 33.957226627796196, 0.000130833344883 ], [ -83.368091405398204, 33.957177782718873, 0.000130833344883 ], [ -83.367505293401479, 33.956854086654147, 0.000130833344883 ], [ -83.366849289638395, 33.956474113263518, 0.000130833344883 ], [ -83.366412125987225, 33.956202906819826, 0.000130833344883 ], [ -83.366103875674966, 33.956013404061842, 0.000130833344883 ], [ -83.365689190875372, 33.955726595819051, 0.000130833344883 ], [ -83.365550208935957, 33.955619776529694, 0.000130833344883 ], [ -83.365354143097179, 33.955464636881963, 0.000130833344883 ], [ -83.365183871803296, 33.955306087356419, 0.000130833344883 ] ] } },
{ "type": "Feature", "properties": { "Type": "Multi-use Trail", "Category": "Separated", "Status": "Existing", "RoadName": "ACCGov Leisure Services" }, "geometry": { "type": "LineString", "coordinates": [ [ -83.377697794974736, 33.97008078927, 0.000130833344883 ], [ -83.377675829845543, 33.970092769471968, 0.000130833344883 ], [ -83.377651380448796, 33.970100735175464, 0.000130833344883 ], [ -83.377625488749928, 33.970104347749391, 0.000130833344883 ], [ -83.377599257775927, 33.970103452880046, 0.000130833344883 ], [ -83.37756819637903, 33.970099260559245, 0.000130833344883 ], [ -83.377503622081804, 33.970077811411919, 0.000130833344883 ], [ -83.377480769336856, 33.970072130884262, 0.000130833344883 ], [ -83.377391816123676, 33.970056292833142, 0.000130833344883 ], [ -83.377319993633691, 33.970045526966913, 0.000130833344883 ], [ -83.37728113211233, 33.970037262534845, 0.000130833344883 ], [ -83.377239116289971, 33.970023252738365, 0.000130833344883 ], [ -83.377151677367735, 33.969985016926685, 0.000130833344883 ], [ -83.377114977258159, 33.969959734307402, 0.000130833344883 ], [ -83.377068861752704, 33.969930812843216, 0.000130833344883 ], [ -83.377013232733532, 33.969908986265288, 0.000130833344883 ], [ -83.376930400344904, 33.969876513989455, 0.000130833344883 ], [ -83.376847938431609, 33.969857115337206, 0.000130833344883 ], [ -83.376750357602575, 33.969820706596565, 0.000130833344883 ], [ -83.376665678529477, 33.96978223390677, 0.000130833344883 ], [ -83.376533870740957, 33.969710589190612, 0.000130833344883 ], [ -83.376250499256543, 33.969574013743227, 0.000130833344883 ], [ -83.375957422549931, 33.969376832391823, 0.000130833344883 ], [ -83.37593226881647, 33.969356732036218, 0.000130833344883 ], [ -83.375910337751407, 33.969334162181632, 0.000130833344883 ], [ -83.375894094742293, 33.969312709882885, 0.000130833344883 ], [ -83.375880770806617, 33.969289905015522, 0.000130833344883 ], [ -83.375822080161711, 33.969155739523622, 0.000130833344883 ], [ -83.375807506562055, 33.969130466169055, 0.000130833344883 ], [ -83.375563085577639, 33.968834115629022, 0.000130833344883 ], [ -83.3755267551755, 33.968788060398943, 0.000130833344883 ], [ -83.375475276765926, 33.968715915735331, 0.000130833344883 ], [ -83.37529741865383, 33.968445774542559, 0.000130833344883 ], [ -83.375276392661775, 33.968420163008766, 0.000130833344883 ], [ -83.375251336166102, 33.968397205989831, 0.000130833344883 ], [ -83.37521936032914, 33.968375345885157, 0.000130833344883 ], [ -83.375183752942903, 33.968357812605419, 0.000130833344883 ], [ -83.374683248639741, 33.968168671511286, 0.000130833344883 ], [ -83.374647431756784, 33.968157416327706, 0.000130833344883 ], [ -83.374521323842288, 33.96810881301419, 0.000130833344883 ], [ -83.374466885550021, 33.96807663635304, 0.000130833344883 ], [ -83.37440167855884, 33.968028912688581, 0.000130833344883 ], [ -83.374353980568998, 33.967985667229328, 0.000130833344883 ], [ -83.374285004896805, 33.967887411973564, 0.000130833344883 ], [ -83.374224121275518, 33.967818086823669, 0.000130833344883 ], [ -83.3741679605005, 33.967761188967017, 0.000130833344883 ], [ -83.374112632366007, 33.967707159907867, 0.000130833344883 ], [ -83.374089616105081, 33.967688404596174, 0.000130833344883 ], [ -83.373985286525752, 33.967639069149385, 0.000130833344883 ], [ -83.373873347698833, 33.96757680353091, 0.000130833344883 ], [ -83.373828000747096, 33.96755790431753, 0.000130833344883 ], [ -83.373783433241343, 33.967547598688832, 0.000130833344883 ], [ -83.373732741134305, 33.967549418784465, 0.000130833344883 ], [ -83.373593406782675, 33.967569989719152, 0.000130833344883 ], [ -83.373469598739845, 33.967583504618283, 0.000130833344883 ], [ -83.373314059245473, 33.967591805589734, 0.000130833344883 ], [ -83.373149151257465, 33.967591458281561, 0.000130833344883 ], [ -83.373074451039628, 33.967588829917332, 0.000130833344883 ], [ -83.373034976386421, 33.967584996940417, 0.000130833344883 ], [ -83.372992147168844, 33.967572554639887, 0.000130833344883 ], [ -83.372946906780143, 33.967542206455583, 0.000130833344883 ], [ -83.372860793791773, 33.967473664594628, 0.000130833344883 ], [ -83.372818130875686, 33.967443332988125, 0.000130833344883 ], [ -83.37274205169166, 33.967404197223004, 0.000130833344883 ], [ -83.372677889577645, 33.967376588531891, 0.000130833344883 ], [ -83.372633508528736, 33.967346245777165, 0.000130833344883 ], [ -83.372616481490496, 33.967330575318087, 0.000130833344883 ], [ -83.372527504184589, 33.967255570154698, 0.000130833344883 ], [ -83.372513462703722, 33.967241523782782, 0.000130833344883 ], [ -83.372495266368915, 33.967212423740165, 0.000130833344883 ], [ -83.37247540278932, 33.967177943946822, 0.000130833344883 ], [ -83.372465775577126, 33.967151045891526, 0.000130833344883 ], [ -83.372461310923143, 33.967123106451552, 0.000130833344883 ], [ -83.372462122964023, 33.967081962966724, 0.000130833344883 ], [ -83.372463895798845, 33.967039665331107, 0.000130833344883 ], [ -83.372461212933516, 33.966995006519078, 0.000130833344883 ], [ -83.372454246262819, 33.966959179119421, 0.000130833344883 ], [ -83.372445949920689, 33.966927637428029, 0.000130833344883 ], [ -83.372426519303175, 33.966892803389001, 0.000130833344883 ], [ -83.37240367883679, 33.966855084781287, 0.000130833344883 ], [ -83.372373502540498, 33.966821255181422, 0.000130833344883 ], [ -83.372342430564828, 33.966791355248809, 0.000130833344883 ], [ -83.372302291217238, 33.966766764870535, 0.000130833344883 ], [ -83.372246292502183, 33.966738850714556, 0.000130833344883 ], [ -83.372159093267541, 33.966694991490378, 0.000130833344883 ], [ -83.37211375049209, 33.966675734645129, 0.000130833344883 ], [ -83.372062759097588, 33.966663597260656, 0.000130833344883 ], [ -83.372016827070084, 33.966661511931207, 0.000130833344883 ], [ -83.371968711733786, 33.96666334794196, 0.000130833344883 ], [ -83.371927423892103, 33.966669880245533, 0.000130833344883 ], [ -83.371871808525214, 33.966693136529592, 0.000130833344883 ], [ -83.371786401781236, 33.966752175758991, 0.000130833344883 ] ] } },
{ "type": "Feature", "properties": { "Type": "Multi-use Trail", "Category": "Separated", "Status": "Existing", "RoadName": "ACCGov Leisure Services" }, "geometry": { "type": "LineString", "coordinates": [ [ -83.362265198703312, 33.934745159413382, 0.000130833344883 ], [ -83.362267888161185, 33.934745229276686, 0.000130833344883 ], [ -83.362289646052901, 33.934745795173022, 0.000130833344883 ], [ -83.362372005949254, 33.934747937141928, 0.000130833344883 ], [ -83.36239043151599, 33.934745479835364, 0.000130833344883 ], [ -83.362390755339462, 33.934745436870763, 0.000130833344883 ], [ -83.362403143446926, 33.934734880746539, 0.000130833344883 ], [ -83.362413523645614, 33.934718491695065, 0.000130833344883 ], [ -83.362417706339414, 33.934705159147768, 0.000130833344883 ], [ -83.362419885227737, 33.93469821304911, 0.000130833344883 ], [ -83.362421205820482, 33.93468775683548, 0.000130833344883 ], [ -83.362423567795062, 33.93466904518651, 0.000130833344883 ], [ -83.362427481858347, 33.934622732258561, 0.000130833344883 ], [ -83.362429929443238, 33.93459376369605, 0.000130833344883 ], [ -83.362430475240316, 33.934588978877855, 0.000130833344883 ], [ -83.362433781893316, 33.934556189547443, 0.000130833344883 ], [ -83.362440078944033, 33.934493759902658, 0.000130833344883 ], [ -83.362447644138484, 33.934418742323786, 0.000130833344883 ], [ -83.362448681904937, 33.934408454663917, 0.000130833344883 ], [ -83.362451698922484, 33.934380009139275, 0.000130833344883 ], [ -83.362452572387411, 33.934373851525095, 0.000130833344883 ], [ -83.362456361767599, 33.934347125883058, 0.000130833344883 ], [ -83.362463082130589, 33.934316062866259, 0.000130833344883 ], [ -83.362470493119773, 33.934287820048212, 0.000130833344883 ], [ -83.362473507111289, 33.934279140221186, 0.000130833344883 ], [ -83.362480396764951, 33.934259293278124, 0.000130833344883 ], [ -83.362482489089317, 33.934254534789098, 0.000130833344883 ], [ -83.362495858767545, 33.934224125580215, 0.000130833344883 ], [ -83.362515589458127, 33.934179473907172, 0.000130833344883 ], [ -83.362520739160701, 33.934169703570497, 0.000130833344883 ], [ -83.362531515444516, 33.934149256299179, 0.000130833344883 ], [ -83.362551264368392, 33.934117965510154, 0.000130833344883 ], [ -83.362565549983216, 33.934099543601988, 0.000130833344883 ], [ -83.362574029155098, 33.934088609405933, 0.000130833344883 ], [ -83.362577948868605, 33.934083225419705, 0.000130833344883 ], [ -83.362611880689215, 33.934036609926565, 0.000130833344883 ], [ -83.362645629798607, 33.933990096012437, 0.000130833344883 ], [ -83.362647892728205, 33.933986978640014, 0.000130833344883 ], [ -83.362648231355578, 33.933986511118995, 0.000130833344883 ], [ -83.362669779844978, 33.933952253182824, 0.000130833344883 ], [ -83.362692758575349, 33.933910251745289, 0.000130833344883 ], [ -83.362697208171681, 33.933902117736416, 0.000130833344883 ], [ -83.362704382763937, 33.933884054195993, 0.000130833344883 ], [ -83.362708401020996, 33.933873937462252, 0.000130833344883 ], [ -83.362715851448968, 33.933855181492099, 0.000130833344883 ], [ -83.36272420769285, 33.933819801471245, 0.000130833344883 ], [ -83.362724821451479, 33.933801682468747, 0.000130833344883 ], [ -83.362725066909064, 33.933794439736054, 0.000130833344883 ], [ -83.362725279556869, 33.933788156088788, 0.000130833344883 ], [ -83.362722941229862, 33.933764537901759, 0.000130833344883 ], [ -83.362721636264268, 33.933751353436215, 0.000130833344883 ], [ -83.362718417074774, 33.933736869892357, 0.000130833344883 ], [ -83.362711994261929, 33.933707973230533, 0.000130833344883 ], [ -83.362704482778739, 33.933665436404802, 0.000130833344883 ], [ -83.362702382570461, 33.933638810239486, 0.000130833344883 ] ] } },
{ "type": "Feature", "properties": { "Type": "Multi-use Trail", "Category": "Separated", "Status": "Existing", "RoadName": "ACCGov Leisure Services" }, "geometry": { "type": "LineString", "coordinates": [ [ -83.36386655651954, 33.953841844163783, 0.000130833344883 ], [ -83.363856485315694, 33.953830751075735, 0.000130833344883 ], [ -83.363809823666131, 33.953779359682329, 0.000130833344883 ], [ -83.363784769359796, 33.953751765249066, 0.000130833344883 ], [ -83.363751365089811, 33.95371504900811, 0.000130833344883 ], [ -83.363734591218673, 33.953696611977549, 0.000130833344883 ], [ -83.363690718328129, 33.953648388901748, 0.000130833344883 ], [ -83.36365396880224, 33.953607994845804, 0.000130833344883 ], [ -83.360517127934784, 33.950160037784094, 0.000130833344883 ], [ -83.360369451797851, 33.950003270489809, 0.000130833344883 ], [ -83.360215527480094, 33.949850734744025, 0.000130833344883 ], [ -83.360055528618858, 33.949702603866058, 0.000130833344883 ], [ -83.359889638642855, 33.949559044928236, 0.000130833344883 ], [ -83.359718044255828, 33.949420221418031, 0.000130833344883 ], [ -83.359664580831222, 33.949379790539481, 0.000130833344883 ], [ -83.359595464019094, 33.949325156968833, 0.000130833344883 ], [ -83.359558138573263, 33.949299297036283, 0.000130833344883 ], [ -83.359540938715767, 33.949286289653379, 0.000130833344883 ], [ -83.359358525038061, 33.949157403311666, 0.000130833344883 ], [ -83.35917100740896, 33.949033706160954, 0.000130833344883 ], [ -83.35907511759892, 33.948974715980484, 0.000130833344883 ], [ -83.359030153233746, 33.948947053975317, 0.000130833344883 ], [ -83.35897860192712, 33.948915340244774, 0.000130833344883 ], [ -83.358879743166057, 33.948858706135951, 0.000130833344883 ], [ -83.358781523681699, 33.94880243948645, 0.000130833344883 ], [ -83.358680432783245, 33.948748610758571, 0.000130833344883 ], [ -83.358579997561904, 33.948695130661598, 0.000130833344883 ], [ -83.358512990239333, 33.948662043126546, 0.000130833344883 ], [ -83.358476790776351, 33.948644168473884, 0.000130833344883 ], [ -83.358374251740699, 33.948593536060436, 0.000130833344883 ], [ -83.358295461018884, 33.948557942139928, 0.000130833344883 ], [ -83.358215805336286, 33.948521957507801, 0.000130833344883 ], [ -83.358134381971539, 33.948488834597363, 0.000130833344883 ], [ -83.358053842376535, 33.948456071765378, 0.000130833344883 ], [ -83.357970799025438, 33.948425870994555, 0.000130833344883 ], [ -83.35791639743762, 33.9484060869353, 0.000130833344883 ], [ -83.357888657045336, 33.948395998861024, 0.000130833344883 ], [ -83.357887584958391, 33.948395653719324, 0.000130833344883 ], [ -83.357804143541273, 33.948368776205086, 0.000130833344883 ], [ -83.357720549017671, 33.948341849843942, 0.000130833344883 ], [ -83.357663270056705, 33.948325701830981, 0.000130833344883 ], [ -83.357549824601179, 33.948293720481267, 0.000130833344883 ], [ -83.357463782285862, 33.948272824854996, 0.000130833344883 ], [ -83.357425779085844, 33.948263596054311, 0.000130833344883 ], [ -83.357409961068427, 33.94825975405741, 0.000130833344883 ], [ -83.357376794487749, 33.948251700259178, 0.000130833344883 ], [ -83.357246318414155, 33.948222513410315, 0.000130833344883 ], [ -83.357223612146569, 33.948217434189402, 0.000130833344883 ], [ -83.357149941214331, 33.948200954558743, 0.000130833344883 ], [ -83.357145688851304, 33.948200003362103, 0.000130833344883 ], [ -83.357049887101979, 33.948178573538357, 0.000130833344883 ], [ -83.357028033708673, 33.948173684717638, 0.000130833344883 ] ] } },
{ "type": "Feature", "properties": { "Type": "Multi-use Trail", "Category": "Separated", "Status": "Existing", "RoadName": "ACCGov Leisure Services" }, "geometry": { "type": "LineString", "coordinates": [ [ -83.364911401083461, 33.940989305261532, 0.000458916678326 ], [ -83.364985976183604, 33.940949686071029, 0.000458916678326 ], [ -83.365002688065687, 33.940941499301367, 0.000458916678326 ], [ -83.365020044813789, 33.940934566341241, 0.000458916678326 ], [ -83.365035687692441, 33.940931366549918, 0.000458916678326 ], [ -83.365057115681736, 33.94092852178597, 0.000458916678326 ], [ -83.365069186918674, 33.940928521943015, 0.000458916678326 ], [ -83.365074663809793, 33.940928522440451, 0.000458916678326 ], [ -83.365077258928139, 33.940928522206704, 0.000458916678326 ], [ -83.365101901388485, 33.940932077159928, 0.000458916678326 ], [ -83.365129543659606, 33.940939543831043, 0.000458916678326 ], [ -83.365152900928081, 33.940950032700769, 0.000458916678326 ], [ -83.365176900370543, 33.940966565542418, 0.000458916678326 ], [ -83.365270113855217, 33.941036963125647, 0.000458916678326 ], [ -83.365306187307027, 33.941064290011077, 0.000458916678326 ], [ -83.365543547217797, 33.941244095746484, 0.000458916678326 ], [ -83.365551254106265, 33.9412499341462, 0.000458916678326 ], [ -83.36558575439841, 33.941277311120487, 0.000458916678326 ], [ -83.365612754250691, 33.941302910922531, 0.000458916678326 ], [ -83.365648913418681, 33.941341552401497, 0.000458916678326 ], [ -83.365671393650757, 33.941366006608071, 0.000458916678326 ], [ -83.36582666315725, 33.941534913831035, 0.000458916678326 ], [ -83.365833505158875, 33.941542318971607, 0.000458916678326 ], [ -83.365907732722903, 33.941622659800728, 0.000458916678326 ], [ -83.366021192058341, 33.941745462167553, 0.000458916678326 ], [ -83.366037932701062, 33.941761017188227, 0.000458916678326 ], [ -83.36605735268256, 33.941774627756338, 0.000458916678326 ], [ -83.366085142857372, 33.941791293264629, 0.000458916678326 ], [ -83.366117285623659, 33.941806848353139, 0.000458916678326 ], [ -83.366150432127171, 33.941817681085901, 0.000458916678326 ], [ -83.366188266375374, 33.941825459025914, 0.000458916678326 ], [ -83.366214540786501, 33.941827705333381, 0.000458916678326 ], [ -83.366220744042494, 33.94182823613373, 0.000458916678326 ], [ -83.366255899741006, 33.941828514287948, 0.000458916678326 ], [ -83.366292395357306, 33.941824903541061, 0.000458916678326 ], [ -83.366334582813934, 33.941817403331676, 0.000458916678326 ], [ -83.366389126271372, 33.941797518853505, 0.000458916678326 ], [ -83.366434637013867, 33.941779483417491, 0.000458916678326 ], [ -83.366615465890192, 33.941707822278651, 0.000458916678326 ], [ -83.366826993883436, 33.941623994921088, 0.000458916678326 ], [ -83.367036598543024, 33.941540930076691, 0.000458916678326 ], [ -83.367087972232383, 33.941520570292781, 0.000458916678326 ], [ -83.367130446007593, 33.941504637230963, 0.000458916678326 ], [ -83.367157901228651, 33.941495470479772, 0.000458916678326 ], [ -83.367189039381813, 33.941489359708314, 0.000458916678326 ], [ -83.367227543204777, 33.941486026792816, 0.000458916678326 ], [ -83.367268726100306, 33.941487138100733, 0.000458916678326 ], [ -83.367350086516765, 33.941496582248661, 0.000458916678326 ], [ -83.367455889686994, 33.941508525563691, 0.000458916678326 ], [ -83.367477317765506, 33.941507415051831, 0.000458916678326 ], [ -83.367501424920576, 33.941501025947694, 0.000458916678326 ], [ -83.367522184016295, 33.941490471367743, 0.000458916678326 ], [ -83.367542122928825, 33.94147808662872, 0.000458916678326 ], [ -83.367557344931981, 33.941462045047899, 0.000458916678326 ], [ -83.367568727841814, 33.941439744906916, 0.000458916678326 ], [ -83.367575105586212, 33.941420441643132, 0.000458916678326 ], [ -83.367632938707999, 33.941434650202943, 0.000458916678326 ] ] } },
{ "type": "Feature", "properties": { "Type": "Multi-use Trail", "Category": "Separated", "Status": "Existing", "RoadName": "ACCGov Leisure Services" }, "geometry": { "type": "LineString", "coordinates": [ [ -83.365953627744176, 33.955715079088371, 0.000130833344883 ], [ -83.365813584975228, 33.955618329413717, 0.000130833344883 ], [ -83.365510595378723, 33.955415994553839, 0.000130833344883 ], [ -83.365488506728838, 33.955405712352629, 0.000130833344883 ], [ -83.36546457557472, 33.95540108377471, 0.000130833344883 ], [ -83.365437737083738, 33.95540120750583, 0.000130833344883 ], [ -83.365413747241504, 33.955402840110182, 0.000130833344883 ], [ -83.365391882541118, 33.955406872162989, 0.000130833344883 ], [ -83.365374640825081, 33.955413916781488, 0.000130833344883 ], [ -83.365351102139329, 33.955428821978984, 0.000130833344883 ], [ -83.365332974867428, 33.95544492455646, 0.000130833344883 ] ] } },
{ "type": "Feature", "properties": { "Type": "Multi-use Trail", "Category": "Separated", "Status": "Existing", "RoadName": "ACCGov Leisure Services" }, "geometry": { "type": "LineString", "coordinates": [ [ -83.365953627744176, 33.955715079088371, 0.000130833344883 ], [ -83.365906947069078, 33.955668709343762, 0.000130833344883 ], [ -83.365873532987024, 33.955625473281231, 0.000130833344883 ], [ -83.365849967034421, 33.955581855893811, 0.000130833344883 ], [ -83.365836100743152, 33.955543309065035, 0.000130833344883 ], [ -83.36582546147946, 33.955463463150863, 0.000130833344883 ], [ -83.365832681201383, 33.955403531543745, 0.000130833344883 ], [ -83.365863093230189, 33.955325350178832, 0.000130833344883 ], [ -83.36588643923082, 33.955289540157779, 0.000130833344883 ], [ -83.365947875005688, 33.955226311584482, 0.000130833344883 ], [ -83.365988216176518, 33.955197863623262, 0.000130833344883 ], [ -83.366076690765581, 33.955156648386421, 0.000130833344883 ], [ -83.36617064055423, 33.955135688755391, 0.000130833344883 ], [ -83.366290951330427, 33.955136700120313, 0.000130833344883 ] ] } },
{ "type": "Feature", "properties": { "Type": "Multi-use Trail", "Category": "Separated", "Status": "Existing", "RoadName": "ACCGov Leisure Services" }, "geometry": { "type": "LineString", "coordinates": [ [ -83.356625486507724, 33.9395887781006, 0.000130833344883 ], [ -83.356623353042593, 33.939582641324591, 0.000130833344883 ], [ -83.356609549727651, 33.939542940684653, 0.000130833344883 ], [ -83.356544730804572, 33.939356504994954, 0.000130833344883 ], [ -83.35654471079954, 33.939356447161153, 0.000130833344883 ], [ -83.356505200821289, 33.93924280515359, 0.000130833344883 ], [ -83.356502867297522, 33.939236092742078, 0.000130833344883 ], [ -83.356458399301886, 33.939108923001413, 0.000130833344883 ], [ -83.356434857000039, 33.939046423601567, 0.000130833344883 ], [ -83.356417593033996, 33.938992604609524, 0.000130833344883 ], [ -83.35640137510596, 33.93894312557007, 0.000130833344883 ], [ -83.35638254227662, 33.93887975826172, 0.000130833344883 ], [ -83.356368416478261, 33.938817258610456, 0.000130833344883 ], [ -83.356346967048623, 33.938747379877469, 0.000130833344883 ], [ -83.356313485605313, 33.938640175205585, 0.000130833344883 ], [ -83.356282096193283, 33.938554672190243, 0.000130833344883 ], [ -83.35625489196137, 33.938480019475527, 0.000130833344883 ], [ -83.356227688907168, 33.938396685292027, 0.000130833344883 ], [ -83.356206761954596, 33.938324202554597, 0.000130833344883 ], [ -83.35618897479354, 33.938257361934433, 0.000130833344883 ], [ -83.356169095642372, 33.938186181680862, 0.000130833344883 ], [ -83.356136136073289, 33.938070295313381, 0.000130833344883 ], [ -83.356105793993322, 33.937973506649918, 0.000130833344883 ], [ -83.356086436946441, 33.937912308685782, 0.000130833344883 ], [ -83.356070089479687, 33.937849145217641, 0.000130833344883 ], [ -83.356068126655003, 33.937841561590787, 0.000130833344883 ], [ -83.356057623200243, 33.937801619341698, 0.000130833344883 ], [ -83.356049694321712, 33.937769085328867, 0.000130833344883 ], [ -83.356042644375066, 33.937736147777585, 0.000130833344883 ], [ -83.356039987757896, 33.937727353246387, 0.000130833344883 ], [ -83.3559718837205, 33.937531710129441, 0.000130833344883 ], [ -83.35596297262785, 33.937506488801667, 0.000130833344883 ], [ -83.355946755287192, 33.937450498370133, 0.000130833344883 ], [ -83.355936814566618, 33.937406660410339, 0.000130833344883 ], [ -83.355931060379376, 33.937374541918814, 0.000130833344883 ], [ -83.355929491057267, 33.937346329651248, 0.000130833344883 ], [ -83.35593053661691, 33.93732115585162, 0.000130833344883 ], [ -83.355934722608609, 33.937292075377371, 0.000130833344883 ], [ -83.355941000589226, 33.937265165296644, 0.000130833344883 ], [ -83.355955125408599, 33.937214383926353, 0.000130833344883 ], [ -83.355978667665994, 33.937141900026354, 0.000130833344883 ], [ -83.355994885111414, 33.937090249766072, 0.000130833344883 ], [ -83.356003778442798, 33.937056394773911, 0.000130833344883 ], [ -83.356013718862656, 33.93698955365614, 0.000130833344883 ], [ -83.356025751670884, 33.936927920410135, 0.000130833344883 ], [ -83.356034345220763, 33.936882892661153, 0.000130833344883 ], [ -83.356035251738035, 33.936875810278551, 0.000130833344883 ], [ -83.356037693850467, 33.936864890894249, 0.000130833344883 ], [ -83.356047304349019, 33.936837423020322, 0.000130833344883 ], [ -83.356055654674734, 33.936820226851324, 0.000130833344883 ], [ -83.356068712614672, 33.93679605987731, 0.000130833344883 ], [ -83.356086457540172, 33.936763559648632, 0.000130833344883 ], [ -83.356109895100047, 33.936723558645888, 0.000130833344883 ], [ -83.356139476756852, 33.936675328642934, 0.000130833344883 ], [ -83.356164188753283, 33.936639867442508, 0.000130833344883 ], [ -83.356204670213287, 33.93658459738154, 0.000130833344883 ], [ -83.356225072844097, 33.936549005920803, 0.000130833344883 ], [ -83.356250184558746, 33.936496921893514, 0.000130833344883 ], [ -83.356265355661918, 33.936460462013478, 0.000130833344883 ], [ -83.356269195254129, 33.936442238070974, 0.000130833344883 ], [ -83.356277638942075, 33.936402162684956, 0.000130833344883 ] ] } },
{ "type": "Feature", "properties": { "Type": "Multi-use Trail", "Category": "Separated", "Status": "Existing", "RoadName": "ACCGov Leisure Services" }, "geometry": { "type": "LineString", "coordinates": [ [ -83.35476125953619, 33.936368337994701, 0.000130833344883 ], [ -83.354815634202154, 33.936395549691227, 0.000130833344883 ], [ -83.354852920132771, 33.936411728554368, 0.000130833344883 ], [ -83.35490909490494, 33.936430151596518, 0.000130833344883 ], [ -83.354957449819722, 33.936441884605252, 0.000130833344883 ], [ -83.354990262528702, 33.936444662360223, 0.000130833344883 ], [ -83.355037137081069, 33.936442439685429, 0.000130833344883 ], [ -83.355155997596825, 33.936429105964791, 0.000130833344883 ], [ -83.355175898456991, 33.936426265469429, 0.000130833344883 ], [ -83.355331672746146, 33.936404033582399, 0.000130833344883 ], [ -83.355364254115699, 33.936399383263357, 0.000130833344883 ], [ -83.355434231178663, 33.936387716073568, 0.000130833344883 ], [ -83.355543382502802, 33.936366604847557, 0.000130833344883 ], [ -83.35562952477089, 33.936353518539036, 0.000130833344883 ], [ -83.355674296678828, 33.936349104414994, 0.000130833344883 ], [ -83.355675164071855, 33.936349117341152, 0.000130833344883 ], [ -83.355699984325113, 33.936349481881933, 0.000130833344883 ], [ -83.355712131098088, 33.936349660161866, 0.000130833344883 ], [ -83.355747956872406, 33.936354660160696, 0.000130833344883 ], [ -83.355845723325032, 33.936373827336794, 0.000130833344883 ], [ -83.355899964572444, 33.936379660825835, 0.000130833344883 ], [ -83.355952917533159, 33.936383440085756, 0.000130833344883 ], [ -83.355962240808424, 33.936384105545059, 0.000130833344883 ], [ -83.355999058523821, 33.93638568142778, 0.000130833344883 ], [ -83.356036878563827, 33.936387299962597, 0.000130833344883 ], [ -83.356093751452676, 33.936391892064158, 0.000130833344883 ], [ -83.356153281276619, 33.936397936971673, 0.000130833344883 ], [ -83.356190836543561, 33.936400672597522, 0.000130833344883 ], [ -83.356224764975508, 33.936401573932962, 0.000130833344883 ], [ -83.35627763895063, 33.93640216178342, 0.000130833344883 ] ] } },
{ "type": "Feature", "properties": { "Type": "Multi-use Trail", "Category": "Separated", "Status": "Existing", "RoadName": "ACCGov Leisure Services" }, "geometry": { "type": "LineString", "coordinates": [ [ -83.362702382570461, 33.933638810239486, 0.000130833344883 ], [ -83.36268853965143, 33.933639372607672, 0.000130833344883 ], [ -83.362592984142509, 33.933631985746004, 0.000130833344883 ], [ -83.362578123248198, 33.933630836533219, 0.000130833344883 ], [ -83.362556999189195, 33.933630187374426, 0.000130833344883 ], [ -83.362548979938595, 33.93362994115941, 0.000130833344883 ], [ -83.362544118219418, 33.933629791299325, 0.000130833344883 ], [ -83.362524269059222, 33.933629182016929, 0.000130833344883 ], [ -83.3625119114608, 33.933628801978941, 0.000130833344883 ], [ -83.362437525769892, 33.933634227913082, 0.000130833344883 ], [ -83.362428675705303, 33.933635488242537, 0.000130833344883 ], [ -83.362378293910041, 33.933642663146777, 0.000130833344883 ], [ -83.362327990091416, 33.933649826818943, 0.000130833344883 ], [ -83.362309120062932, 33.933653218876245, 0.000130833344883 ], [ -83.362291588136827, 33.933656370831372, 0.000130833344883 ], [ -83.362285820734868, 33.933657406956151, 0.000130833344883 ], [ -83.362251372298147, 33.93366360037502, 0.000130833344883 ], [ -83.362180853445921, 33.933676276817991, 0.000130833344883 ], [ -83.362163010952358, 33.933681512120337, 0.000130833344883 ], [ -83.362125406125131, 33.933692546293358, 0.000130833344883 ], [ -83.362113824229098, 33.933695944469036, 0.000130833344883 ], [ -83.36209572905679, 33.933702513376218, 0.000130833344883 ], [ -83.362071327927268, 33.933711370801319, 0.000130833344883 ], [ -83.362061508651706, 33.933714934663286, 0.000130833344883 ], [ -83.362021455176105, 33.933736636731958, 0.000130833344883 ], [ -83.362016398081622, 33.933739778207851, 0.000130833344883 ], [ -83.361992339889497, 33.933754722738904, 0.000130833344883 ], [ -83.361989705803566, 33.933756359053923, 0.000130833344883 ], [ -83.361979846487088, 33.933763833777007, 0.000130833344883 ], [ -83.361929020306889, 33.933802368558119, 0.000130833344883 ], [ -83.361896133599203, 33.933831683630643, 0.000130833344883 ], [ -83.361867647180773, 33.933857076656231, 0.000130833344883 ], [ -83.361865718631549, 33.933858796019123, 0.000130833344883 ], [ -83.361813691064071, 33.933910849563375, 0.000130833344883 ], [ -83.361812356718417, 33.933912184221114, 0.000130833344883 ], [ -83.36178756164405, 33.933933126729293, 0.000130833344883 ], [ -83.361754287087649, 33.933961231988334, 0.000130833344883 ], [ -83.361710587867748, 33.933994466794729, 0.000130833344883 ], [ -83.361704064197298, 33.93399942801048, 0.000130833344883 ], [ -83.361687979150702, 33.934009622698603, 0.000130833344883 ], [ -83.361628729315697, 33.934047173634362, 0.000130833344883 ], [ -83.36158984872516, 33.934068923799856, 0.000130833344883 ], [ -83.361589810665677, 33.934068945189345, 0.000130833344883 ], [ -83.361578044045189, 33.934075528350839, 0.000130833344883 ], [ -83.361559673731534, 33.934085804550058, 0.000130833344883 ], [ -83.361531774373816, 33.93410281828254, 0.000130833344883 ], [ -83.361510562371265, 33.934115753636213, 0.000130833344883 ], [ -83.361484622561221, 33.934131661289477, 0.000130833344883 ], [ -83.36144558065044, 33.934155603038157, 0.000130833344883 ], [ -83.3613862333208, 33.934191998270968, 0.000130833344883 ], [ -83.361371618969869, 33.934200960134547, 0.000130833344883 ], [ -83.361360155304126, 33.93420798974369, 0.000130833344883 ], [ -83.361319295153251, 33.934233069095804, 0.000130833344883 ], [ -83.361267455375696, 33.934264887279852, 0.000130833344883 ], [ -83.361227695083741, 33.934289292187813, 0.000130833344883 ], [ -83.361199939243193, 33.934306328420632, 0.000130833344883 ], [ -83.361154537491842, 33.934334121566991, 0.000130833344883 ], [ -83.361112332066924, 33.934359958405565, 0.000130833344883 ], [ -83.361044129250985, 33.934401709623863, 0.000130833344883 ], [ -83.360992730680351, 33.934433173544086, 0.000130833344883 ], [ -83.360950031233131, 33.934459312734653, 0.000130833344883 ], [ -83.360921452006465, 33.934476362448784, 0.000130833344883 ], [ -83.360909519068059, 33.934483480907033, 0.000130833344883 ], [ -83.360882598887329, 33.934500438686911, 0.000130833344883 ], [ -83.360837197982889, 33.934529038648748, 0.000130833344883 ], [ -83.360807756916799, 33.934547205183861, 0.000130833344883 ], [ -83.360798080311127, 33.934553176240001, 0.000130833344883 ], [ -83.360783626330715, 33.934562094903647, 0.000130833344883 ], [ -83.360777119489185, 33.934566522433663, 0.000130833344883 ], [ -83.360740769498165, 33.934591263257964, 0.000130833344883 ], [ -83.360735455112362, 33.934595297380277, 0.000130833344883 ], [ -83.360695538375964, 33.93462559753393, 0.000130833344883 ], [ -83.360693561006201, 33.93462709837182, 0.000130833344883 ], [ -83.360680847682971, 33.934635643435342, 0.000130833344883 ], [ -83.360667110020074, 33.934644876923421, 0.000130833344883 ], [ -83.360626932120155, 33.934674878719136, 0.000130833344883 ], [ -83.360606188200435, 33.934690339646622, 0.000130833344883 ], [ -83.360603221986906, 33.934692549877525, 0.000130833344883 ], [ -83.36058742358054, 33.934704324090127, 0.000130833344883 ], [ -83.360526821348074, 33.934747659292839, 0.000130833344883 ], [ -83.360511011230187, 33.934758034139968, 0.000130833344883 ], [ -83.360480722085811, 33.934777911683177, 0.000130833344883 ], [ -83.360467557862577, 33.934786550242663, 0.000130833344883 ], [ -83.360433406943713, 33.934807939710922, 0.000130833344883 ], [ -83.360407134540864, 33.934820071770474, 0.000130833344883 ], [ -83.360397915350248, 33.934824329148817, 0.000130833344883 ], [ -83.360377441706518, 33.934833485134995, 0.000130833344883 ], [ -83.360364840117057, 33.934839120541405, 0.000130833344883 ], [ -83.360338631849146, 33.934845823588475, 0.000130833344883 ], [ -83.360311344499294, 33.93485156296849, 0.000130833344883 ], [ -83.360264344611906, 33.93486144861135, 0.000130833344883 ], [ -83.360235789207223, 33.934866993038852, 0.000130833344883 ], [ -83.360197659687358, 33.93487439785639, 0.000130833344883 ], [ -83.36016599093189, 33.934880546681981, 0.000130833344883 ], [ -83.360130181253638, 33.934885462938965, 0.000130833344883 ], [ -83.360093273335991, 33.934890529770612, 0.000130833344883 ], [ -83.36003104652751, 33.934899860267556, 0.000130833344883 ], [ -83.360012910443629, 33.934902579678216, 0.000130833344883 ], [ -83.360006429633358, 33.934903551515816, 0.000130833344883 ], [ -83.359982093688231, 33.9349076169594, 0.000130833344883 ], [ -83.359945226301036, 33.934913774944448, 0.000130833344883 ], [ -83.35992847942039, 33.934916572867678, 0.000130833344883 ], [ -83.359905138021688, 33.934923108877094, 0.000130833344883 ], [ -83.359878332608687, 33.934930614842237, 0.000130833344883 ], [ -83.359863729323067, 33.934934703464023, 0.000130833344883 ], [ -83.359851758202424, 33.93493805559703, 0.000130833344883 ], [ -83.35984477486447, 33.934940011381869, 0.000130833344883 ], [ -83.359777080146841, 33.934965853831017, 0.000130833344883 ], [ -83.359759500229785, 33.934972564612522, 0.000130833344883 ], [ -83.359684762188564, 33.935002702040983, 0.000130833344883 ], [ -83.359665856159054, 33.93501032645112, 0.000130833344883 ], [ -83.359640198761497, 33.935021343494263, 0.000130833344883 ], [ -83.359546577003883, 33.935061544207073, 0.000130833344883 ], [ -83.359520417783145, 33.935073008733852, 0.000130833344883 ], [ -83.3594406671006, 33.935107959235481, 0.000130833344883 ], [ -83.359339622037666, 33.935152241335949, 0.000130833344883 ], [ -83.35931481939231, 33.935163110643458, 0.000130833344883 ], [ -83.359194536335735, 33.935214753335849, 0.000130833344883 ], [ -83.359145688888717, 33.93523572508996, 0.000130833344883 ], [ -83.35909038684737, 33.935259468372834, 0.000130833344883 ], [ -83.359030746941428, 33.935285077431537, 0.000130833344883 ], [ -83.358956459110928, 33.93531719637042, 0.000130833344883 ], [ -83.358949687792574, 33.935320634818517, 0.000130833344883 ], [ -83.358900235459572, 33.935345741737081, 0.000130833344883 ], [ -83.358898598602167, 33.935346573089859, 0.000130833344883 ], [ -83.358834648688116, 33.935379907509166, 0.000130833344883 ], [ -83.358829093249639, 33.935382191769662, 0.000130833344883 ], [ -83.358805534758687, 33.935391878126701, 0.000130833344883 ], [ -83.35879612700181, 33.935394096537415, 0.000130833344883 ], [ -83.358795308512001, 33.935394289518293, 0.000130833344883 ], [ -83.358784818837123, 33.935396762292285, 0.000130833344883 ], [ -83.358780849341045, 33.935397192454374, 0.000130833344883 ], [ -83.35877413932316, 33.935397918389903, 0.000130833344883 ], [ -83.358766031420572, 33.9353987965385, 0.000130833344883 ], [ -83.358728364352359, 33.935399230981673, 0.000130833344883 ], [ -83.358656691407106, 33.935395664562151, 0.000130833344883 ] ] } },
{ "type": "Feature", "properties": { "Type": "Multi-use Trail", "Category": "Separated", "Status": "Existing", "RoadName": "ACCGov Leisure Services" }, "geometry": { "type": "LineString", "coordinates": [ [ -83.36413787841424, 33.954140670807469, 0.000130833344883 ], [ -83.36386655651954, 33.953841844163783, 0.000130833344883 ] ] } },
{ "type": "Feature", "properties": { "Type": "Multi-use Trail", "Category": "Separated", "Status": "Existing", "RoadName": "ACCGov Leisure Services" }, "geometry": { "type": "LineString", "coordinates": [ [ -83.357028033708673, 33.948173684717638, 0.000458916678326 ], [ -83.35669896353734, 33.948098586383161, 0.000458916678326 ], [ -83.356426268736627, 33.94805725781999, 0.000458916678326 ], [ -83.356152164449568, 33.948023017630476, 0.000458916678326 ], [ -83.355876914271278, 33.947995898195096, 0.000458916678326 ], [ -83.355600785092051, 33.947975926508796, 0.000458916678326 ], [ -83.355324044951175, 33.947963122363682, 0.000458916678326 ], [ -83.355046960882405, 33.947957497433208, 0.000458916678326 ], [ -83.35476979997884, 33.947959057082414, 0.000458916678326 ], [ -83.354492832638641, 33.947967800389449, 0.000458916678326 ], [ -83.354216325010043, 33.947983718292384, 0.000458916678326 ], [ -83.353877872830537, 33.948023712105282, 0.000458916678326 ], [ -83.353540600286763, 33.948070112294992, 0.000458916678326 ], [ -83.353204681692489, 33.948122896580898, 0.000458916678326 ], [ -83.352870290341144, 33.948182036366312, 0.000458916678326 ], [ -83.352537600618007, 33.948247502162026, 0.000458916678326 ], [ -83.352206783716213, 33.948319259049903, 0.000458916678326 ], [ -83.351878011929713, 33.948397270317685, 0.000458916678326 ], [ -83.351551454334924, 33.948481496528821, 0.000458916678326 ], [ -83.351227280070603, 33.948571891937618, 0.000458916678326 ], [ -83.350789522323453, 33.948741855875589, 0.000458916678326 ], [ -83.350355464837989, 33.948918288272303, 0.000458916678326 ], [ -83.349925244375413, 33.949101134174285, 0.000458916678326 ], [ -83.349498997744035, 33.949290334121933, 0.000458916678326 ], [ -83.34923093143253, 33.949431245127741, 0.000458916678326 ], [ -83.348967196836696, 33.949577723706746, 0.000458916678326 ], [ -83.348707959263834, 33.949729676317197, 0.000458916678326 ], [ -83.348453382960699, 33.949887007608105, 0.000458916678326 ], [ -83.348203628975895, 33.950049617700039, 0.000458916678326 ], [ -83.348083195322118, 33.950132171955389, 0.000458916678326 ], [ -83.347965623048168, 33.950298770057806, 0.000458916678326 ], [ -83.347950238328949, 33.950410785433789, 0.000458916678326 ], [ -83.347943052567402, 33.950563407221722, 0.000458916678326 ], [ -83.347922331223856, 33.950634833407662, 0.000458916678326 ], [ -83.347867125542678, 33.950720343919471, 0.000458916678326 ], [ -83.347766356976337, 33.950806389790344, 0.000458916678326 ], [ -83.347478661658286, 33.95093245139077, 0.000458916678326 ], [ -83.347058229609331, 33.951194440011555, 0.000458916678326 ], [ -83.346605189847523, 33.951573097931536, 0.000458916678326 ], [ -83.346331004758369, 33.951807432608945, 0.000458916678326 ], [ -83.346099099725222, 33.951953369580828, 0.000458916678326 ], [ -83.345466729495598, 33.952626396951914, 0.000458916678326 ], [ -83.344440127923463, 33.953709128177756, 0.000458916678326 ], [ -83.343065336623098, 33.955088280169491, 0.000458916678326 ], [ -83.341785969755506, 33.956400667047035, 0.000458916678326 ], [ -83.340621819097549, 33.957635688555747, 0.000458916678326 ], [ -83.339852638463469, 33.95828833191996, 0.000458916678326 ], [ -83.339663712000799, 33.958385947472131, 0.000458916678326 ], [ -83.339480308994908, 33.958498385956979, 0.000458916678326 ], [ -83.339396744227543, 33.9585954081304, 0.000458916678326 ], [ -83.339399867977221, 33.958683032300584, 0.000458916678326 ], [ -83.339383343145485, 33.958803403658756, 0.000458916678326 ], [ -83.339362296417818, 33.958816501170048, 0.000458916678326 ] ] } },
{ "type": "Feature", "properties": { "Type": "Multi-use Trail", "Category": "Separated", "Status": "Existing", "RoadName": "ACCGov Leisure Services" }, "geometry": { "type": "LineString", "coordinates": [ [ -83.368246982937535, 33.953535679143549, 0.000130833344883 ], [ -83.368246557479935, 33.953492733411295, 0.000130833344883 ], [ -83.368242687488689, 33.953419411335261, 0.000130833344883 ], [ -83.368230179199216, 33.953284852787711, 0.000130833344883 ], [ -83.3682067497774, 33.953115127904674, 0.000130833344883 ], [ -83.368200419632643, 33.953080950649287, 0.000130833344883 ], [ -83.36819674048904, 33.953066891652782, 0.000130833344883 ], [ -83.368190091860185, 33.953048510982072, 0.000130833344883 ], [ -83.368180740563844, 33.953030717749691, 0.000130833344883 ], [ -83.368167497364666, 33.953008208270859, 0.000130833344883 ], [ -83.368152933227165, 33.952973763019685, 0.000130833344883 ], [ -83.368102994327842, 33.952834604223987, 0.000130833344883 ], [ -83.3680826802957, 33.952772210980974, 0.000130833344883 ], [ -83.368060839348473, 33.952701173251171, 0.000130833344883 ], [ -83.368055927698506, 33.952671392351661, 0.000130833344883 ], [ -83.368039557424197, 33.95258686167405, 0.000130833344883 ], [ -83.368027204920054, 33.952545571419378, 0.000130833344883 ], [ -83.368016709210551, 33.952520466926302, 0.000130833344883 ], [ -83.367975458809553, 33.952453058391988, 0.000130833344883 ], [ -83.367949597076603, 33.952408605133797, 0.000130833344883 ], [ -83.367936634508609, 33.95238004594308, 0.000130833344883 ], [ -83.367921012915374, 33.95233629024019, 0.000130833344883 ], [ -83.36791224979855, 33.952293771849803, 0.000130833344883 ], [ -83.367904758424231, 33.952244598922228, 0.000130833344883 ], [ -83.367885964306808, 33.951733347293732, 0.000130833344883 ], [ -83.367880069178668, 33.951660047209735, 0.000130833344883 ], [ -83.367876316328307, 33.951632351995812, 0.000130833344883 ], [ -83.367867779663115, 33.951590733056619, 0.000130833344883 ], [ -83.367861407220516, 33.951567939045283, 0.000130833344883 ], [ -83.367850192280784, 33.95153368138056, 0.000130833344883 ], [ -83.367828946945053, 33.951482548378117, 0.000130833344883 ], [ -83.367805768881325, 33.951433554035468, 0.000130833344883 ], [ -83.367719574153639, 33.951278902069731, 0.000130833344883 ], [ -83.367650992854863, 33.951151205766024, 0.000130833344883 ], [ -83.367632447353799, 33.951108023390141, 0.000130833344883 ], [ -83.36761811031981, 33.951049683660266, 0.000130833344883 ], [ -83.367600934518094, 33.950976290496676, 0.000130833344883 ], [ -83.367582935486695, 33.950942014012647, 0.000130833344883 ], [ -83.367553967449041, 33.950880757303388, 0.000130833344883 ], [ -83.367534255866033, 33.950823331150723, 0.000130833344883 ], [ -83.367528286790218, 33.950789807147594, 0.000130833344883 ], [ -83.367523778441679, 33.950754526401603, 0.000130833344883 ], [ -83.367523544940212, 33.950718512460774, 0.000130833344883 ], [ -83.367527804175509, 33.950643177554525, 0.000130833344883 ], [ -83.367522923757178, 33.950600595977406, 0.000130833344883 ], [ -83.367514628412152, 33.950557031129556, 0.000130833344883 ], [ -83.36750109825222, 33.950510188355814, 0.000130833344883 ], [ -83.367481153392092, 33.950463494171373, 0.000130833344883 ], [ -83.367455728340431, 33.95041523800279, 0.000130833344883 ], [ -83.367441192671791, 33.950402357203473, 0.000130833344883 ], [ -83.367427797337285, 33.950394332586519, 0.000130833344883 ], [ -83.367304848323144, 33.950325370938685, 0.000130833344883 ], [ -83.367261260739255, 33.950298317716381, 0.000130833344883 ], [ -83.367240242192167, 33.950280386430755, 0.000130833344883 ], [ -83.367231396382877, 33.950274303621846, 0.000130833344883 ], [ -83.36720824326197, 33.950253602291056, 0.000130833344883 ], [ -83.367197450179972, 33.950238023852421, 0.000130833344883 ], [ -83.367190064011254, 33.95022266498875, 0.000130833344883 ], [ -83.367172434252311, 33.950179245057157, 0.000130833344883 ], [ -83.367165732856876, 33.950159149148909, 0.000130833344883 ] ] } },
{ "type": "Feature", "properties": { "Type": "Multi-use Trail", "Category": "Separated", "Status": "Existing", "RoadName": "ACCGov Leisure Services" }, "geometry": { "type": "LineString", "coordinates": [ [ -83.364059369337838, 33.937452072017031, 0.000130833344883 ], [ -83.364066200742329, 33.937416404291668, 0.000130833344883 ], [ -83.364076279133855, 33.937363128805096, 0.000130833344883 ], [ -83.364080290977128, 33.937353235586478, 0.000130833344883 ], [ -83.364081771743699, 33.937350247428945, 0.000130833344883 ], [ -83.36408465276898, 33.937344435581281, 0.000130833344883 ], [ -83.364094381675187, 33.937330018450005, 0.000130833344883 ], [ -83.364107572750711, 33.937313449233848, 0.000130833344883 ], [ -83.364109055938414, 33.937311586284856, 0.000130833344883 ], [ -83.364127874966726, 33.937288921990152, 0.000130833344883 ], [ -83.364135535101113, 33.937277329598089, 0.000130833344883 ], [ -83.364140023233631, 33.937270165911315, 0.000130833344883 ], [ -83.364140393371272, 33.937269453357473, 0.000130833344883 ], [ -83.364151206557153, 33.937248649162591, 0.000130833344883 ], [ -83.364152263922747, 33.937246054947096, 0.000130833344883 ], [ -83.3641601833896, 33.937220425475864, 0.000130833344883 ], [ -83.364171995250786, 33.937171344688288, 0.000130833344883 ], [ -83.364172332355579, 33.937168734057188, 0.000130833344883 ], [ -83.364177346614625, 33.937130510172572, 0.000130833344883 ], [ -83.364187391896508, 33.937041897261672, 0.000130833344883 ], [ -83.364188344428214, 33.937004818978501, 0.000130833344883 ], [ -83.36418933985, 33.936966051381653, 0.000130833344883 ], [ -83.364189411481661, 33.936963258700715, 0.000130833344883 ], [ -83.364196332337897, 33.936811855329296, 0.000130833344883 ], [ -83.364196431799002, 33.936809670506136, 0.000130833344883 ], [ -83.364198551186391, 33.936769048435536, 0.000130833344883 ], [ -83.36419944552776, 33.936751892363162, 0.000130833344883 ], [ -83.364201471629556, 33.936734242379117, 0.000130833344883 ], [ -83.364206141156544, 33.936693557588143, 0.000130833344883 ], [ -83.364212646885051, 33.93665823123527, 0.000130833344883 ], [ -83.364213507418839, 33.936653556653027, 0.000130833344883 ], [ -83.364227235468519, 33.936603832882504, 0.000130833344883 ], [ -83.364238195859556, 33.936569170284784, 0.000130833344883 ], [ -83.364241397465506, 33.93655904547775, 0.000130833344883 ], [ -83.364250997771919, 33.936535493412343, 0.000130833344883 ], [ -83.364264574863725, 33.936507161750306, 0.000130833344883 ], [ -83.364279111503834, 33.936479627040633, 0.000130833344883 ], [ -83.364286105732717, 33.936462560307177, 0.000130833344883 ], [ -83.364288412053682, 33.936446861399979, 0.000130833344883 ], [ -83.364289599797786, 33.936418143352462, 0.000130833344883 ], [ -83.36429380716946, 33.936316364219323, 0.000130833344883 ], [ -83.364298796313335, 33.936086498457847, 0.000130833344883 ], [ -83.364300434638935, 33.936011012086283, 0.000130833344883 ], [ -83.364300703087281, 33.935998652937442, 0.000130833344883 ], [ -83.364300999967242, 33.935916609522039, 0.000130833344883 ], [ -83.364303615659054, 33.935786397153379, 0.000130833344883 ], [ -83.364303906383455, 33.935780773080936, 0.000130833344883 ], [ -83.364313480657358, 33.935595308388557, 0.000130833344883 ], [ -83.364315866611918, 33.93554909002679, 0.000130833344883 ], [ -83.364312557009001, 33.935515380275703, 0.000130833344883 ], [ -83.364305917492402, 33.935489911963941, 0.000130833344883 ], [ -83.364295538006203, 33.935455744109937, 0.000130833344883 ], [ -83.364291940631091, 33.935441990241038, 0.000130833344883 ], [ -83.364287836822371, 33.93542629824379, 0.000130833344883 ], [ -83.364286832322392, 33.935402963768318, 0.000130833344883 ], [ -83.364293193752545, 33.935369628992639, 0.000130833344883 ], [ -83.364304578627596, 33.935332128213737, 0.000130833344883 ], [ -83.364320984447488, 33.935294071409629, 0.000130833344883 ], [ -83.364328350089281, 33.935254347243671, 0.000130833344883 ], [ -83.364330307626247, 33.935229007983722, 0.000130833344883 ], [ -83.364332323142889, 33.935202907251671, 0.000130833344883 ], [ -83.36433899426757, 33.935129169404085, 0.000130833344883 ], [ -83.364357138318596, 33.934928611891571, 0.000130833344883 ], [ -83.36435950959131, 33.934902406185778, 0.000130833344883 ], [ -83.364363621349142, 33.934835365851661, 0.000130833344883 ], [ -83.36437098056453, 33.934715357992914, 0.000130833344883 ], [ -83.364374013591231, 33.934616401290263, 0.000130833344883 ], [ -83.364374026141988, 33.934615985735633, 0.000130833344883 ], [ -83.364378077850816, 33.934483838850156, 0.000130833344883 ], [ -83.364378237541032, 33.934467619250526, 0.000130833344883 ], [ -83.364378198933849, 33.934448669223229, 0.000130833344883 ], [ -83.364371836273534, 33.934361163792246, 0.000130833344883 ], [ -83.364366231708104, 33.934321768935732, 0.000130833344883 ], [ -83.36436169166636, 33.934289853455347, 0.000130833344883 ], [ -83.364350446635001, 33.934237613749659, 0.000130833344883 ], [ -83.364349380783736, 33.93423269850755, 0.000130833344883 ], [ -83.364330200466256, 33.934144269259967, 0.000130833344883 ], [ -83.36431682640972, 33.934082610211455, 0.000130833344883 ], [ -83.364296344927553, 33.933988183165603, 0.000130833344883 ], [ -83.364280123329848, 33.933924518434644, 0.000130833344883 ], [ -83.364270107145742, 33.933898341994961, 0.000130833344883 ], [ -83.364267266044521, 33.93389091685615, 0.000130833344883 ], [ -83.364253551958896, 33.93385998202767, 0.000130833344883 ], [ -83.36423581748889, 33.933829378930717, 0.000130833344883 ], [ -83.364230908335472, 33.93382090798417, 0.000130833344883 ], [ -83.364219394630553, 33.933802283479331, 0.000130833344883 ], [ -83.364200449986413, 33.933777888103791, 0.000130833344883 ], [ -83.364161386336178, 33.933738982919891, 0.000130833344883 ], [ -83.364147791437716, 33.933725443377988, 0.000130833344883 ], [ -83.364056585059529, 33.933633663106463, 0.000130833344883 ], [ -83.364003480651206, 33.933580222753854, 0.000130833344883 ], [ -83.363988174788986, 33.933564821060884, 0.000130833344883 ], [ -83.363904055236205, 33.933482893552799, 0.000130833344883 ], [ -83.363902851944658, 33.933482023780371, 0.000130833344883 ], [ -83.363882931120585, 33.933467614397486, 0.000130833344883 ], [ -83.363854004982088, 33.933446693561933, 0.000130833344883 ], [ -83.363851862191808, 33.933445544479262, 0.000130833344883 ], [ -83.363818546085341, 33.933427687491715, 0.000130833344883 ], [ -83.363782121152596, 33.933415380293283, 0.000130833344883 ], [ -83.363767390883353, 33.933412531662924, 0.000130833344883 ], [ -83.363750453725302, 33.933409255708085, 0.000130833344883 ], [ -83.363737373271988, 33.933407413196278, 0.000130833344883 ], [ -83.363714962917498, 33.933404255718429, 0.000130833344883 ], [ -83.363686168657011, 33.933403977780124, 0.000130833344883 ], [ -83.363629249114311, 33.933406478154112, 0.000130833344883 ], [ -83.363558103705074, 33.933413582135387, 0.000130833344883 ], [ -83.363512397761554, 33.933418145421768, 0.000130833344883 ], [ -83.363417831787132, 33.933430955129971, 0.000130833344883 ], [ -83.363413961028385, 33.933431479852786, 0.000130833344883 ], [ -83.363287249802909, 33.933456794979556, 0.000130833344883 ], [ -83.363268591947048, 33.933460523061719, 0.000130833344883 ], [ -83.363212400717543, 33.933475648556815, 0.000130833344883 ], [ -83.363149454287139, 33.933497594706118, 0.000130833344883 ], [ -83.363123940157649, 33.933507158241802, 0.000130833344883 ], [ -83.363017536243618, 33.933547041993698, 0.000130833344883 ], [ -83.362954770012053, 33.933571096251846, 0.000130833344883 ], [ -83.362947224253972, 33.933573988007957, 0.000130833344883 ], [ -83.362913551573044, 33.933585348322175, 0.000130833344883 ], [ -83.362866532203114, 33.933601211530963, 0.000130833344883 ], [ -83.36279655579466, 33.933621212840478, 0.000130833344883 ], [ -83.362702382570461, 33.933638810239486, 0.000130833344883 ] ] } },
{ "type": "Feature", "properties": { "Type": "Multi-use Trail", "Category": "Separated", "Status": "Existing", "RoadName": "ACCGov Leisure Services" }, "geometry": { "type": "LineString", "coordinates": [ [ -83.377512994463757, 33.968364882511786, 0.000130833344883 ], [ -83.377500880598461, 33.968361227309131, 0.000130833344883 ], [ -83.377461289685201, 33.968369918139139, 0.000130833344883 ], [ -83.376882210100675, 33.968526814965081, 0.000130833344883 ], [ -83.376728843757604, 33.968562080115021, 0.000130833344883 ], [ -83.376650112855813, 33.968571617587834, 0.000130833344883 ], [ -83.376551941980409, 33.968572967252243, 0.000130833344883 ], [ -83.376465505982239, 33.968563139397723, 0.000130833344883 ], [ -83.376372303323251, 33.968541530183138, 0.000130833344883 ], [ -83.376289967787045, 33.968510612314411, 0.000130833344883 ], [ -83.376223783330076, 33.96847798231822, 0.000130833344883 ], [ -83.37615731919027, 33.968432898581419, 0.000130833344883 ], [ -83.376100032582642, 33.96838615713007, 0.000130833344883 ], [ -83.376052151812416, 33.968337758541921, 0.000130833344883 ], [ -83.376019491594192, 33.968284946145964, 0.000130833344883 ], [ -83.375981133714532, 33.968230898015641, 0.000130833344883 ], [ -83.375842982117788, 33.967964406282675, 0.000130833344883 ], [ -83.375669279708319, 33.967650655170118, 0.000130833344883 ], [ -83.375622288134423, 33.967580151446761, 0.000130833344883 ], [ -83.375518945329247, 33.967455720885376, 0.000130833344883 ], [ -83.375463604034366, 33.967396497358727, 0.000130833344883 ], [ -83.375419801930377, 33.967355409622073, 0.000130833344883 ], [ -83.375380663276559, 33.967322774541998, 0.000130833344883 ], [ -83.375348182080273, 33.967299320809467, 0.000130833344883 ], [ -83.375310518102296, 33.967275358602613, 0.000130833344883 ], [ -83.375203653502126, 33.967216155267963, 0.000130833344883 ], [ -83.375120180565574, 33.967174923191401, 0.000130833344883 ], [ -83.375052280429031, 33.967144851076874, 0.000130833344883 ], [ -83.374221123191276, 33.966870606285724, 0.000130833344883 ], [ -83.373491544587012, 33.966632965264139, 0.000130833344883 ], [ -83.373381863456842, 33.966593203103038, 0.000130833344883 ], [ -83.373328040885013, 33.966567699899372, 0.000130833344883 ], [ -83.373250838270081, 33.966527715117387, 0.000130833344883 ], [ -83.373175948426152, 33.966484784365306, 0.000130833344883 ], [ -83.373103532787724, 33.966439002454024, 0.000130833344883 ], [ -83.373033748443291, 33.966390465969766, 0.000130833344883 ], [ -83.372940516236923, 33.966320204893862, 0.000130833344883 ], [ -83.37284408055271, 33.9662448948975, 0.000130833344883 ], [ -83.372336377537508, 33.965825991681605, 0.000130833344883 ], [ -83.372272842551098, 33.965777276015466, 0.000130833344883 ], [ -83.372228712386729, 33.965766255885441, 0.000130833344883 ], [ -83.372081780803271, 33.965618626178106, 0.000130833344883 ], [ -83.372064736772401, 33.965573763733346, 0.000130833344883 ], [ -83.371864765399778, 33.965290962489028, 0.000130833344883 ], [ -83.37167337375773, 33.964957931753425, 0.000130833344883 ], [ -83.37157881302096, 33.964782345908375, 0.000130833344883 ], [ -83.371553622715183, 33.964722708639201, 0.000130833344883 ], [ -83.371529743707796, 33.964655997817673, 0.000130833344883 ], [ -83.371471749906547, 33.964461852601509, 0.000130833344883 ], [ -83.371447883183208, 33.964335586164239, 0.000130833344883 ], [ -83.371432507849875, 33.964235772351074, 0.000130833344883 ], [ -83.371367850790918, 33.963864624598564, 0.000130833344883 ], [ -83.371343946260211, 33.963772329943218, 0.000130833344883 ], [ -83.371311563918823, 33.963685741680969, 0.000130833344883 ], [ -83.371265852515307, 33.963587128362853, 0.000130833344883 ], [ -83.371227298375928, 33.963515768682704, 0.000130833344883 ], [ -83.371180697774093, 33.963440396281335, 0.000130833344883 ], [ -83.371125004184137, 33.963359175952796, 0.000130833344883 ], [ -83.371053621504203, 33.96326246938154, 0.000130833344883 ], [ -83.370997411604719, 33.96318977653862, 0.000130833344883 ], [ -83.370946164806782, 33.963127105418046, 0.000130833344883 ], [ -83.370896780632805, 33.963070668218705, 0.000130833344883 ], [ -83.370848281310543, 33.963019376707855, 0.000130833344883 ], [ -83.370776355451355, 33.962950963889497, 0.000130833344883 ], [ -83.370661783861138, 33.962850944835822, 0.000130833344883 ], [ -83.370487849351207, 33.962709931180996, 0.000130833344883 ], [ -83.370427070515163, 33.962657369063365, 0.000130833344883 ], [ -83.37035041727539, 33.962584382281889, 0.000130833344883 ], [ -83.370276960653328, 33.962508936753679, 0.000130833344883 ], [ -83.370234566343825, 33.962448288994395, 0.000130833344883 ], [ -83.370153996482273, 33.962307979069656, 0.000130833344883 ], [ -83.369769821949376, 33.961489040295199, 0.000130833344883 ], [ -83.369705512831558, 33.961361633477303, 0.000130833344883 ], [ -83.369573163062242, 33.961072278943568, 0.000130833344883 ], [ -83.369503136092533, 33.96093095945303, 0.000130833344883 ], [ -83.369477462884177, 33.960888679710827, 0.000130833344883 ], [ -83.369447151096438, 33.960843739066604, 0.000130833344883 ], [ -83.369415547912922, 33.96080164630002, 0.000130833344883 ], [ -83.369365557394076, 33.960742836969992, 0.000130833344883 ], [ -83.369357515910778, 33.960735768672734, 0.000130833344883 ], [ -83.36928126419204, 33.960648555767861, 0.000130833344883 ], [ -83.368279244450733, 33.959812795452777, 0.000130833344883 ], [ -83.367985251877911, 33.959562146376243, 0.000130833344883 ], [ -83.367872989421613, 33.959447310296277, 0.000130833344883 ], [ -83.367825770042359, 33.95939319309273, 0.000130833344883 ], [ -83.367778654886962, 33.959331057768892, 0.000130833344883 ], [ -83.367726499923023, 33.959250636037474, 0.000130833344883 ], [ -83.36771209183263, 33.959224061790067, 0.000130833344883 ], [ -83.367691767764143, 33.959179865346982, 0.000130833344883 ], [ -83.36767942004208, 33.959147014047396, 0.000130833344883 ], [ -83.367664993558947, 33.959101462920103, 0.000130833344883 ], [ -83.367611482722936, 33.958919476764308, 0.000130833344883 ], [ -83.367582377392139, 33.958867186483175, 0.000130833344883 ], [ -83.367598563162744, 33.958831607364807, 0.000130833344883 ], [ -83.36754698092858, 33.958714861335757, 0.000130833344883 ] ] } },
{ "type": "Feature", "properties": { "Type": "Multi-use Trail", "Category": "Separated", "Status": "Existing", "RoadName": "ACCGov Leisure Services" }, "geometry": { "type": "LineString", "coordinates": [ [ -83.378074811179346, 33.970053200711888, 0.000130833344883 ], [ -83.378203429673263, 33.970116047243074, 0.000130833344883 ], [ -83.378393652856786, 33.970212385753065, 0.000130833344883 ], [ -83.378455273309626, 33.970244388503353, 0.000130833344883 ], [ -83.378575153484149, 33.970315527436135, 0.000130833344883 ], [ -83.378669264491947, 33.970370324861783, 0.000130833344883 ], [ -83.378708440825676, 33.970392239195206, 0.000130833344883 ], [ -83.378736207117527, 33.970409711340871, 0.000130833344883 ], [ -83.378773293224356, 33.970437096664078, 0.000130833344883 ], [ -83.37879592098345, 33.97045815759892, 0.000130833344883 ], [ -83.378852508078268, 33.970518518204656, 0.000130833344883 ], [ -83.378898123231508, 33.970578447011341, 0.000130833344883 ], [ -83.378932317229726, 33.9706350217959, 0.000130833344883 ], [ -83.378986260310228, 33.970730771892768, 0.000130833344883 ], [ -83.379025673432636, 33.970796042566299, 0.000130833344883 ], [ -83.37911539957534, 33.970949183548413, 0.000130833344883 ], [ -83.379210606472455, 33.971117177222268, 0.000130833344883 ], [ -83.379257954221458, 33.971183378547082, 0.000130833344883 ], [ -83.379310377981881, 33.971242456383024, 0.000130833344883 ], [ -83.379375591523342, 33.971311754437565, 0.000130833344883 ], [ -83.379391561343454, 33.971326467825925, 0.000130833344883 ], [ -83.379553688598151, 33.971442901648153, 0.000130833344883 ], [ -83.379577834864946, 33.971463630447886, 0.000130833344883 ], [ -83.379595902133843, 33.971483724410355, 0.000130833344883 ], [ -83.379611384744223, 33.9715124490222, 0.000130833344883 ], [ -83.379618980453145, 33.971542614426944, 0.000130833344883 ], [ -83.379617957521461, 33.971576004707451, 0.000130833344883 ], [ -83.379612314633007, 33.971605787016372, 0.000130833344883 ], [ -83.379611984979135, 33.971641566444873, 0.000130833344883 ], [ -83.379622498775632, 33.971704550478911, 0.000130833344883 ], [ -83.379642456848302, 33.971791450170265, 0.000130833344883 ], [ -83.379659420535432, 33.971853581068508, 0.000130833344883 ], [ -83.379672387231068, 33.971883482389821, 0.000130833344883 ], [ -83.379689320755247, 33.971910129080904, 0.000130833344883 ], [ -83.379790355184241, 33.972053903097077, 0.000130833344883 ], [ -83.379854249134212, 33.972150028384668, 0.000130833344883 ], [ -83.380020568833274, 33.972394410065114, 0.000130833344883 ], [ -83.380087981392506, 33.972490061845861, 0.000130833344883 ], [ -83.380138582102134, 33.972560059493411, 0.000130833344883 ], [ -83.380209868386174, 33.97266965025451, 0.000130833344883 ], [ -83.38029142707677, 33.972792360785668, 0.000130833344883 ], [ -83.380323005857562, 33.972836983174311, 0.000130833344883 ], [ -83.380376285397006, 33.972905206374989, 0.000130833344883 ], [ -83.380398221947473, 33.972931169069049, 0.000130833344883 ], [ -83.380416300702123, 33.972950069274134, 0.000130833344883 ], [ -83.380553905118205, 33.97308721878683, 0.000130833344883 ], [ -83.380716368454927, 33.973245399701547, 0.000130833344883 ], [ -83.380776995817868, 33.973307808399511, 0.000130833344883 ], [ -83.380831560570499, 33.973367793638936, 0.000130833344883 ], [ -83.380935947849977, 33.973497573754784, 0.000130833344883 ], [ -83.381016175582815, 33.973608116419179, 0.000130833344883 ], [ -83.381058461105908, 33.973680248766293, 0.000130833344883 ], [ -83.38112394622101, 33.973798150712675, 0.000130833344883 ], [ -83.381173634651191, 33.973888329682133, 0.000130833344883 ], [ -83.381221273093828, 33.973977382078978, 0.000130833344883 ], [ -83.381248332545752, 33.974023183518021, 0.000130833344883 ], [ -83.381293395078799, 33.974078864104477, 0.000130833344883 ], [ -83.381314981908147, 33.974097846973194, 0.000130833344883 ], [ -83.381428779204427, 33.974201376430749, 0.000130833344883 ], [ -83.381524005714525, 33.974284055163274, 0.000130833344883 ], [ -83.381581974099277, 33.974332133708039, 0.000130833344883 ], [ -83.381626995266217, 33.974370220219747, 0.000130833344883 ], [ -83.381668033054424, 33.974408064020707, 0.000130833344883 ], [ -83.381692664876866, 33.974438278460255, 0.000130833344883 ], [ -83.381706992877426, 33.974468188247002, 0.000130833344883 ], [ -83.381715220990785, 33.974507600682792, 0.000130833344883 ], [ -83.381712813575945, 33.974551477585415, 0.000130833344883 ], [ -83.38170791843261, 33.974585559038232, 0.000130833344883 ], [ -83.381696098144928, 33.974625559452868, 0.000130833344883 ], [ -83.381681774784994, 33.974657433167188, 0.000130833344883 ], [ -83.381655872240472, 33.974703068861587, 0.000130833344883 ], [ -83.381638140026169, 33.974728109288307, 0.000130833344883 ], [ -83.381606039782056, 33.974766682023358, 0.000130833344883 ], [ -83.381566802081792, 33.974810131009669, 0.000130833344883 ], [ -83.381554849728332, 33.974820456432759, 0.000130833344883 ], [ -83.381512106968387, 33.974855527975166, 0.000130833344883 ], [ -83.381476936114026, 33.974881543529833, 0.000130833344883 ], [ -83.381440399379272, 33.974900394414334, 0.000130833344883 ], [ -83.381407070811676, 33.974912823877638, 0.000130833344883 ], [ -83.381342521870749, 33.97492648672457, 0.000130833344883 ], [ -83.381261053655408, 33.974942903208031, 0.000130833344883 ], [ -83.381179893018228, 33.974956936887018, 0.000130833344883 ], [ -83.381093552276241, 33.974970817531478, 0.000130833344883 ], [ -83.381060783170582, 33.974972887561535, 0.000130833344883 ], [ -83.381011612754421, 33.974973872838042, 0.000130833344883 ], [ -83.380949740272584, 33.974971265287941, 0.000130833344883 ], [ -83.380862484077383, 33.974963253754339, 0.000130833344883 ], [ -83.380800992554768, 33.974955704226169, 0.000130833344883 ], [ -83.380726994725819, 33.974945988506271, 0.000130833344883 ], [ -83.380652676461793, 33.974935580976585, 0.000130833344883 ], [ -83.38062367458312, 33.974933401402268, 0.000130833344883 ], [ -83.380593554651028, 33.974939470566135, 0.000130833344883 ], [ -83.380574506139851, 33.97494769673412, 0.000130833344883 ], [ -83.380563696845755, 33.97495597823751, 0.000130833344883 ], [ -83.380552809141335, 33.974972308661165, 0.000130833344883 ], [ -83.380545836223803, 33.974991049707718, 0.000130833344883 ], [ -83.380504808327018, 33.975093362736381, 0.000130833344883 ], [ -83.380469008452536, 33.975172152330018, 0.000130833344883 ], [ -83.38041373662935, 33.975305385509799, 0.000130833344883 ], [ -83.380391720599349, 33.975364285650976, 0.000130833344883 ], [ -83.380375069133208, 33.975423517591231, 0.000130833344883 ], [ -83.380364199139706, 33.975476823335775, 0.000130833344883 ], [ -83.380355624556017, 33.975552805283421, 0.000130833344883 ], [ -83.380344261763497, 33.975698544586422, 0.000130833344883 ], [ -83.380345210298117, 33.975751030564638, 0.000130833344883 ], [ -83.380348478095513, 33.975793393852491, 0.000130833344883 ], [ -83.380357544313483, 33.97583657677405, 0.000130833344883 ], [ -83.380369030509598, 33.975881737925555, 0.000130833344883 ], [ -83.380386530422285, 33.975924788104265, 0.000130833344883 ], [ -83.38041181610383, 33.975977429584418, 0.000130833344883 ], [ -83.380450591168014, 33.976042085318781, 0.000130833344883 ], [ -83.380473904539059, 33.976075631070756, 0.000130833344883 ], [ -83.380502206252473, 33.976111593400645, 0.000130833344883 ], [ -83.380540485710213, 33.976152390695809, 0.000130833344883 ], [ -83.380595190359202, 33.976197468180615, 0.000130833344883 ], [ -83.380666324652509, 33.97624622810573, 0.000130833344883 ], [ -83.380801327670014, 33.976328685404958, 0.000130833344883 ], [ -83.380845048856543, 33.976349348727297, 0.000130833344883 ], [ -83.380879962850031, 33.976366866035839, 0.000130833344883 ], [ -83.380948202279583, 33.976419185735089, 0.000130833344883 ], [ -83.380981684656177, 33.976436693873843, 0.000130833344883 ], [ -83.381018113738165, 33.976445276114838, 0.000130833344883 ], [ -83.381077452828833, 33.976453407752665, 0.000130833344883 ], [ -83.381133180402074, 33.976465093827606, 0.000130833344883 ], [ -83.381178853400854, 33.976480295020139, 0.000130833344883 ], [ -83.381226625103963, 33.976500876773684, 0.000130833344883 ], [ -83.381299934391976, 33.976546668650151, 0.000130833344883 ], [ -83.381490549070293, 33.976680278560067, 0.000130833344883 ], [ -83.381575229813379, 33.976735087533903, 0.000130833344883 ], [ -83.381732633923221, 33.976821670875125, 0.000130833344883 ], [ -83.381816672559282, 33.976868425265693, 0.000130833344883 ], [ -83.381893242376691, 33.976910063212152, 0.000130833344883 ], [ -83.381977936218419, 33.976963381661172, 0.000130833344883 ], [ -83.382054934247321, 33.977013438607159, 0.000130833344883 ], [ -83.382113578454366, 33.977042370473391, 0.000130833344883 ], [ -83.382169890389505, 33.977068373495015, 0.000130833344883 ], [ -83.382269002673851, 33.977110750874402, 0.000130833344883 ], [ -83.382481206964798, 33.977193209772317, 0.000130833344883 ], [ -83.382627022929398, 33.977255564455696, 0.000130833344883 ], [ -83.382730215843168, 33.977300390947249, 0.000130833344883 ], [ -83.382847683951766, 33.97735268691936, 0.000130833344883 ], [ -83.382925730179537, 33.977389562402429, 0.000130833344883 ], [ -83.382954216671493, 33.977405547855049, 0.000130833344883 ], [ -83.382970190973907, 33.977419962379493, 0.000130833344883 ], [ -83.382993932306249, 33.977446055111642, 0.000130833344883 ], [ -83.383035507517931, 33.977497735015305, 0.000130833344883 ], [ -83.383070333427, 33.977545240827212, 0.000130833344883 ], [ -83.383088837400976, 33.977596049813698, 0.000130833344883 ], [ -83.383109253126264, 33.977672514974834, 0.000130833344883 ], [ -83.38312045371724, 33.977739081470069, 0.000130833344883 ], [ -83.383125730772946, 33.977788016563657, 0.000130833344883 ], [ -83.383117331791269, 33.977845214223954, 0.000130833344883 ], [ -83.383097926072949, 33.97789280023845, 0.000130833344883 ], [ -83.383069509057947, 33.977947187281444, 0.000130833344883 ], [ -83.383038291544835, 33.977994698066681, 0.000130833344883 ], [ -83.38300537821469, 33.978032059633058, 0.000130833344883 ], [ -83.382975751027558, 33.978062285275946, 0.000130833344883 ], [ -83.382927094470574, 33.978098949699351, 0.000130833344883 ], [ -83.382881730597219, 33.978127883181863, 0.000130833344883 ], [ -83.382808693496798, 33.978169163489497, 0.000130833344883 ], [ -83.382736556629141, 33.978208686874417, 0.000130833344883 ], [ -83.382659413914737, 33.978249914789622, 0.000130833344883 ], [ -83.382583812175, 33.978291028956527, 0.000130833344883 ], [ -83.382481723532578, 33.978345394488407, 0.000130833344883 ], [ -83.382427752754651, 33.978376061709099, 0.000130833344883 ], [ -83.382334232152246, 33.978426156782874, 0.000130833344883 ], [ -83.382304001559405, 33.978444152817055, 0.000130833344883 ], [ -83.382272761898264, 33.978467496969841, 0.000130833344883 ], [ -83.382201334578042, 33.978522914226367, 0.000130833344883 ], [ -83.382163097600767, 33.97854821527698, 0.000130833344883 ], [ -83.382137923909013, 33.978561174755804, 0.000130833344883 ], [ -83.382109545038873, 33.978572325033831, 0.000130833344883 ], [ -83.382037075354589, 33.978596643224805, 0.000130833344883 ], [ -83.38195121884128, 33.978624689739583, 0.000130833344883 ], [ -83.381824874766878, 33.97866324477998, 0.000130833344883 ], [ -83.381758812421879, 33.978685484930317, 0.000130833344883 ], [ -83.381700271161321, 33.978707177071207, 0.000130833344883 ], [ -83.381637388155895, 33.97873391113955, 0.000130833344883 ], [ -83.381595660885878, 33.978756604877894, 0.000130833344883 ], [ -83.381548517279057, 33.978784333697767, 0.000130833344883 ], [ -83.381480478450072, 33.978826837901458, 0.000130833344883 ], [ -83.381418928309969, 33.978864313820118, 0.000130833344883 ], [ -83.381238481554078, 33.978947846936578, 0.000130833344883 ], [ -83.380977988032441, 33.979056213365325, 0.000130833344883 ], [ -83.380903608052236, 33.979087643968455, 0.000130833344883 ], [ -83.380858300597183, 33.979110314590315, 0.000130833344883 ], [ -83.380818716138407, 33.979133320172032, 0.000130833344883 ], [ -83.380794067551975, 33.979154564753145, 0.000130833344883 ], [ -83.380766801836174, 33.979173839764734, 0.000130833344883 ], [ -83.380738398979048, 33.979187672708179, 0.000130833344883 ], [ -83.380708577032621, 33.979200006248533, 0.000130833344883 ], [ -83.380674846666835, 33.97920933234851, 0.000130833344883 ], [ -83.380640080107966, 33.979214478348943, 0.000130833344883 ], [ -83.380614293886111, 33.979216102385529, 0.000130833344883 ], [ -83.380582095683977, 33.97921440546169, 0.000130833344883 ], [ -83.380385789680417, 33.979193172843033, 0.000130833344883 ], [ -83.380295635614246, 33.979188422355485, 0.000130833344883 ], [ -83.380239083998234, 33.979188359364926, 0.000130833344883 ], [ -83.380181772055792, 33.97919306181376, 0.000130833344883 ], [ -83.380141975800811, 33.979200262711466, 0.000130833344883 ], [ -83.380078315860587, 33.979215848228442, 0.000130833344883 ], [ -83.380008150123757, 33.979234890298812, 0.000130833344883 ], [ -83.37987640542994, 33.97927668878696, 0.000130833344883 ], [ -83.37983184864234, 33.979295486980185, 0.000130833344883 ], [ -83.379791925940197, 33.979316402879, 0.000130833344883 ], [ -83.379756284623866, 33.979338837378258, 0.000130833344883 ], [ -83.379725287319872, 33.979362195045105, 0.000130833344883 ], [ -83.379696760581268, 33.979389446253052, 0.000130833344883 ], [ -83.379671775783791, 33.979420595151311, 0.000130833344883 ], [ -83.379653835479786, 33.979448314363971, 0.000130833344883 ], [ -83.379637569834358, 33.979481504327801, 0.000130833344883 ], [ -83.379627975686049, 33.9795127516552, 0.000130833344883 ], [ -83.379621624062153, 33.979541635010051, 0.000130833344883 ], [ -83.379618461094566, 33.979574117179503, 0.000130833344883 ], [ -83.379608652712761, 33.979745211809977, 0.000130833344883 ], [ -83.379606671387364, 33.979804835855376, 0.000130833344883 ], [ -83.379602065694314, 33.979838500699614, 0.000130833344883 ], [ -83.379590643085109, 33.979873911599796, 0.000130833344883 ], [ -83.379576360849413, 33.979909005779739, 0.000130833344883 ], [ -83.379534321745453, 33.980004155971677, 0.000130833344883 ], [ -83.379511623163154, 33.980059174684492, 0.000130833344883 ], [ -83.379503470221579, 33.980087042133114, 0.000130833344883 ], [ -83.379503207774732, 33.980117862283734, 0.000130833344883 ], [ -83.3795079489351, 33.980147115018866, 0.000130833344883 ], [ -83.379516531165763, 33.980179871569661, 0.000130833344883 ], [ -83.379594274925964, 33.980373094119436, 0.000130833344883 ], [ -83.379622289106123, 33.980440364385657, 0.000130833344883 ], [ -83.379633848545126, 33.980457165561241, 0.000130833344883 ], [ -83.379649562701886, 33.980474206986983, 0.000130833344883 ], [ -83.379677945847234, 33.980498865848695, 0.000130833344883 ], [ -83.379710692229395, 33.980518755237767, 0.000130833344883 ], [ -83.379837931047874, 33.980590689229025, 0.000130833344883 ], [ -83.380197745270166, 33.980797063128421, 0.000130833344883 ], [ -83.380356694254161, 33.980887534039802, 0.000130833344883 ], [ -83.380639545536994, 33.981049644316364, 0.000130833344883 ], [ -83.381007141767938, 33.981244499049964, 0.000130833344883 ], [ -83.38142505936348, 33.981479034646703, 0.000130833344883 ], [ -83.381751795523869, 33.981675011250097, 0.000130833344883 ], [ -83.381852333918772, 33.981730341327406, 0.000130833344883 ], [ -83.382125964003407, 33.981836669196078, 0.000130833344883 ], [ -83.382297608975989, 33.981879633434374, 0.000130833344883 ], [ -83.382421194484536, 33.981892587273819, 0.000130833344883 ], [ -83.382519074086332, 33.981898220333072, 0.000130833344883 ], [ -83.382668521147878, 33.981901319340537, 0.000130833344883 ], [ -83.382864747052523, 33.981912802539952, 0.000130833344883 ], [ -83.382931966101026, 33.981932339055952, 0.000130833344883 ], [ -83.383006331213622, 33.981972888475966, 0.000130833344883 ], [ -83.383064375619142, 33.982013333914772, 0.000130833344883 ], [ -83.383116236599378, 33.982072347009449, 0.000130833344883 ], [ -83.383161146836656, 33.982139902586184, 0.000130833344883 ], [ -83.38320897446998, 33.982264012861521, 0.000130833344883 ], [ -83.383237096804493, 33.982382272543127, 0.000130833344883 ], [ -83.38325057093401, 33.982505449100088, 0.000130833344883 ], [ -83.383253289762322, 33.982770969055593, 0.000130833344883 ], [ -83.383251950413467, 33.982916950823935, 0.000130833344883 ], [ -83.383235729433096, 33.983054698263203, 0.000130833344883 ], [ -83.383176347573979, 33.983357493993417, 0.000130833344883 ], [ -83.382998058130866, 33.984109928038748, 0.000130833344883 ], [ -83.382940533740097, 33.984371366783385, 0.000130833344883 ], [ -83.382878021185363, 33.984630388100101, 0.000130833344883 ], [ -83.382813425681348, 33.984882239266248, 0.000130833344883 ], [ -83.38275156199623, 33.985148421460416, 0.000130833344883 ], [ -83.382690539229031, 33.985400891250286, 0.000130833344883 ], [ -83.382518804420698, 33.986098374380269, 0.000130833344883 ], [ -83.382339366559179, 33.986860347586521, 0.000130833344883 ], [ -83.382317905213469, 33.986936545813258, 0.000130833344883 ], [ -83.382299796785233, 33.986969874904439, 0.000130833344883 ] ] } },
{ "type": "Feature", "properties": { "Type": "Multi-use Trail", "Category": "Separated", "Status": "Existing", "RoadName": "ACCGov Leisure Services" }, "geometry": { "type": "LineString", "coordinates": [ [ -83.366974112877003, 33.954640450542918, 0.000130833344883 ], [ -83.366993810758544, 33.95465347672841, 0.000130833344883 ], [ -83.367020040669004, 33.954677672828325, 0.000130833344883 ], [ -83.367041287749245, 33.954705054345105, 0.000130833344883 ], [ -83.36705700356471, 33.954734916277864, 0.000130833344883 ], [ -83.36706678310793, 33.954766487838967, 0.000130833344883 ], [ -83.367069450391512, 33.954789120769014, 0.000130833344883 ], [ -83.367068062962971, 33.954811832846204, 0.000130833344883 ], [ -83.367062650390835, 33.954834122975797, 0.000130833344883 ], [ -83.367042099570497, 33.954876646628257, 0.000130833344883 ], [ -83.366922319267701, 33.955060657506486, 0.000130833344883 ], [ -83.366788750784664, 33.955255139939837, 0.000130833344883 ], [ -83.36677013517658, 33.955293976874792, 0.000130833344883 ], [ -83.36676411443986, 33.955320545611237, 0.000130833344883 ], [ -83.366763194981445, 33.955345960999509, 0.000130833344883 ], [ -83.366766433913114, 33.955366001957358, 0.000130833344883 ], [ -83.366770912994781, 33.955378616424532, 0.000130833344883 ], [ -83.366775366452529, 33.955400212411064, 0.000130833344883 ], [ -83.366776308767001, 33.955509936293105, 0.000130833344883 ], [ -83.366780180706996, 33.955585580902088, 0.000130833344883 ], [ -83.366789755585032, 33.955663648189159, 0.000130833344883 ], [ -83.366801014028752, 33.955714770538989, 0.000130833344883 ], [ -83.36681435646733, 33.955757318740879, 0.000130833344883 ], [ -83.366841369496839, 33.955807350651355, 0.000130833344883 ], [ -83.366876943731029, 33.955852547934533, 0.000130833344883 ], [ -83.366899284758333, 33.955874161867257, 0.000130833344883 ], [ -83.366945839940541, 33.955908458071995, 0.000130833344883 ], [ -83.367016638955135, 33.955952154008287, 0.000130833344883 ], [ -83.367071758755074, 33.955988890523287, 0.000130833344883 ], [ -83.367111890409859, 33.956021355272469, 0.000130833344883 ], [ -83.36713876816043, 33.956055225155666, 0.000130833344883 ], [ -83.367165230347666, 33.956095353908246, 0.000130833344883 ], [ -83.367190570848948, 33.956140544134406, 0.000130833344883 ], [ -83.367196889630392, 33.956153705179965, 0.000130833344883 ] ] } },
{ "type": "Feature", "properties": { "Type": "Multi-use Trail", "Category": "Separated", "Status": "Existing", "RoadName": "ACCGov Leisure Services" }, "geometry": { "type": "LineString", "coordinates": [ [ -83.361205227501571, 33.967243371573794, 0.000130833344883 ], [ -83.361206180728999, 33.967214226622225, 0.000130833344883 ], [ -83.361124964768237, 33.966860658474133, 0.000130833344883 ], [ -83.361069795188627, 33.966638925729121, 0.000130833344883 ], [ -83.360981180957296, 33.966320600975969, 0.000130833344883 ], [ -83.360733122217496, 33.965378271258956, 0.000130833344883 ], [ -83.360644705745457, 33.965013664250208, 0.000130833344883 ], [ -83.360634585473676, 33.964974989965278, 0.000130833344883 ], [ -83.360628582590635, 33.964935724152554, 0.000130833344883 ], [ -83.36059102546136, 33.964558264369671, 0.000130833344883 ], [ -83.360579922926476, 33.964516361351905, 0.000130833344883 ], [ -83.360562258978646, 33.96447605265017, 0.000130833344883 ], [ -83.360525230936645, 33.964416341056733, 0.000130833344883 ], [ -83.360516594476081, 33.964393127976635, 0.000130833344883 ], [ -83.360512673106768, 33.964369046892401, 0.000130833344883 ], [ -83.360513574223475, 33.964344756670648, 0.000130833344883 ], [ -83.36053054086004, 33.964248167460646, 0.000130833344883 ], [ -83.360554780462664, 33.964152661813209, 0.000130833344883 ], [ -83.360559616373791, 33.964139902588961, 0.000130833344883 ], [ -83.360566424206695, 33.964127784690184, 0.000130833344883 ], [ -83.360575085117176, 33.964116518310938, 0.000130833344883 ], [ -83.360594767422796, 33.964096908647434, 0.000130833344883 ], [ -83.36060225324681, 33.964086443298825, 0.000130833344883 ], [ -83.360607731063439, 33.964075147053833, 0.000130833344883 ], [ -83.360650942908109, 33.963954417352774, 0.000130833344883 ], [ -83.360689059670079, 33.963832502031643, 0.000130833344883 ], [ -83.360711555557089, 33.963763637816626, 0.000130833344883 ], [ -83.360738706062804, 33.963695949099161, 0.000130833344883 ], [ -83.36077042365271, 33.963629652586839, 0.000130833344883 ], [ -83.360825776662935, 33.963530365557595, 0.000130833344883 ], [ -83.360887517765207, 33.963433728632431, 0.000130833344883 ], [ -83.360955463552528, 33.96334002730773, 0.000130833344883 ], [ -83.361050881166364, 33.963212323669509, 0.000130833344883 ], [ -83.361142031728932, 33.963082473281311, 0.000130833344883 ], [ -83.3612219121527, 33.962970129230804, 0.000130833344883 ], [ -83.361306965270913, 33.962860453427751, 0.000130833344883 ], [ -83.361397064001693, 33.962753610923144, 0.000130833344883 ], [ -83.361468420044801, 33.962667055998097, 0.000130833344883 ], [ -83.361679150088278, 33.962400526936989, 0.000130833344883 ], [ -83.36189664995409, 33.962137801403152, 0.000130833344883 ], [ -83.361939908261959, 33.962089507302849, 0.000130833344883 ], [ -83.361986193676202, 33.962043201155858, 0.000130833344883 ], [ -83.362035372941236, 33.961999015523446, 0.000130833344883 ], [ -83.362212656827239, 33.9618513213358, 0.000130833344883 ], [ -83.362279088790032, 33.961800329539237, 0.000130833344883 ], [ -83.362349052884923, 33.961752730944248, 0.000130833344883 ], [ -83.362422299754044, 33.96170869341509, 0.000130833344883 ], [ -83.362556084381126, 33.961634948064074, 0.000130833344883 ], [ -83.362691738520013, 33.96156361481863, 0.000130833344883 ], [ -83.362769716840518, 33.961520595230034, 0.000130833344883 ], [ -83.362844164517, 33.961473431349063, 0.000130833344883 ], [ -83.362914764782815, 33.96142232487351, 0.000130833344883 ], [ -83.363107603968999, 33.96127625733947, 0.000130833344883 ], [ -83.363220910337787, 33.961192157988535, 0.000130833344883 ], [ -83.363248880957343, 33.961112547741301, 0.000130833344883 ] ] } },
{ "type": "Feature", "properties": { "Type": "Multi-use Trail", "Category": "Separated", "Status": "Existing", "RoadName": "ACCGov Leisure Services" }, "geometry": { "type": "LineString", "coordinates": [ [ -83.381342024577009, 33.965783341463926, 0.000130833344883 ], [ -83.381193095384049, 33.965789249485169, 0.000130833344883 ], [ -83.381133328766126, 33.965789464883052, 0.000130833344883 ], [ -83.381087201878472, 33.965785293604867, 0.000130833344883 ], [ -83.381039728490805, 33.965771870568815, 0.000130833344883 ], [ -83.380998461509165, 33.965745068706418, 0.000130833344883 ], [ -83.380944501437639, 33.965697611412345, 0.000130833344883 ], [ -83.380922780096427, 33.965685843071064, 0.000130833344883 ], [ -83.38090097540875, 33.965683020714579, 0.000130833344883 ], [ -83.380877690969115, 33.96568555519594, 0.000130833344883 ], [ -83.380840009383675, 33.965696944267606, 0.000130833344883 ], [ -83.38076818157613, 33.965724514385755, 0.000130833344883 ], [ -83.380700248893802, 33.965756583047657, 0.000130833344883 ], [ -83.38065959290914, 33.96578017778571, 0.000130833344883 ], [ -83.380621528428819, 33.965794247489043, 0.000130833344883 ], [ -83.380580007536324, 33.965795175103409, 0.000130833344883 ], [ -83.380497814302331, 33.965782424473268, 0.000130833344883 ], [ -83.380423890289592, 33.965765552234664, 0.000130833344883 ], [ -83.380328910839566, 33.965742283853245, 0.000130833344883 ], [ -83.380130423570932, 33.965689131466682, 0.000130833344883 ], [ -83.380111892187131, 33.965680663369582, 0.000130833344883 ], [ -83.380102375394898, 33.965664799402894, 0.000130833344883 ], [ -83.380096872864158, 33.965640611426366, 0.000130833344883 ], [ -83.380091900330868, 33.965597640316496, 0.000130833344883 ], [ -83.380087995642327, 33.965555273787963, 0.000130833344883 ], [ -83.380089718087191, 33.96552367670327, 0.000130833344883 ], [ -83.38009859410927, 33.965492424666976, 0.000130833344883 ], [ -83.380119557349332, 33.965431133021987, 0.000130833344883 ], [ -83.38012814217673, 33.96539272136458, 0.000130833344883 ], [ -83.380135268054161, 33.965357283758102, 0.000130833344883 ], [ -83.380134823502544, 33.965327760013736, 0.000130833344883 ], [ -83.380127373582326, 33.965281792399807, 0.000130833344883 ], [ -83.380121544539392, 33.965215259859292, 0.000130833344883 ], [ -83.380123128395724, 33.965159807502985, 0.000130833344883 ], [ -83.380125088289688, 33.96512263106402, 0.000130833344883 ], [ -83.380130836220474, 33.965088537041446, 0.000130833344883 ], [ -83.380142254662886, 33.965061672176908, 0.000130833344883 ], [ -83.38016094929948, 33.965021238833302, 0.000130833344883 ], [ -83.380180212983717, 33.964981286066312, 0.000130833344883 ], [ -83.380194935023837, 33.964937009979657, 0.000130833344883 ], [ -83.380198726016474, 33.964898390065699, 0.000130833344883 ], [ -83.380204217225383, 33.964829405398611, 0.000130833344883 ], [ -83.380202730634963, 33.964774370690023, 0.000130833344883 ], [ -83.380200865992009, 33.964728080834313, 0.000130833344883 ], [ -83.38021011345846, 33.964656575868574, 0.000130833344883 ], [ -83.380211155661911, 33.964605533349271, 0.000130833344883 ], [ -83.38020499638283, 33.964528204806285, 0.000130833344883 ], [ -83.380206536308918, 33.964485276210311, 0.000130833344883 ], [ -83.380217303264189, 33.964435249718342, 0.000130833344883 ], [ -83.380230681292431, 33.964350412216099, 0.000130833344883 ], [ -83.38024006214259, 33.964202095850261, 0.000130833344883 ], [ -83.38024040461751, 33.964164884725136, 0.000130833344883 ], [ -83.380231004815059, 33.964128565235214, 0.000130833344883 ], [ -83.38021407425623, 33.964101740099444, 0.000130833344883 ], [ -83.380194228105864, 33.964080620553837, 0.000130833344883 ], [ -83.380160650675251, 33.964058460271424, 0.000130833344883 ], [ -83.380131035924776, 33.964041095640816, 0.000130833344883 ], [ -83.380096806038949, 33.964027517957696, 0.000130833344883 ], [ -83.379995567826157, 33.96401565867729, 0.000130833344883 ] ] } },
{ "type": "Feature", "properties": { "Type": "Multi-use Trail", "Category": "Separated", "Status": "Existing", "RoadName": "ACCGov Leisure Services" }, "geometry": { "type": "LineString", "coordinates": [ [ -83.365155247868245, 33.955023440412148, 0.000130833344883 ], [ -83.365065897062323, 33.95505480206289, 0.000130833344883 ], [ -83.364933997172116, 33.955139342960678, 0.000130833344883 ], [ -83.364687316424011, 33.955314260985801, 0.000130833344883 ], [ -83.364626175861574, 33.955362526179293, 0.000130833344883 ], [ -83.364597023625436, 33.955418633586028, 0.000130833344883 ], [ -83.364586199563377, 33.955473905628232, 0.000130833344883 ], [ -83.364587979540801, 33.955528305913177, 0.000130833344883 ], [ -83.364595429966229, 33.955588468272055, 0.000130833344883 ], [ -83.364615377036955, 33.955659208421295, 0.000130833344883 ], [ -83.36464968991703, 33.955724317046574, 0.000130833344883 ], [ -83.364714210724273, 33.955803935288316, 0.000130833344883 ], [ -83.364753887054661, 33.955846655272964, 0.000130833344883 ], [ -83.364847556412357, 33.955931710620654, 0.000130833344883 ], [ -83.364987431675601, 33.956034720064316, 0.000130833344883 ], [ -83.365079593723806, 33.956097342765908, 0.000130833344883 ], [ -83.365193524773204, 33.956158675414443, 0.000130833344883 ], [ -83.365309172917165, 33.956220020038771, 0.000130833344883 ], [ -83.365376897260532, 33.956263399368076, 0.000130833344883 ] ] } },
{ "type": "Feature", "properties": { "Type": "Multi-use Trail", "Category": "Separated", "Status": "Existing", "RoadName": "ACCGov Leisure Services" }, "geometry": { "type": "LineString", "coordinates": [ [ -83.367196889630392, 33.956153705179965, 0.000130833344883 ], [ -83.367292594238734, 33.956104848140519, 0.000130833344883 ], [ -83.367385029279802, 33.956050419577913, 0.000130833344883 ], [ -83.367482747194003, 33.955978068184464, 0.000130833344883 ], [ -83.367502066809593, 33.955959499956663, 0.000130833344883 ], [ -83.367516930464717, 33.955940177913597, 0.000130833344883 ], [ -83.367525976525101, 33.95592050885179, 0.000130833344883 ], [ -83.36752989944361, 33.95589969936993, 0.000130833344883 ], [ -83.367526722391673, 33.95577824205656, 0.000130833344883 ], [ -83.367528492219193, 33.955750260835458, 0.000130833344883 ], [ -83.367535314962254, 33.955719241587744, 0.000130833344883 ], [ -83.367557840889916, 33.955657673673898, 0.000130833344883 ], [ -83.367568024772623, 33.95562091234963, 0.000130833344883 ], [ -83.36757250923668, 33.955584590065953, 0.000130833344883 ], [ -83.36757037154743, 33.955548343801659, 0.000130833344883 ], [ -83.367564687470747, 33.95552237703675, 0.000130833344883 ], [ -83.36755316328788, 33.955488638477561, 0.000130833344883 ], [ -83.367515526787173, 33.95539829777109, 0.000130833344883 ], [ -83.367368536192217, 33.955106071460278, 0.000130833344883 ] ] } },
{ "type": "Feature", "properties": { "Type": "Multi-use Trail", "Category": "Separated", "Status": "Existing", "RoadName": "ACCGov Leisure Services" }, "geometry": { "type": "LineString", "coordinates": [ [ -83.380096806038949, 33.964027517957696, 0.000130833344883 ], [ -83.380114532801244, 33.963843472448879, 0.000130833344883 ], [ -83.380114840198203, 33.963810077547969, 0.000130833344883 ], [ -83.380110897139275, 33.963771885146208, 0.000130833344883 ], [ -83.380087375922358, 33.963683472322515, 0.000130833344883 ], [ -83.380090677976327, 33.963635783745801, 0.000130833344883 ], [ -83.380131023522651, 33.963454089879811, 0.000130833344883 ], [ -83.380148529165993, 33.963418419263697, 0.000130833344883 ], [ -83.380171217876679, 33.963379442259765, 0.000130833344883 ], [ -83.380183003161534, 33.963343259041224, 0.000130833344883 ], [ -83.380174844794468, 33.963296451111425, 0.000130833344883 ], [ -83.380179190512166, 33.96325974250653, 0.000130833344883 ], [ -83.380203630893604, 33.963154937739283, 0.000130833344883 ] ] } },
{ "type": "Feature", "properties": { "Type": "Multi-use Trail", "Category": "Separated", "Status": "Existing", "RoadName": "ACCGov Leisure Services" }, "geometry": { "type": "LineString", "coordinates": [ [ -83.361427534642814, 33.963172059335371, 0.000130833344883 ], [ -83.361164310685396, 33.963051139068504, 0.000130833344883 ] ] } },
{ "type": "Feature", "properties": { "Type": "Multi-use Trail", "Category": "Separated", "Status": "Existing", "RoadName": "ACCGov Leisure Services" }, "geometry": { "type": "LineString", "coordinates": [ [ -83.378074811179346, 33.970053200711888, 0.000130833344883 ], [ -83.378034171350734, 33.970035943447463, 0.000130833344883 ], [ -83.377988859427631, 33.970020744318568, 0.000130833344883 ], [ -83.377949210778596, 33.970012402925178, 0.000130833344883 ], [ -83.377903394384234, 33.970006956674901, 0.000130833344883 ], [ -83.377853740234087, 33.970007783439186, 0.000130833344883 ], [ -83.377814009990132, 33.970012968086216, 0.000130833344883 ], [ -83.377782343701838, 33.970019206083442, 0.000130833344883 ], [ -83.377752348373576, 33.970030464037563, 0.000130833344883 ], [ -83.377726946872826, 33.970046617334219, 0.000130833344883 ], [ -83.377709082361591, 33.970065109893646, 0.000130833344883 ], [ -83.377692027013197, 33.970088902696283, 0.000130833344883 ], [ -83.377644711667571, 33.970152720672047, 0.000130833344883 ], [ -83.377600841033285, 33.970215559044945, 0.000130833344883 ], [ -83.37757539624964, 33.970254899211248, 0.000130833344883 ], [ -83.377556248859037, 33.970282113650441, 0.000130833344883 ], [ -83.37752755905116, 33.970319429657877, 0.000130833344883 ], [ -83.37750869496746, 33.970334480706093, 0.000130833344883 ], [ -83.377496995640044, 33.970336409023446, 0.000130833344883 ], [ -83.377419560056708, 33.970314619500229, 0.000130833344883 ] ] } },
{ "type": "Feature", "properties": { "Type": "Multi-use Trail", "Category": "Separated", "Status": "Existing", "RoadName": "ACCGov Leisure Services" }, "geometry": { "type": "LineString", "coordinates": [ [ -83.366069592209584, 33.95842266581699, 0.000130833344883 ], [ -83.366057909724333, 33.958386330415649, 0.000130833344883 ], [ -83.366037134043495, 33.957914825597875, 0.000130833344883 ], [ -83.366017074963807, 33.957796151704031, 0.000130833344883 ], [ -83.366017165280397, 33.95777784812492, 0.000130833344883 ], [ -83.366025671122145, 33.957754575603538, 0.000130833344883 ], [ -83.366119501733536, 33.957614846449673, 0.000130833344883 ], [ -83.366158852550285, 33.957540807402701, 0.000130833344883 ], [ -83.366176199793685, 33.957497813194422, 0.000130833344883 ], [ -83.366190365535942, 33.957453835390069, 0.000130833344883 ], [ -83.366206242707946, 33.957384579894182, 0.000130833344883 ], [ -83.366236643801628, 33.957287275577372, 0.000130833344883 ], [ -83.366252355227957, 33.957249921911597, 0.000130833344883 ], [ -83.366361991343865, 33.957054478526857, 0.000130833344883 ], [ -83.3664982941511, 33.956844319461887, 0.000130833344883 ], [ -83.366555106437133, 33.956750685832908, 0.000130833344883 ], [ -83.366575309768152, 33.95672085627438, 0.000130833344883 ], [ -83.366595930730838, 33.956695417487133, 0.000130833344883 ], [ -83.366618559780505, 33.956675526636872, 0.000130833344883 ], [ -83.366647855499309, 33.956653007688573, 0.000130833344883 ], [ -83.366678252977053, 33.956635075092159, 0.000130833344883 ], [ -83.366711554620636, 33.956620932732179, 0.000130833344883 ], [ -83.366738329664429, 33.956611328949514, 0.000130833344883 ], [ -83.366817673880632, 33.956590216218643, 0.000130833344883 ], [ -83.366885553832972, 33.956569440974825, 0.000130833344883 ], [ -83.366937326246443, 33.956550691508006, 0.000130833344883 ], [ -83.367019045018637, 33.956498145555628, 0.000130833344883 ], [ -83.367112257023834, 33.95642526210537, 0.000130833344883 ], [ -83.367191783598585, 33.956355244219928, 0.000130833344883 ], [ -83.367212427384928, 33.956328839866217, 0.000130833344883 ], [ -83.367222313369467, 33.956304751257946, 0.000130833344883 ], [ -83.367224748140785, 33.956274054252312, 0.000130833344883 ], [ -83.367220157369999, 33.9562292963288, 0.000130833344883 ], [ -83.367196889630392, 33.956153705179965, 0.000130833344883 ] ] } },
{ "type": "Feature", "properties": { "Type": "Multi-use Trail", "Category": "Separated", "Status": "Existing", "RoadName": "ACCGov Leisure Services" }, "geometry": { "type": "LineString", "coordinates": [ [ -83.366737819825289, 33.955331690647377, 0.000130833344883 ], [ -83.366735383870278, 33.955347469853777, 0.000130833344883 ], [ -83.366729696837865, 33.955362657222622, 0.000130833344883 ], [ -83.366720930752422, 33.955376790451766, 0.000130833344883 ], [ -83.366709353621275, 33.955389440320047, 0.000130833344883 ], [ -83.366695316334273, 33.955400223224665, 0.000130833344883 ], [ -83.366679245006367, 33.955408810147325, 0.000130833344883 ], [ -83.366661627851826, 33.955414941896301, 0.000130833344883 ], [ -83.366643001102958, 33.955418430818142, 0.000130833344883 ], [ -83.366623930516937, 33.955419171496629, 0.000130833344883 ], [ -83.366604995139014, 33.955417141549049, 0.000130833344883 ], [ -83.366586771065954, 33.95541240242212, 0.000130833344883 ], [ -83.366569810907066, 33.955405097455369, 0.000130833344883 ], [ -83.366554629736569, 33.95539544998649, 0.000130833344883 ], [ -83.366541691139034, 33.955383751539891, 0.000130833344883 ], [ -83.366531385597071, 33.955370358981241, 0.000130833344883 ], [ -83.366524028471289, 33.955355679177174, 0.000130833344883 ], [ -83.366519840636371, 33.955340157148569, 0.000130833344883 ], [ -83.366518951828297, 33.955324265273106, 0.000130833344883 ], [ -83.366521388904303, 33.955308486078529, 0.000130833344883 ], [ -83.366527075961287, 33.955293299621218, 0.000130833344883 ], [ -83.36653584098778, 33.955279166398995, 0.000130833344883 ], [ -83.366547419219302, 33.955266515652447, 0.000130833344883 ], [ -83.366561456493869, 33.955255733665965, 0.000130833344883 ], [ -83.366577527812623, 33.955247145856667, 0.000130833344883 ], [ -83.36659514385623, 33.955241014112111, 0.000130833344883 ], [ -83.36661377056808, 33.955237525196914, 0.000130833344883 ], [ -83.366632841113613, 33.955236784519379, 0.000130833344883 ], [ -83.366651776452414, 33.955238814462177, 0.000130833344883 ], [ -83.366670001565879, 33.955243554487701, 0.000130833344883 ], [ -83.3666869617103, 33.955250858538967, 0.000130833344883 ], [ -83.366702141788849, 33.955260505984548, 0.000130833344883 ], [ -83.366715081472265, 33.955272204421597, 0.000130833344883 ], [ -83.366725385949948, 33.955285596958298, 0.000130833344883 ], [ -83.366732744186649, 33.955300276757924, 0.000130833344883 ], [ -83.366736930976714, 33.955315798772894, 0.000130833344883 ], [ -83.366737819825289, 33.955331690647377, 0.000130833344883 ] ] } },
{ "type": "Feature", "properties": { "Type": "Multi-use Trail", "Category": "Separated", "Status": "Existing", "RoadName": "ACCGov Leisure Services" }, "geometry": { "type": "LineString", "coordinates": [ [ -83.366737819825289, 33.955331690647377, 0.000130833344883 ], [ -83.366763216950531, 33.955329161728756, 0.000130833344883 ] ] } },
{ "type": "Feature", "properties": { "Type": "Multi-use Trail", "Category": "Separated", "Status": "Existing", "RoadName": "ACCGov Leisure Services" }, "geometry": { "type": "LineString", "coordinates": [ [ -83.377419560056708, 33.970314619500229, 0.000130833344883 ], [ -83.377420310258728, 33.970312831042214, 0.000130833344883 ], [ -83.377398041358106, 33.970307550042833, 0.000130833344883 ], [ -83.377445158380951, 33.970164142734987, 0.000130833344883 ], [ -83.377701407776243, 33.969333152490861, 0.000130833344883 ], [ -83.377713913431023, 33.969305999127549, 0.000130833344883 ], [ -83.377746441348521, 33.969256112409461, 0.000130833344883 ], [ -83.377797422549108, 33.969192032074396, 0.000130833344883 ], [ -83.377838230867496, 33.969144584025074, 0.000130833344883 ], [ -83.377896340804668, 33.969078281832239, 0.000130833344883 ], [ -83.37787820293012, 33.969061010056606, 0.000130833344883 ], [ -83.377777652722429, 33.968970636243597, 0.000130833344883 ], [ -83.377576370370065, 33.968447521440609, 0.000130833344883 ], [ -83.377546900707671, 33.968381774900955, 0.000130833344883 ], [ -83.377525822679459, 33.96836875416836, 0.000130833344883 ], [ -83.377512994463757, 33.968364882511786, 0.000130833344883 ] ] } },
{ "type": "Feature", "properties": { "Type": "Multi-use Trail", "Category": "Separated", "Status": "Existing", "RoadName": "ACCGov Leisure Services" }, "geometry": { "type": "LineString", "coordinates": [ [ -83.36754698092858, 33.958714861335757, 0.000130833344883 ], [ -83.367262069581045, 33.958814155677338, 0.000130833344883 ], [ -83.367237588529008, 33.958770807608175, 0.000130833344883 ], [ -83.366657889630261, 33.958981453726281, 0.000130833344883 ], [ -83.366533951998846, 33.958822926833221, 0.000130833344883 ], [ -83.36642060270222, 33.95869909978996, 0.000130833344883 ], [ -83.366328308333934, 33.958613810249489, 0.000130833344883 ], [ -83.366296158034871, 33.958587757897668, 0.000130833344883 ], [ -83.366252203422334, 33.958554428644035, 0.000130833344883 ], [ -83.366194589025312, 33.958513582305748, 0.000130833344883 ], [ -83.366080329252426, 33.958439229418673, 0.000130833344883 ], [ -83.366073167378502, 33.958431754600767, 0.000130833344883 ], [ -83.366069592209584, 33.95842266581699, 0.000130833344883 ] ] } },
{ "type": "Feature", "properties": { "Type": "Multi-use Path", "Category": "Separated", "Status": "Existing", "RoadName": "North Oconee Access Road" }, "geometry": { "type": "LineString", "coordinates": [ [ -83.36231004729747, 33.932589647334261, 0.000130833344883 ], [ -83.36232034409079, 33.932620872007575, 0.000458916678326 ], [ -83.36228986050007, 33.932651892487712, 0.000458916678326 ], [ -83.362275234737041, 33.932703404384092, 0.000458916678326 ], [ -83.362277425346278, 33.9327550261388, 0.000458916678326 ], [ -83.362297707303796, 33.932904114270592, 0.000458916678326 ], [ -83.362266024912302, 33.934701583402742, 0.000458916678326 ], [ -83.362265198703312, 33.934745159413382, 0.000458916678326 ] ] } },
{ "type": "Feature", "properties": { "Type": "Multi-use Trail", "Category": "Separated", "Status": "Existing", "RoadName": "ACCGov Leisure Services" }, "geometry": { "type": "LineString", "coordinates": [ [ -83.369326978699448, 33.958520919936007, 0.000130833344883 ], [ -83.369329000799823, 33.958501911195853, 0.000130833344883 ], [ -83.369328174541337, 33.958480996065333, 0.000130833344883 ], [ -83.369324076910914, 33.95846570913357, 0.000130833344883 ], [ -83.369316563495119, 33.958451350354622, 0.000130833344883 ], [ -83.369304493192601, 33.958437067541603, 0.000130833344883 ], [ -83.369288887307121, 33.958425072609508, 0.000130833344883 ], [ -83.369274214203443, 33.958419327259861, 0.000130833344883 ], [ -83.369258413484474, 33.958418010447851, 0.000130833344883 ], [ -83.36924424971204, 33.958420760512368, 0.000130833344883 ], [ -83.3692317842997, 33.958427025174444, 0.000130833344883 ], [ -83.369220164285963, 33.958437075697894, 0.000130833344883 ], [ -83.369208027086003, 33.958452808323855, 0.000130833344883 ], [ -83.369202062754241, 33.958464574256986, 0.000130833344883 ], [ -83.369198146562411, 33.958476923267447, 0.000130833344883 ], [ -83.369190637699376, 33.958529101277023, 0.000130833344883 ] ] } },
{ "type": "Feature", "properties": { "Type": "Multi-use Trail", "Category": "Separated", "Status": "Existing", "RoadName": "ACCGov Leisure Services" }, "geometry": { "type": "LineString", "coordinates": [ [ -83.373994267398544, 33.968414940039743, 0.000130833344883 ], [ -83.373906582958313, 33.968432302520476, 0.000130833344883 ], [ -83.373785537229054, 33.96841062198785, 0.000130833344883 ], [ -83.373659756462445, 33.968322590518945, 0.000130833344883 ], [ -83.373631799894781, 33.968183346806676, 0.000130833344883 ] ] } },
{ "type": "Feature", "properties": { "Type": "Multi-use Trail", "Category": "Separated", "Status": "Existing", "RoadName": "ACCGov Leisure Services" }, "geometry": { "type": "LineString", "coordinates": [ [ -83.366110596651524, 33.955788726237806, 0.000130833344883 ], [ -83.366068310485332, 33.955775182440199, 0.000130833344883 ], [ -83.366027802030317, 33.9557582809325, 0.000130833344883 ], [ -83.36598945385947, 33.955738183787275, 0.000130833344883 ], [ -83.365953627744176, 33.955715079088371, 0.000130833344883 ] ] } },
{ "type": "Feature", "properties": { "Type": "Multi-use Trail", "Category": "Separated", "Status": "Existing", "RoadName": "ACCGov Leisure Services" }, "geometry": { "type": "LineString", "coordinates": [ [ -83.366625308271708, 33.955419007345384, 0.000130833344883 ], [ -83.366626112602518, 33.955427050289529, 0.000130833344883 ], [ -83.36662130512515, 33.955457499252745, 0.000130833344883 ], [ -83.366601160144029, 33.955488064907804, 0.000130833344883 ], [ -83.366574510899355, 33.955528997191351, 0.000130833344883 ], [ -83.366558482527168, 33.955564661066759, 0.000130833344883 ], [ -83.366556272731415, 33.955595342393053, 0.000130833344883 ], [ -83.366556826188756, 33.955638854241961, 0.000130833344883 ], [ -83.36655224341925, 33.955683667063859, 0.000130833344883 ], [ -83.366537482370319, 33.9557206735333, 0.000130833344883 ], [ -83.366504641132266, 33.955773043749552, 0.000130833344883 ], [ -83.366468755270418, 33.955808310749283, 0.000130833344883 ], [ -83.366434967866212, 33.955824906734762, 0.000130833344883 ], [ -83.366385872350449, 33.955834196738742, 0.000130833344883 ], [ -83.366322771829502, 33.955834053338386, 0.000130833344883 ], [ -83.366235759395451, 33.955822010241789, 0.000130833344883 ], [ -83.366178240007798, 33.955807489268402, 0.000130833344883 ], [ -83.366110596651524, 33.955788726237806, 0.000130833344883 ] ] } },
{ "type": "Feature", "properties": { "Type": "Multi-use Trail", "Category": "Separated", "Status": "Existing", "RoadName": "ACCGov Leisure Services" }, "geometry": { "type": "LineString", "coordinates": [ [ -83.366290951330427, 33.955136700120313, 0.000130833344883 ], [ -83.366308791656905, 33.955139430747344, 0.000130833344883 ], [ -83.366348839818073, 33.955148153509171, 0.000130833344883 ], [ -83.366387600207275, 33.955160257881438, 0.000130833344883 ], [ -83.366424662876582, 33.955175617681768, 0.000130833344883 ], [ -83.366459636631788, 33.955194068081482, 0.000130833344883 ], [ -83.366492150029814, 33.955215414628029, 0.000130833344883 ], [ -83.366521861123545, 33.955239432406714, 0.000130833344883 ], [ -83.366548453134541, 33.955265866012233, 0.000130833344883 ] ] } },
{ "type": "Feature", "properties": { "Type": "Multi-use Trail", "Category": "Separated", "Status": "Existing", "RoadName": "ACCGov Leisure Services" }, "geometry": { "type": "LineString", "coordinates": [ [ -83.37757539624964, 33.970254899211248, 0.000130833344883 ], [ -83.377859538044603, 33.970556156206868, 0.000130833344883 ] ] } },
{ "type": "Feature", "properties": { "Type": "Multi-use Trail", "Category": "Separated", "Status": "Existing", "RoadName": "ACCGov Leisure Services" }, "geometry": { "type": "MultiLineString", "coordinates": [ [ [ -83.361832891901358, 33.934251011599677, 0.000130833344883 ], [ -83.361832891926795, 33.934251008895039, 0.000130833344883 ], [ -83.36182357257762, 33.934300415915899, 0.000130833344883 ], [ -83.36182201561428, 33.934320122769456, 0.000130833344883 ], [ -83.361820761888282, 33.934335996210258, 0.000130833344883 ], [ -83.361820340390153, 33.934338947989318, 0.000130833344883 ], [ -83.36181975558867, 33.934343046434236, 0.000130833344883 ], [ -83.361819986481521, 33.934354490114572, 0.000130833344883 ], [ -83.361819987240793, 33.93435452438024, 0.000130833344883 ], [ -83.361820224873696, 33.93439514289075, 0.000130833344883 ], [ -83.361821564220023, 33.934435700081266, 0.000130833344883 ], [ -83.36182164000931, 33.934436612091503, 0.000130833344883 ], [ -83.36182447056737, 33.934470659579588, 0.000130833344883 ], [ -83.361825582144633, 33.934484035729824, 0.000130833344883 ], [ -83.361830604102224, 33.934514870725522, 0.000130833344883 ], [ -83.361834726860621, 33.934526081988537, 0.000130833344883 ], [ -83.361842658078857, 33.934547650450277, 0.000130833344883 ], [ -83.361847555972375, 33.934559711576192, 0.000130833344883 ], [ -83.361853037450672, 33.934573207351335, 0.000130833344883 ], [ -83.361866924928577, 33.934597128242935, 0.000130833344883 ], [ -83.361885514748053, 33.934621820080011, 0.000130833344883 ], [ -83.361905603547484, 33.934641821685332, 0.000130833344883 ], [ -83.36193339320883, 33.934658211331346, 0.000130833344883 ], [ -83.36196620543295, 33.934672378000364, 0.000130833344883 ], [ -83.36197187459905, 33.934674088416081, 0.000130833344883 ], [ -83.361995669784534, 33.93468126737087, 0.000130833344883 ], [ -83.362012323882141, 33.934684871702714, 0.000130833344883 ], [ -83.362024060979053, 33.934687412471909, 0.000130833344883 ], [ -83.362034173477483, 33.934689600917864, 0.000130833344883 ], [ -83.362068325150233, 33.934694879351532, 0.000130833344883 ], [ -83.362096357852963, 33.934698199192312, 0.000130833344883 ], [ -83.362266024912302, 33.934701583402742, 0.000130833344883 ], [ -83.36226620122217, 33.934701583653002, 0.000130833344883 ] ], [ [ -83.361832891926795, 33.934251008895039, 0.000130833344883 ], [ -83.361837301122037, 33.934227634955299, 0.000130833344883 ], [ -83.361844331418112, 33.934184576444004, 0.000130833344883 ], [ -83.361844450182744, 33.934179081083151, 0.000130833344883 ], [ -83.361845001630698, 33.934153463997092, 0.000130833344883 ], [ -83.361844902257005, 33.934151609663466, 0.000130833344883 ], [ -83.36184299210089, 33.934115962445567, 0.000130833344883 ], [ -83.361837635388454, 33.934086794117043, 0.000130833344883 ], [ -83.3618375682953, 33.934086567377562, 0.000130833344883 ], [ -83.361833259068192, 33.93407195407007, 0.000130833344883 ], [ -83.361829935175678, 33.934060681310058, 0.000130833344883 ], [ -83.361818550467518, 33.934036791198537, 0.000130833344883 ], [ -83.361800413285579, 33.934009301947754, 0.000130833344883 ], [ -83.361754287087649, 33.933961231988334, 0.000130833344883 ] ] ] } },
{ "type": "Feature", "properties": { "Type": "Multi-use Trail", "Category": "Separated", "Status": "Existing", "RoadName": "ACCGov Leisure Services" }, "geometry": { "type": "LineString", "coordinates": [ [ -83.37756819637903, 33.970099260559245, 0.000130833344883 ], [ -83.377580024588241, 33.970110789343266, 0.000130833344883 ], [ -83.377589980755886, 33.970123487210309, 0.000130833344883 ], [ -83.377597898012638, 33.970137143921114, 0.000130833344883 ], [ -83.377603646412027, 33.970151535047776, 0.000130833344883 ], [ -83.377607131856749, 33.970166421064988, 0.000130833344883 ], [ -83.377608296007097, 33.970181557267033, 0.000130833344883 ], [ -83.377607118461924, 33.970196691978607, 0.000130833344883 ], [ -83.377603620995288, 33.970211576499416, 0.000130833344883 ] ] } },
{ "type": "Feature", "properties": { "Type": "Multi-use Trail", "Category": "Separated", "Status": "Existing", "RoadName": "ACCGov Leisure Services" }, "geometry": { "type": "LineString", "coordinates": [ [ -83.363899831584476, 33.933484139071361, 0.000130833344883 ], [ -83.36398920552071, 33.933421537778123, 0.000130833344883 ], [ -83.364001846606357, 33.933416371985693, 0.000130833344883 ], [ -83.364016740515879, 33.933415038241947, 0.000130833344883 ], [ -83.364033298282891, 33.933419439585698, 0.000130833344883 ], [ -83.364224209062428, 33.933508469779454, 0.000130833344883 ], [ -83.3642390100987, 33.933517153956203, 0.000130833344883 ], [ -83.364250916848931, 33.933529158786854, 0.000130833344883 ], [ -83.364259350360399, 33.933545435291173, 0.000130833344883 ], [ -83.364284331058826, 33.933628135737727, 0.000130833344883 ], [ -83.364285923332304, 33.933641505085468, 0.000130833344883 ], [ -83.364281223065575, 33.933654355580039, 0.000130833344883 ], [ -83.364267943763906, 33.933666673221687, 0.000130833344883 ], [ -83.364157274734055, 33.933741773614123, 0.000130833344883 ] ] } },
{ "type": "Feature", "properties": { "Type": "Off-Road Facility", "Category": "Separated", "Status": "Existing", "RoadName": "East Campus Road" }, "geometry": { "type": "LineString", "coordinates": [ [ -83.370168798938948, 33.943264268319744, 0.000458916678326 ], [ -83.370207871637191, 33.943313757299372, 0.000458916678326 ], [ -83.370237726202262, 33.943331571243611, 0.000458916678326 ], [ -83.370312392462495, 33.943366111164885, 0.000458916678326 ], [ -83.370379549992009, 33.943390095266714, 0.000458916678326 ], [ -83.370424770550656, 33.943388937979606, 0.000458916678326 ], [ -83.370444147517588, 33.943385440686562, 0.000458916678326 ], [ -83.370492661354021, 33.943404231764056, 0.000458916678326 ], [ -83.370506006432151, 33.943418266670193, 0.000458916678326 ], [ -83.370515126473776, 33.943442600238846, 0.000458916678326 ], [ -83.370546824906171, 33.943563090847647, 0.000458916678326 ], [ -83.370569138202072, 33.943641131288778, 0.000458916678326 ], [ -83.370602977306746, 33.943765259240166, 0.000458916678326 ], [ -83.370626891557919, 33.943844482096964, 0.000458916678326 ], [ -83.370632008945719, 33.943861158660383, 0.000458916678326 ], [ -83.37069615393095, 33.944084601366981, 0.000458916678326 ], [ -83.370700069654291, 33.944100677808734, 0.000458916678326 ], [ -83.37079639266328, 33.944453397461437, 0.000458916678326 ], [ -83.370826945270679, 33.944554345684544, 0.000458916678326 ] ] } },
{ "type": "Feature", "properties": { "Type": "Off-Road Facility", "Category": "Separated", "Status": "Existing", "RoadName": "East Campus Road" }, "geometry": { "type": "LineString", "coordinates": [ [ -83.373512474220135, 33.935364839837597, 0.000130833344883 ], [ -83.373454413898614, 33.935548222316505, 0.000130833344883 ], [ -83.373381722307244, 33.935588506222523, 0.000130833344883 ], [ -83.37334714866293, 33.935613330757086, 0.000130833344883 ], [ -83.373338298391502, 33.935641899470603, 0.000130833344883 ], [ -83.373306770617134, 33.935955387521552, 0.000130833344883 ], [ -83.373281140678557, 33.936095965422908, 0.000130833344883 ], [ -83.373204805136524, 33.936611930444585, 0.000130833344883 ], [ -83.373092986903572, 33.937250519291972, 0.000130833344883 ], [ -83.373052308344967, 33.937579406097491, 0.000130833344883 ], [ -83.373012138085514, 33.937944173423574, 0.000130833344883 ], [ -83.372960965503694, 33.93836965189135, 0.000130833344883 ], [ -83.372945040411011, 33.93854368920006, 0.000130833344883 ], [ -83.372888539329551, 33.938772331624911, 0.000130833344883 ], [ -83.372785362365121, 33.9390960918209, 0.000130833344883 ], [ -83.372747172206573, 33.939201999649953, 0.000130833344883 ], [ -83.372687196320399, 33.939342355857207, 0.000130833344883 ], [ -83.372605502031391, 33.939510005764042, 0.000130833344883 ], [ -83.372524061049873, 33.939650223437717, 0.000130833344883 ], [ -83.372421145122061, 33.939791496231308, 0.000130833344883 ], [ -83.372119815424085, 33.940186734417132, 0.000130833344883 ], [ -83.371973480947531, 33.940380206772431, 0.000130833344883 ], [ -83.371758914652787, 33.940678199658628, 0.000130833344883 ], [ -83.37172134329785, 33.940717317196828, 0.000130833344883 ], [ -83.37167379986748, 33.940751599980182, 0.000130833344883 ], [ -83.371674665526299, 33.940812434528134, 0.000130833344883 ], [ -83.37157928995471, 33.940955087820363, 0.000130833344883 ], [ -83.371547120284134, 33.94098575164945, 0.000130833344883 ], [ -83.371388958535505, 33.941219699814425, 0.000130833344883 ], [ -83.371135152003347, 33.94158184544159, 0.000130833344883 ], [ -83.371101196333271, 33.941629911051834, 0.000130833344883 ], [ -83.370968446008249, 33.941857576422343, 0.000130833344883 ], [ -83.370863675835267, 33.942094662969424, 0.000130833344883 ], [ -83.370823752979874, 33.942176186052585, 0.000130833344883 ] ] } },
{ "type": "Feature", "properties": { "Type": "Off-Road Facility", "Category": "Separated", "Status": "Existing", "RoadName": "East Campus Road" }, "geometry": { "type": "LineString", "coordinates": [ [ -83.378126719075013, 33.93112179024078, 0.000130833344883 ], [ -83.37788622416322, 33.931179117082316, 0.000130833344883 ], [ -83.377651210811322, 33.931263281312503, 0.000130833344883 ], [ -83.37741654503823, 33.931356265857097, 0.000130833344883 ], [ -83.377236018852187, 33.931443371523386, 0.000130833344883 ], [ -83.377047827364279, 33.931553031752223, 0.000130833344883 ], [ -83.376896066655547, 33.931645501061155, 0.000130833344883 ], [ -83.376661409608289, 33.931807502498074, 0.000130833344883 ], [ -83.376372643789878, 33.932045035659371, 0.000130833344883 ], [ -83.376296841033209, 33.932117209858156, 0.000130833344883 ], [ -83.376079047661264, 33.932334799181255, 0.000130833344883 ], [ -83.375977723748505, 33.932429250101094, 0.000130833344883 ], [ -83.375678304011615, 33.932715334576244, 0.000130833344883 ], [ -83.375479095564543, 33.932903461632947, 0.000130833344883 ], [ -83.375393740274902, 33.932933424137126, 0.000130833344883 ], [ -83.375049587425167, 33.933286114555365, 0.000130833344883 ], [ -83.374769808254811, 33.933534395462978, 0.000130833344883 ], [ -83.374413491678865, 33.933875613200819, 0.000130833344883 ], [ -83.374260383229782, 33.934029683928784, 0.000130833344883 ], [ -83.374106818954104, 33.934195768026541, 0.000130833344883 ], [ -83.373934633299712, 33.934390086398551, 0.000130833344883 ], [ -83.373821930284876, 33.934545981867352, 0.000130833344883 ], [ -83.373765427664594, 33.934635547934484, 0.000130833344883 ], [ -83.373705521949049, 33.93473316947518, 0.000130833344883 ], [ -83.373650676922253, 33.934845410535715, 0.000130833344883 ], [ -83.373605530944104, 33.934961054462619, 0.000130833344883 ], [ -83.373581874642724, 33.935043081859362, 0.000130833344883 ], [ -83.373567831129876, 33.935122428508748, 0.000130833344883 ], [ -83.373550760124644, 33.935237108217883, 0.000130833344883 ], [ -83.373541547771666, 33.935273008215333, 0.000130833344883 ], [ -83.373512474220135, 33.935364839837597, 0.000130833344883 ] ] } },
{ "type": "Feature", "properties": { "Type": "Multi-use Trail", "Category": "Separated", "Status": "Existing", "RoadName": "ACCGov Leisure Services" }, "geometry": { "type": "LineString", "coordinates": [ [ -83.339362296417818, 33.958816501170048, 0.000458916678326 ], [ -83.339194123116997, 33.958900546765811, 0.000458916678326 ], [ -83.339061806490378, 33.958918633853031, 0.000458916678326 ], [ -83.338986020912813, 33.958923861982534, 0.000458916678326 ], [ -83.338912305601369, 33.958933958158383, 0.000458916678326 ], [ -83.338796187257898, 33.958982299516634, 0.000458916678326 ], [ -83.338789249857882, 33.958986409192896, 0.000458916678326 ], [ -83.338608750179048, 33.959076556890146, 0.000458916678326 ], [ -83.338424434563478, 33.959161174422889, 0.000458916678326 ], [ -83.33823654863113, 33.959240151630198, 0.000458916678326 ], [ -83.338045341198423, 33.959313383783403, 0.000458916678326 ], [ -83.337851063178789, 33.959380773382058, 0.000458916678326 ], [ -83.337653972974522, 33.959442231993307, 0.000458916678326 ], [ -83.337454331093213, 33.959497677511145, 0.000458916678326 ], [ -83.337252401203131, 33.959547036868301, 0.000458916678326 ], [ -83.337048451223779, 33.959590245142088, 0.000458916678326 ], [ -83.336842750088451, 33.959627244631029, 0.000458916678326 ], [ -83.336635569890447, 33.959657986672596, 0.000458916678326 ], [ -83.33638798826199, 33.959686725679191, 0.000458916678326 ], [ -83.336139410724613, 33.959708706349275, 0.000458916678326 ], [ -83.335890104805898, 33.959723906140162, 0.000458916678326 ], [ -83.335640335809032, 33.959732308807396, 0.000458916678326 ], [ -83.335416581660667, 33.959733737946763, 0.000458916678326 ], [ -83.334735578458748, 33.959748880764685, 0.000458916678326 ], [ -83.334329159132665, 33.959782329221824, 0.000458916678326 ], [ -83.333626053554781, 33.959887843395784, 0.000458916678326 ], [ -83.33278837058171, 33.96001601033926, 0.000458916678326 ], [ -83.332320200590502, 33.960062501732978, 0.000458916678326 ], [ -83.331466008230151, 33.96012236580934, 0.000458916678326 ], [ -83.331336734485831, 33.96015656130939, 0.000458916678326 ] ] } },
{ "type": "Feature", "properties": { "Type": "Multi-use Trail", "Category": "Separated", "Status": "Existing", "RoadName": "ACCGov Leisure Services" }, "geometry": { "type": "LineString", "coordinates": [ [ -83.365155247876686, 33.95502343951059, 0.000130833344883 ], [ -83.364991854779163, 33.954561006059514, 0.000130833344883 ], [ -83.364991859936239, 33.954539229877824, 0.000130833344883 ], [ -83.364997522877189, 33.954484877161043, 0.000130833344883 ], [ -83.36500177045717, 33.954470345874164, 0.000130833344883 ], [ -83.365018960894474, 33.954444525262964, 0.000130833344883 ], [ -83.365085134988448, 33.954370620632488, 0.000130833344883 ], [ -83.365117144515267, 33.954336944443668, 0.000130833344883 ], [ -83.365173551596314, 33.954265848642578, 0.000130833344883 ], [ -83.365177146175782, 33.954259569901126, 0.000130833344883 ], [ -83.365187526773198, 33.954230188704329, 0.000130833344883 ], [ -83.36519220095505, 33.954199809251143, 0.000130833344883 ], [ -83.365191051193449, 33.954169197132515, 0.000130833344883 ], [ -83.365184108157408, 33.954139120706706, 0.000130833344883 ], [ -83.365171544347831, 33.954110337533983, 0.000130833344883 ], [ -83.365154901977647, 33.954084527408213, 0.000130833344883 ], [ -83.365134398908026, 33.954060725236822, 0.000130833344883 ], [ -83.365110377612837, 33.954039329949758, 0.000130833344883 ], [ -83.364841707331564, 33.953849877118756, 0.000130833344883 ] ] } },
{ "type": "Feature", "properties": { "Type": "Off-Road Facility", "Category": "Separated", "Status": "Existing", "RoadName": null }, "geometry": { "type": "LineString", "coordinates": [ [ -83.367753456331229, 33.954138887066421, 0.000130833344883 ], [ -83.367767091264653, 33.954146345198254, 0.000130833344883 ], [ -83.367815791164844, 33.954176489629859, 0.000130833344883 ], [ -83.367858947170916, 33.954205611720425, 0.000130833344883 ], [ -83.367937136911891, 33.954262277653683, 0.000130833344883 ], [ -83.368027559476829, 33.954345750688056, 0.000130833344883 ], [ -83.36815660182549, 33.954474806385541, 0.000130833344883 ], [ -83.368417621583475, 33.954725185398452, 0.000130833344883 ], [ -83.368460873669008, 33.95475785748139, 0.000130833344883 ], [ -83.368549029338979, 33.954843670399917, 0.000130833344883 ], [ -83.368574143352035, 33.954862172577357, 0.000130833344883 ], [ -83.36859897852105, 33.954876588716971, 0.000130833344883 ], [ -83.368650084167854, 33.95501080959815, 0.000130833344883 ], [ -83.368731119955072, 33.955103825049498, 0.000130833344883 ], [ -83.3687550522029, 33.95507508317084, 0.000130833344883 ], [ -83.369201277810689, 33.954727018285766, 0.000130833344883 ], [ -83.369392566262789, 33.954585393391291, 0.000130833344883 ], [ -83.369445203552871, 33.954543094282002, 0.000130833344883 ], [ -83.369484539862171, 33.954507269014016, 0.000130833344883 ], [ -83.369513090224586, 33.95447703860421, 0.000130833344883 ], [ -83.369555425308334, 33.954426621483911, 0.000130833344883 ], [ -83.369590177356571, 33.954383609632679, 0.000130833344883 ], [ -83.369618852743059, 33.954339962469135, 0.000130833344883 ], [ -83.369668486026256, 33.954268225663576, 0.000130833344883 ], [ -83.369703037044971, 33.954176208079403, 0.000130833344883 ], [ -83.36973709199134, 33.954016005043748, 0.000130833344883 ], [ -83.369768193580072, 33.953865623784544, 0.000130833344883 ], [ -83.369796578257194, 33.953737886518731, 0.000130833344883 ], [ -83.36982392301087, 33.953606564079941, 0.000130833344883 ], [ -83.369846266635292, 33.953512780532883, 0.000130833344883 ], [ -83.369863566407417, 33.953461008419545, 0.000130833344883 ], [ -83.369883733675124, 33.953404892045249, 0.000130833344883 ], [ -83.369923391561059, 33.953351435307205, 0.000130833344883 ], [ -83.369952864583937, 33.95332430232763, 0.000130833344883 ], [ -83.370005692638173, 33.953287075669699, 0.000130833344883 ], [ -83.370037050816592, 33.953271844206441, 0.000130833344883 ], [ -83.370093731841663, 33.953255127590836, 0.000130833344883 ], [ -83.37013968596446, 33.953245238740479, 0.000130833344883 ], [ -83.370499979678044, 33.953177199221138, 0.000130833344883 ], [ -83.370754658662662, 33.953125173339949, 0.000130833344883 ], [ -83.370827691479832, 33.953120993308183, 0.000130833344883 ], [ -83.371294295647189, 33.953089300438556, 0.000130833344883 ], [ -83.371405531118327, 33.9530864416055, 0.000130833344883 ] ] } },
{ "type": "Feature", "properties": { "Type": "Multi-use Trail", "Category": "Separated", "Status": "Existing", "RoadName": "ACCGov Leisure Services" }, "geometry": { "type": "LineString", "coordinates": [ [ -83.366284231183386, 33.956124280267687, 0.000130833344883 ], [ -83.366302112292828, 33.956092058145593, 0.000130833344883 ], [ -83.366312365849879, 33.956062016067939, 0.000130833344883 ], [ -83.366315874794637, 33.956046856933604, 0.000130833344883 ], [ -83.366314717654063, 33.956024961399116, 0.000130833344883 ], [ -83.366305095909723, 33.956002666416332, 0.000130833344883 ], [ -83.366278957284351, 33.955975518039004, 0.000130833344883 ], [ -83.366044424460867, 33.955786166278969, 0.000130833344883 ], [ -83.365953627744176, 33.955715079088371, 0.000130833344883 ] ] } },
{ "type": "Feature", "properties": { "Type": "Multi-use Trail", "Category": "Separated", "Status": "Existing", "RoadName": "ACCGov Leisure Services" }, "geometry": { "type": "LineString", "coordinates": [ [ -83.373631799894781, 33.968183346806676, 0.000130833344883 ], [ -83.373609725357881, 33.968050198795972, 0.000130833344883 ], [ -83.373608980231921, 33.967976244400816, 0.000130833344883 ], [ -83.373622759576634, 33.967879722049211, 0.000130833344883 ], [ -83.373649688256464, 33.967754657931501, 0.000130833344883 ], [ -83.373691240882991, 33.967596292108588, 0.000130833344883 ], [ -83.373696236680843, 33.967554808622864, 0.000130833344883 ] ] } },
{ "type": "Feature", "properties": { "Type": "Multi-use Trail", "Category": "Separated", "Status": "Existing", "RoadName": "ACCGov Leisure Services" }, "geometry": { "type": "LineString", "coordinates": [ [ -83.374521323842288, 33.96810881301419, 0.000130833344883 ], [ -83.374433586949536, 33.968169802743155, 0.000130833344883 ], [ -83.374364816699682, 33.968208527949834, 0.000130833344883 ], [ -83.374309390381754, 33.968242163884881, 0.000130833344883 ], [ -83.374263962590177, 33.968278249789023, 0.000130833344883 ], [ -83.374226254690811, 33.968309991920179, 0.000130833344883 ], [ -83.37414511364257, 33.968358988538647, 0.000130833344883 ], [ -83.373994267398544, 33.968414940039743, 0.000130833344883 ] ] } },
{ "type": "Feature", "properties": { "Type": "Multi-use Trail", "Category": "Separated", "Status": "Existing", "RoadName": "ACCGov Leisure Services" }, "geometry": { "type": "LineString", "coordinates": [ [ -83.367368536192217, 33.955106071460278, 0.000130833344883 ], [ -83.367320884904785, 33.955017785308847, 0.000130833344883 ], [ -83.367252192852973, 33.954867675376278, 0.000130833344883 ], [ -83.367241468695667, 33.954831477923264, 0.000130833344883 ], [ -83.367234485475507, 33.954783867133735, 0.000130833344883 ], [ -83.367232210322697, 33.95474070293217, 0.000130833344883 ], [ -83.367233497002786, 33.954674040156299, 0.000130833344883 ], [ -83.367228995746771, 33.954655232505552, 0.000130833344883 ], [ -83.367221490455123, 33.954640192944041, 0.000130833344883 ], [ -83.367202792480541, 33.954620315758817, 0.000130833344883 ], [ -83.36717412862258, 33.954602784706204, 0.000130833344883 ], [ -83.367142138990729, 33.954591957942156, 0.000130833344883 ], [ -83.367109288206976, 33.95458818145709, 0.000130833344883 ], [ -83.367079198293567, 33.95459148148332, 0.000130833344883 ], [ -83.367041494775009, 33.95460323678676, 0.000130833344883 ], [ -83.367006116402891, 33.954619722524612, 0.000130833344883 ], [ -83.366974112877003, 33.954640450542918, 0.000130833344883 ] ] } },
{ "type": "Feature", "properties": { "Type": "Multi-use Trail", "Category": "Separated", "Status": "Existing", "RoadName": "ACCGov Leisure Services" }, "geometry": { "type": "LineString", "coordinates": [ [ -83.367805880605985, 33.953935481275515, 0.000130833344883 ], [ -83.3678532100854, 33.953925054041179, 0.000130833344883 ], [ -83.367936753314538, 33.953899117226449, 0.000130833344883 ], [ -83.367988481366112, 33.95387750624613, 0.000130833344883 ], [ -83.36800947977278, 33.95386666917841, 0.000130833344883 ], [ -83.368066207635565, 33.953830778685969, 0.000130833344883 ], [ -83.368102507158056, 33.953805966072046, 0.000130833344883 ], [ -83.36812931533909, 33.953786102038052, 0.000130833344883 ], [ -83.368194926052098, 33.953718541981324, 0.000130833344883 ], [ -83.368205364316907, 33.953704296870107, 0.000130833344883 ], [ -83.368212369950641, 33.953689790569257, 0.000130833344883 ], [ -83.368217652007431, 33.953675988954338, 0.000130833344883 ], [ -83.368231581543981, 33.953625030095559, 0.000130833344883 ], [ -83.368243318426721, 33.953574029062985, 0.000130833344883 ], [ -83.368246982937535, 33.953535679143549, 0.000130833344883 ] ] } },
{ "type": "Feature", "properties": { "Type": "Multi-use Trail", "Category": "Separated", "Status": "Existing", "RoadName": "ACCGov Leisure Services" }, "geometry": { "type": "LineString", "coordinates": [ [ -83.356277638942075, 33.936402162684956, 0.000130833344883 ], [ -83.356307633558416, 33.936362614123681, 0.000130833344883 ], [ -83.356359948109045, 33.93631446245611, 0.000130833344883 ], [ -83.356423701401653, 33.936260265102689, 0.000130833344883 ], [ -83.356430394980364, 33.936256259179657, 0.000130833344883 ], [ -83.356454905454754, 33.936241591013349, 0.000130833344883 ], [ -83.356486834121384, 33.936227724488944, 0.000130833344883 ], [ -83.356517262324004, 33.936219013329826, 0.000130833344883 ], [ -83.356544476316202, 33.936214924236658, 0.000130833344883 ], [ -83.356574475881771, 33.936213323839873, 0.000130833344883 ], [ -83.356595516409598, 33.936213945530668, 0.000130833344883 ], [ -83.356606431920838, 33.936214267991119, 0.000130833344883 ], [ -83.356642404214327, 33.936218302182141, 0.000130833344883 ], [ -83.356679689377117, 33.936228080055443, 0.000130833344883 ], [ -83.356767117523276, 33.936248346956987, 0.000130833344883 ], [ -83.356802260255961, 33.936255458203334, 0.000130833344883 ], [ -83.356827973559248, 33.936258836116927, 0.000130833344883 ], [ -83.35685090200532, 33.93625919158854, 0.000130833344883 ], [ -83.356885187832404, 33.936257413744002, 0.000130833344883 ], [ -83.356920329998999, 33.9362503031684, 0.000130833344883 ], [ -83.356953758774097, 33.936241591799899, 0.000130833344883 ], [ -83.356981615408614, 33.936230746665004, 0.000130833344883 ], [ -83.357005615208877, 33.936220079921995, 0.000130833344883 ], [ -83.357022543770555, 33.936208523681884, 0.000130833344883 ], [ -83.357045042897923, 33.936190923702405, 0.000130833344883 ], [ -83.357065614454626, 33.936170122998263, 0.000130833344883 ], [ -83.357083828525617, 33.936147544167788, 0.000130833344883 ], [ -83.357104828167195, 33.936116254391678, 0.000130833344883 ], [ -83.357128798070676, 33.93608371108683, 0.000130833344883 ], [ -83.357150532605829, 33.936054201378049, 0.000130833344883 ], [ -83.357206509283046, 33.935967393121224, 0.000130833344883 ], [ -83.3572337140439, 33.93592963188344, 0.000130833344883 ], [ -83.357260761999697, 33.935895521976484, 0.000130833344883 ], [ -83.357280494044161, 33.935871520456942, 0.000130833344883 ], [ -83.357282158880452, 33.935870021226755, 0.000130833344883 ], [ -83.3572884374735, 33.935864367114284, 0.000130833344883 ], [ -83.357308123120461, 33.935846639496376, 0.000130833344883 ], [ -83.357343035154003, 33.935819015058975, 0.000130833344883 ], [ -83.357373165283377, 33.935801311905919, 0.000130833344883 ], [ -83.357374272951844, 33.935800737656741, 0.000130833344883 ], [ -83.357402629942754, 33.935786033272841, 0.000130833344883 ], [ -83.357435441760913, 33.935774366789907, 0.000130833344883 ], [ -83.357467583998854, 33.935768532834587, 0.000130833344883 ], [ -83.357498722881203, 33.935766310384373, 0.000130833344883 ], [ -83.357529136355993, 33.935766789752428, 0.000130833344883 ], [ -83.357559993652643, 33.9357692925078, 0.000130833344883 ], [ -83.357633034046373, 33.935782128853063, 0.000130833344883 ], [ -83.357643289548378, 33.935785095775501, 0.000130833344883 ], [ -83.357645879584979, 33.935785844890638, 0.000130833344883 ], [ -83.357693586514671, 33.93579964533896, 0.000130833344883 ], [ -83.357762894469047, 33.935825478845267, 0.000130833344883 ], [ -83.357896973794936, 33.935885281703463, 0.000130833344883 ], [ -83.357912343241182, 33.935891367459746, 0.000130833344883 ], [ -83.357948249742051, 33.935904870307063, 0.000130833344883 ], [ -83.357984892530325, 33.935915893179342, 0.000130833344883 ], [ -83.358018321009808, 33.935923893514456, 0.000130833344883 ], [ -83.358058177589541, 33.935931359936603, 0.000130833344883 ], [ -83.358096106088325, 33.935935448924944, 0.000130833344883 ], [ -83.358128890533493, 33.93593651622971, 0.000130833344883 ], [ -83.35815396253048, 33.935934382701866, 0.000130833344883 ], [ -83.358182247420487, 33.935926381937897, 0.000130833344883 ], [ -83.358208818848325, 33.935913581536056, 0.000130833344883 ], [ -83.358216510258913, 33.935907792397224, 0.000130833344883 ], [ -83.358229604170646, 33.935897937367535, 0.000130833344883 ], [ -83.358255960909048, 33.935875003401321, 0.000130833344883 ], [ -83.358264856494515, 33.935864607793583, 0.000130833344883 ], [ -83.358271473764646, 33.935856874968799, 0.000130833344883 ], [ -83.358293246176544, 33.935829490365862, 0.000130833344883 ], [ -83.358324746835734, 33.935786466516824, 0.000130833344883 ], [ -83.358338775400412, 33.935768930597177, 0.000130833344883 ], [ -83.358358659044384, 33.935751287055879, 0.000130833344883 ], [ -83.358374031771419, 33.935743976851235, 0.000130833344883 ], [ -83.358392674481962, 33.935737576184046, 0.000130833344883 ], [ -83.35841474589283, 33.935731886841822, 0.000130833344883 ], [ -83.358446460014648, 33.935726020067122, 0.000130833344883 ], [ -83.358479030735111, 33.935722109060812, 0.000130833344883 ], [ -83.358512616456096, 33.935721821012834, 0.000130833344883 ], [ -83.35854995850697, 33.935724776310792, 0.000130833344883 ], [ -83.35858767288336, 33.935728509414318, 0.000130833344883 ], [ -83.358628815055297, 33.935729042695286, 0.000130833344883 ], [ -83.358660314597543, 33.935727797845587, 0.000130833344883 ], [ -83.358692886557435, 33.935719975663758, 0.000130833344883 ], [ -83.358722028522266, 33.93570699727325, 0.000130833344883 ], [ -83.358749671604656, 33.935692952368868, 0.000130833344883 ], [ -83.358767727065825, 33.935680008509301, 0.000130833344883 ], [ -83.358771742415087, 33.935677129911625, 0.000130833344883 ], [ -83.358786313803549, 33.935661663059946, 0.000130833344883 ], [ -83.358794444012702, 33.935650981092657, 0.000130833344883 ], [ -83.358796640732308, 33.935648594553918, 0.000130833344883 ], [ -83.358797039811577, 33.935647570253643, 0.000130833344883 ], [ -83.358803697962543, 33.935638823371264, 0.000130833344883 ], [ -83.358812592518646, 33.93561798992944, 0.000130833344883 ], [ -83.358818346219252, 33.935585436758302, 0.000130833344883 ], [ -83.358820962420978, 33.93555375107379, 0.000130833344883 ], [ -83.358818838507474, 33.935525521664772, 0.000130833344883 ], [ -83.35881721727344, 33.935503967370558, 0.000130833344883 ], [ -83.358816433144355, 33.935493535258018, 0.000130833344883 ], [ -83.358806313904708, 33.935429180498303, 0.000130833344883 ], [ -83.358797494048574, 33.935401218204902, 0.000130833344883 ], [ -83.358795826974273, 33.93539253570782, 0.000130833344883 ] ] } },
{ "type": "Feature", "properties": { "Type": "Multi-use Trail", "Category": "Separated", "Status": "Existing", "RoadName": "ACCGov Leisure Services" }, "geometry": { "type": "LineString", "coordinates": [ [ -83.364841707323109, 33.953849878020279, 0.000130833344883 ], [ -83.364954015967385, 33.953708605669654, 0.000130833344883 ], [ -83.365230209628891, 33.953419742686968, 0.000130833344883 ], [ -83.365251034602338, 33.953403425970066, 0.000130833344883 ], [ -83.365284798359909, 33.953398390392422, 0.000130833344883 ], [ -83.365315378320389, 33.953403598735797, 0.000130833344883 ], [ -83.365446397160269, 33.953260130619796, 0.000130833344883 ], [ -83.365655817515915, 33.953394841248574, 0.000130833344883 ], [ -83.365797275026964, 33.953458549647102, 0.000130833344883 ], [ -83.365957023031314, 33.95354425316107, 0.000130833344883 ], [ -83.366104459877732, 33.953598233126428, 0.000130833344883 ], [ -83.366175039349713, 33.953617871762347, 0.000130833344883 ], [ -83.366196462150256, 33.953622734531464, 0.000130833344883 ], [ -83.366239508746816, 33.953629597900246, 0.000130833344883 ], [ -83.366300507755923, 33.953636894443868, 0.000130833344883 ], [ -83.366330234971713, 33.953643642325027, 0.000130833344883 ], [ -83.366360716215397, 33.953653286516221, 0.000130833344883 ], [ -83.366441522913163, 33.953681150025361, 0.000130833344883 ], [ -83.366468421171902, 33.953688337492466, 0.000130833344883 ], [ -83.366490908086632, 33.953691406643124, 0.000130833344883 ], [ -83.366507909174061, 33.953690025920913, 0.000130833344883 ], [ -83.366532024180913, 33.953682596657316, 0.000130833344883 ], [ -83.36654963920644, 33.953672262574806, 0.000130833344883 ], [ -83.366563931051317, 33.953658874825521, 0.000130833344883 ], [ -83.366609622749209, 33.953590970665665, 0.000130833344883 ], [ -83.366704790966523, 33.953629330849516, 0.000130833344883 ], [ -83.366898356646189, 33.953702868612297, 0.000130833344883 ], [ -83.366955811891373, 33.953730006647952, 0.000130833344883 ], [ -83.367017281772277, 33.953766090215872, 0.000130833344883 ], [ -83.367212331741115, 33.953889791052497, 0.000130833344883 ], [ -83.367260636740511, 33.95391469306788, 0.000130833344883 ], [ -83.367325877582687, 33.953941959031177, 0.000130833344883 ], [ -83.367471214877881, 33.953993859983029, 0.000130833344883 ], [ -83.367564584672479, 33.954034423048327, 0.000130833344883 ], [ -83.367646510915762, 33.954074314905242, 0.000130833344883 ], [ -83.367753456331229, 33.954138887066421, 0.000130833344883 ] ] } },
{ "type": "Feature", "properties": { "Type": "Multi-use Trail", "Category": "Separated", "Status": "Existing", "RoadName": "ACCGov Leisure Services" }, "geometry": { "type": "LineString", "coordinates": [ [ -83.366974112868576, 33.954640451444455, 0.000130833344883 ], [ -83.366952052469657, 33.954630389677533, 0.000130833344883 ], [ -83.366905423556844, 33.95461618864082, 0.000130833344883 ], [ -83.366856969569824, 33.954607178831317, 0.000130833344883 ], [ -83.366796688171846, 33.954602430620817, 0.000130833344883 ], [ -83.366736156652806, 33.954603716030817, 0.000130833344883 ], [ -83.366699735014251, 33.954607625767579, 0.000130833344883 ], [ -83.366663847496014, 33.954614115722762, 0.000130833344883 ], [ -83.366515442453448, 33.954650166083148, 0.000130833344883 ], [ -83.366474943076696, 33.954659270381015, 0.000130833344883 ], [ -83.366314493252688, 33.954700705860319, 0.000130833344883 ], [ -83.366314254461287, 33.954702405616906, 0.000130833344883 ], [ -83.365948138668159, 33.95479820009561, 0.000130833344883 ], [ -83.365323641364526, 33.954980033189123, 0.000130833344883 ], [ -83.36516792867792, 33.955018989765676, 0.000130833344883 ], [ -83.365155247868245, 33.955023440412148, 0.000130833344883 ] ] } },
{ "type": "Feature", "properties": { "Type": "Multi-use Path", "Category": "Separated", "Status": "Existing", "RoadName": "River Road" }, "geometry": { "type": "MultiLineString", "coordinates": [ [ [ -83.368067700525572, 33.940741796299051, 0.000130833344883 ], [ -83.368359950957384, 33.940340098103583, 0.000130833344883 ], [ -83.368418761568165, 33.940260176890234, 0.000130833344883 ], [ -83.368914322956513, 33.939566591467099, 0.000130833344883 ], [ -83.369010162101972, 33.939438907943874, 0.000130833344883 ], [ -83.369085140994244, 33.9393537852417, 0.000130833344883 ], [ -83.369191880370792, 33.939263093488456, 0.000130833344883 ], [ -83.369295513666614, 33.939198879465039, 0.000130833344883 ], [ -83.369366114581396, 33.939171864120915, 0.000130833344883 ], [ -83.369438631517554, 33.939148643343032, 0.000130833344883 ], [ -83.369512772634067, 33.939129309906207, 0.000130833344883 ], [ -83.369588237563718, 33.939113943006774, 0.000130833344883 ], [ -83.369878935424737, 33.939123458490371, 0.000130833344883 ], [ -83.369956189385022, 33.93912586711393, 0.000130833344883 ], [ -83.370020154161594, 33.939148037463411, 0.000130833344883 ], [ -83.370080328123237, 33.939176646803851, 0.000130833344883 ], [ -83.370135781876641, 33.939211251853237, 0.000130833344883 ], [ -83.370185662571487, 33.939251320567791, 0.000130833344883 ], [ -83.370229198210055, 33.939296233972527, 0.000130833344883 ], [ -83.370265718081072, 33.939345298915143, 0.000130833344883 ], [ -83.370294658076105, 33.939397758017584, 0.000130833344883 ], [ -83.370315572454118, 33.939452804177115, 0.000130833344883 ], [ -83.37032813920878, 33.939509585108702, 0.000130833344883 ], [ -83.370332163087738, 33.939567227707258, 0.000130833344883 ], [ -83.370317214134602, 33.939697282886165, 0.000130833344883 ], [ -83.370318902784973, 33.939739796904611, 0.000130833344883 ], [ -83.37032897812766, 33.939781497832755, 0.000130833344883 ], [ -83.370347163060501, 33.939821244257438, 0.000130833344883 ], [ -83.370372960396111, 33.939857947436515, 0.000130833344883 ], [ -83.370433047220871, 33.939921312614537, 0.000130833344883 ], [ -83.37055926529348, 33.939890640557017, 0.000130833344883 ], [ -83.370619812076825, 33.939930522913343, 0.000130833344883 ] ], [ [ -83.370619812076825, 33.939930522913343, 0.000130833344883 ], [ -83.37064168716968, 33.939879013649687, 0.000130833344883 ], [ -83.370671361537944, 33.939829597826161, 0.000130833344883 ], [ -83.370708131473421, 33.93978361516902, 0.000130833344883 ], [ -83.37075143439678, 33.939741770690482, 0.000130833344883 ], [ -83.3708006077335, 33.939704704742653, 0.000130833344883 ], [ -83.370854898716189, 33.939672985868732, 0.000130833344883 ], [ -83.370913474236858, 33.939647098244649, 0.000130833344883 ], [ -83.370975437088333, 33.939627439981493, 0.000130833344883 ], [ -83.371039839044244, 33.939614312391235, 0.000130833344883 ], [ -83.371105693880153, 33.939607915563158, 0.000130833344883 ], [ -83.371634842653322, 33.939582707965798, 0.000130833344883 ], [ -83.371706204657826, 33.939573387335805, 0.000130833344883 ], [ -83.371775955238789, 33.939557741472484, 0.000130833344883 ], [ -83.371843290066863, 33.939535950013308, 0.000130833344883 ], [ -83.371907433349705, 33.939508264909342, 0.000130833344883 ], [ -83.371967642209768, 33.939475005043789, 0.000130833344883 ], [ -83.372023224008117, 33.939436554540244, 0.000130833344883 ], [ -83.372073537476865, 33.939393357360032, 0.000130833344883 ], [ -83.372118001431289, 33.939345911046999, 0.000130833344883 ], [ -83.372156102374973, 33.939294763169698, 0.000130833344883 ], [ -83.372187402129867, 33.939240505059182, 0.000130833344883 ], [ -83.372211539018096, 33.939183760997025, 0.000130833344883 ], [ -83.372294144293505, 33.938918073907217, 0.000130833344883 ], [ -83.372539052506966, 33.938310688695871, 0.000130833344883 ], [ -83.372568128192242, 33.93801507647661, 0.000130833344883 ], [ -83.372629597932089, 33.937682841087558, 0.000130833344883 ], [ -83.372636329981219, 33.937451015209717, 0.000130833344883 ], [ -83.372626297890832, 33.937378692861529, 0.000130833344883 ], [ -83.372609047416972, 33.937307322928234, 0.000130833344883 ], [ -83.372584698337207, 33.937237404763032, 0.000130833344883 ], [ -83.372553421356642, 33.937169428128918, 0.000130833344883 ], [ -83.372515435985846, 33.937103868677049, 0.000130833344883 ], [ -83.372471006230583, 33.937041186116069, 0.000130833344883 ], [ -83.372420446049844, 33.936981818837737, 0.000130833344883 ], [ -83.372364107465842, 33.936926182939096, 0.000130833344883 ], [ -83.3723023860138, 33.936874667749706, 0.000130833344883 ], [ -83.372235712113948, 33.936827633071552, 0.000130833344883 ], [ -83.372222507081034, 33.936770296407246, 0.000130833344883 ], [ -83.372212891188866, 33.936716447740629, 0.000130833344883 ], [ -83.372180528669077, 33.936671645888303, 0.000130833344883 ], [ -83.372147646931779, 33.936641637700127, 0.000130833344883 ], [ -83.372087262902397, 33.936615844603189, 0.000130833344883 ], [ -83.372022695788004, 33.936605676216814, 0.000130833344883 ], [ -83.371932419400835, 33.936611876252776, 0.000130833344883 ], [ -83.371840948195583, 33.936603940471869, 0.000130833344883 ], [ -83.371793149939364, 33.93659338163296, 0.000130833344883 ], [ -83.37176226099929, 33.936582795805315, 0.000130833344883 ], [ -83.371733868641172, 33.936568133736614, 0.000130833344883 ], [ -83.371708743669672, 33.936549792600438, 0.000130833344883 ], [ -83.371687562945738, 33.936528268139909, 0.000130833344883 ], [ -83.371670898687512, 33.936504141975988, 0.000130833344883 ], [ -83.371501265617837, 33.936279765857229, 0.000130833344883 ], [ -83.371416894722003, 33.93611967959756, 0.000130833344883 ], [ -83.371302679523438, 33.935968179349878, 0.000130833344883 ], [ -83.371252409402899, 33.935834267553666, 0.000130833344883 ], [ -83.371253997539654, 33.93566347731101, 0.000130833344883 ], [ -83.371229915297391, 33.93542172054471, 0.000130833344883 ], [ -83.371215664391343, 33.935353880606812, 0.000130833344883 ], [ -83.371199678156614, 33.935287938138188, 0.000130833344883 ], [ -83.371193253798381, 33.935268425723713, 0.000130833344883 ], [ -83.371182963306779, 33.935250100078292, 0.000130833344883 ], [ -83.371169103557591, 33.935233489652269, 0.000130833344883 ], [ -83.3711520725019, 33.935219071256142, 0.000130833344883 ], [ -83.371132360580134, 33.935207262792517, 0.000130833344883 ], [ -83.37111053685382, 33.935198402429826, 0.000130833344883 ], [ -83.371087229561937, 33.935192745772206, 0.000130833344883 ], [ -83.370805171029673, 33.935117450797904, 0.000130833344883 ], [ -83.370772098507288, 33.935103878041787, 0.000130833344883 ], [ -83.370640161022791, 33.93497799782596, 0.000130833344883 ], [ -83.370588130306572, 33.934944292387186, 0.000130833344883 ], [ -83.370539440164379, 33.934886726099222, 0.000130833344883 ], [ -83.370662879052404, 33.934651862713189, 0.000130833344883 ], [ -83.370650025526359, 33.934624085230176, 0.000130833344883 ], [ -83.370715490577012, 33.934595812387087, 0.000130833344883 ], [ -83.370702189134903, 33.934569207697415, 0.000130833344883 ], [ -83.370697694301214, 33.934559496379158, 0.000130833344883 ], [ -83.370695043672498, 33.934549324545571, 0.000130833344883 ], [ -83.370694299904585, 33.934538933328497, 0.000130833344883 ], [ -83.370695479077142, 33.934528570771349, 0.000130833344883 ], [ -83.3706985561941, 33.934518481947194, 0.000130833344883 ], [ -83.370796835882331, 33.934290683869442, 0.000130833344883 ], [ -83.370871374764789, 33.934030670532323, 0.000130833344883 ], [ -83.371002047936585, 33.933766249538976, 0.000130833344883 ], [ -83.371025068399831, 33.933728039805132, 0.000130833344883 ], [ -83.371054819947716, 33.933693208572407, 0.000130833344883 ], [ -83.371090604873075, 33.933662573585302, 0.000130833344883 ], [ -83.371131583616446, 33.933636853397481, 0.000130833344883 ], [ -83.371176794377263, 33.933616652171928, 0.000130833344883 ], [ -83.371225175986353, 33.93360244269887, 0.000130833344883 ], [ -83.371275592840306, 33.933594560246078, 0.000130833344883 ], [ -83.371326863156028, 33.933593188316323, 0.000130833344883 ], [ -83.371377783837687, 33.933598359709734, 0.000130833344883 ], [ -83.371427159720156, 33.933609952204669, 0.000130833344883 ], [ -83.371473830548965, 33.93362769504315, 0.000130833344883 ] ], [ [ -83.370619812076825, 33.939930522913343, 0.000130833344883 ], [ -83.370620709826994, 33.939931113854598, 0.000130833344883 ], [ -83.37061956433638, 33.9399311064481, 0.000130833344883 ], [ -83.370619812076825, 33.939930522913343, 0.000130833344883 ] ] ] } },
{ "type": "Feature", "properties": { "Type": "Multi-use Path", "Category": "Separated", "Status": "Existing", "RoadName": "River Road" }, "geometry": { "type": "LineString", "coordinates": [ [ -83.370433047220871, 33.939921312614537, 0.000130833344883 ], [ -83.370466832737819, 33.939965972639762, 0.000130833344883 ], [ -83.370475511611005, 33.940017555045266, 0.000130833344883 ], [ -83.370475723027297, 33.940240837852919, 0.000130833344883 ], [ -83.370480870184053, 33.940285200868033, 0.000130833344883 ], [ -83.370493182290389, 33.940328573380761, 0.000130833344883 ], [ -83.370512433141869, 33.940370156012833, 0.000130833344883 ], [ -83.370538267518825, 33.940409180106464, 0.000130833344883 ], [ -83.370602983516434, 33.940475114031891, 0.000130833344883 ], [ -83.370673527965991, 33.940536757039006, 0.000130833344883 ], [ -83.37074949098205, 33.940593750337221, 0.000130833344883 ], [ -83.370888319776526, 33.940684342246328, 0.000130833344883 ], [ -83.371095658212667, 33.940794459932398, 0.000130833344883 ], [ -83.371232854470804, 33.940814430523751, 0.000130833344883 ], [ -83.371522635797433, 33.940923171440019, 0.000130833344883 ], [ -83.37157928995471, 33.940955087820363, 0.000130833344883 ] ] } },
{ "type": "Feature", "properties": { "Type": "Off-Road Facility", "Category": "Separated", "Status": "Existing", "RoadName": "East Campus Road" }, "geometry": { "type": "MultiLineString", "coordinates": [ [ [ -83.381203773579827, 33.930378015343329, 0.000130833344883 ], [ -83.380506951009892, 33.930551329517982, 0.000130833344883 ] ], [ [ -83.380509030831774, 33.930550873063567, 0.000130833344883 ], [ -83.380506951009892, 33.930551329517982, 0.000130833344883 ] ], [ [ -83.380506951009892, 33.930551329517982, 0.000130833344883 ], [ -83.380504908570259, 33.930551837602209, 0.000130833344883 ] ], [ [ -83.380506951009892, 33.930551329517982, 0.000130833344883 ], [ -83.380317121305907, 33.930592999249875, 0.000130833344883 ], [ -83.378126719075013, 33.93112179024078, 0.000130833344883 ] ] ] } },
{ "type": "Feature", "properties": { "Type": "Multi-use Path", "Category": "Separated", "Status": "Existing", "RoadName": "River Road" }, "geometry": { "type": "LineString", "coordinates": [ [ -83.369500707299352, 33.944691619913961, 0.000130833344883 ], [ -83.369484566436554, 33.94460150451566, 0.000130833344883 ], [ -83.369446478138471, 33.944461147078641, 0.000130833344883 ], [ -83.369407224271896, 33.944336633948652, 0.000130833344883 ], [ -83.369369674907333, 33.944247795394141, 0.000130833344883 ], [ -83.369326705311721, 33.944157506216094, 0.000130833344883 ], [ -83.369267920120379, 33.94405154761845, 0.000130833344883 ], [ -83.369193765405484, 33.943954829071693, 0.000130833344883 ], [ -83.369082797619484, 33.943836077694918, 0.000130833344883 ], [ -83.368854978932433, 33.94361042496859, 0.000130833344883 ], [ -83.368597017572171, 33.943376084287102, 0.000130833344883 ], [ -83.36850036810425, 33.943287994737311, 0.000130833344883 ], [ -83.368396596112518, 33.943199009624792, 0.000130833344883 ], [ -83.368267602743074, 33.943083254748245, 0.000130833344883 ], [ -83.368177773516152, 33.942992378163325, 0.000130833344883 ], [ -83.368121700130274, 33.942923516566829, 0.000130833344883 ], [ -83.368077036638695, 33.942869446620399, 0.000130833344883 ], [ -83.368014690777812, 33.942781296101835, 0.000130833344883 ], [ -83.367970179657561, 33.942710810834299, 0.000130833344883 ], [ -83.367947428401777, 33.94267414947182, 0.000130833344883 ], [ -83.367891981966679, 33.942538207640965, 0.000130833344883 ], [ -83.367848309011549, 33.942450744391131, 0.000130833344883 ], [ -83.367826804210068, 33.942389748886264, 0.000130833344883 ], [ -83.367798832639238, 33.942293896261155, 0.000130833344883 ], [ -83.367777209277634, 33.942209123070683, 0.000130833344883 ], [ -83.36776070984061, 33.942121269912647, 0.000130833344883 ], [ -83.367747208059981, 33.942039663532356, 0.000130833344883 ], [ -83.367740720031748, 33.941970839520899, 0.000130833344883 ], [ -83.367736476644978, 33.941879669575343, 0.000130833344883 ], [ -83.367734081883484, 33.941808891316668, 0.000130833344883 ], [ -83.367738037871462, 33.941748910318367, 0.000130833344883 ], [ -83.367744867077704, 33.941672246786879, 0.000130833344883 ], [ -83.367759594412547, 33.941586294865971, 0.000130833344883 ], [ -83.367776380989525, 33.941528061470748, 0.000130833344883 ], [ -83.367628679541212, 33.941506928815372, 0.000130833344883 ], [ -83.367645282144565, 33.941461447329765, 0.000130833344883 ], [ -83.367632938707999, 33.941434650202943, 0.000130833344883 ], [ -83.367670873771658, 33.941295584376313, 0.000130833344883 ], [ -83.367748845185474, 33.941037504300688, 0.000130833344883 ], [ -83.367870517741125, 33.940758333553667, 0.000130833344883 ], [ -83.367932733028965, 33.940593662026821, 0.000130833344883 ], [ -83.368289418526459, 33.940157428892761, 0.000130833344883 ], [ -83.368441245168825, 33.939958987308358, 0.000130833344883 ], [ -83.368819944639483, 33.939432819411785, 0.000130833344883 ], [ -83.368847661063811, 33.939390110045181, 0.000130833344883 ], [ -83.368868114469507, 33.939344645210127, 0.000130833344883 ], [ -83.368880922646767, 33.939297276246158, 0.000130833344883 ], [ -83.368885844733015, 33.939248893274559, 0.000130833344883 ], [ -83.368882787903601, 33.939200403603202, 0.000130833344883 ], [ -83.36887553322299, 33.939119059576647, 0.000130833344883 ], [ -83.36882292189722, 33.938990856842445, 0.000130833344883 ], [ -83.368782280321398, 33.938929525583617, 0.000130833344883 ], [ -83.368655145242684, 33.938813243968781, 0.000130833344883 ], [ -83.368604649374944, 33.938752145404344, 0.000130833344883 ], [ -83.368560319318235, 33.938687808581122, 0.000130833344883 ], [ -83.368522450668777, 33.938620665483676, 0.000130833344883 ], [ -83.368491298830406, 33.938551165867388, 0.000130833344883 ], [ -83.368467071460174, 33.938479775406066, 0.000130833344883 ], [ -83.368453373284879, 33.93835277867128, 0.000130833344883 ], [ -83.368441221313574, 33.938182853386998, 0.000130833344883 ], [ -83.368447319724211, 33.93789739943476, 0.000130833344883 ], [ -83.368475750481664, 33.937672393590624, 0.000130833344883 ], [ -83.368595562051013, 33.93734645481733, 0.000130833344883 ], [ -83.368717196090643, 33.937070527605314, 0.000130833344883 ], [ -83.368858779428621, 33.936864957658585, 0.000130833344883 ], [ -83.368896648028425, 33.936732570826479, 0.000130833344883 ], [ -83.369057810946316, 33.936514149900205, 0.000130833344883 ], [ -83.369376113016855, 33.936079000663142, 0.000130833344883 ], [ -83.369559429187476, 33.935817212285762, 0.000130833344883 ], [ -83.369651311423411, 33.935662273375719, 0.000130833344883 ], [ -83.370134751855772, 33.935007045208401, 0.000130833344883 ], [ -83.370187062912407, 33.934923729753322, 0.000130833344883 ], [ -83.37018799670733, 33.934876065608286, 0.000130833344883 ], [ -83.370164125260601, 33.934823789810977, 0.000130833344883 ], [ -83.370255255666862, 33.934786548252795, 0.000130833344883 ], [ -83.370539440164379, 33.934886726099222, 0.000130833344883 ] ] } },
{ "type": "Feature", "properties": { "Type": "Multi-use Path", "Category": "Separated", "Status": "Existing", "RoadName": "River Road" }, "geometry": { "type": "LineString", "coordinates": [ [ -83.370433047220871, 33.939921312614537, 0.000130833344883 ], [ -83.370466832737819, 33.939965972639762, 0.000130833344883 ], [ -83.370475511611005, 33.940017555045266, 0.000130833344883 ], [ -83.370475723027297, 33.940240837852919, 0.000130833344883 ], [ -83.370480870184053, 33.940285200868033, 0.000130833344883 ], [ -83.370493182290389, 33.940328573380761, 0.000130833344883 ], [ -83.370512433141869, 33.940370156012833, 0.000130833344883 ], [ -83.370538267518825, 33.940409180106464, 0.000130833344883 ], [ -83.370602983516434, 33.940475114031891, 0.000130833344883 ], [ -83.370673527965991, 33.940536757039006, 0.000130833344883 ], [ -83.37074949098205, 33.940593750337221, 0.000130833344883 ], [ -83.370888319776526, 33.940684342246328, 0.000130833344883 ], [ -83.371095658212667, 33.940794459932398, 0.000130833344883 ], [ -83.371232854470804, 33.940814430523751, 0.000130833344883 ], [ -83.371522635797433, 33.940923171440019, 0.000130833344883 ], [ -83.37157928995471, 33.940955087820363, 0.000130833344883 ] ] } },
{ "type": "Feature", "properties": { "Type": "Off-Road Facility", "Category": "Separated", "Status": "Existing", "RoadName": "UGA Campus" }, "geometry": { "type": "LineString", "coordinates": [ [ -83.376854599821215, 33.951406251533292, 0.000458916678326 ], [ -83.376746728374869, 33.95134819261002, 0.000458916678326 ], [ -83.375292663953346, 33.951046988583784, 0.000458916678326 ], [ -83.37525806620107, 33.951141925104395, 0.000458916678326 ], [ -83.374811405448682, 33.951042333053188, 0.000458916678326 ], [ -83.374831091482875, 33.950973749058264, 0.000458916678326 ], [ -83.374368007426469, 33.950876921344033, 0.000458916678326 ], [ -83.374334587261941, 33.950978237659491, 0.000458916678326 ], [ -83.374307861667063, 33.950967846946298, 0.000458916678326 ], [ -83.374337256581029, 33.950855633285521, 0.000458916678326 ], [ -83.374274537963686, 33.950842456667004, 0.000458916678326 ], [ -83.374247633566043, 33.951016635901865, 0.000458916678326 ], [ -83.374210359511878, 33.951069403479622, 0.000458916678326 ], [ -83.374089976703303, 33.95107629290851, 0.000458916678326 ], [ -83.373890371811939, 33.951012178960028, 0.000458916678326 ], [ -83.37378372182981, 33.950962556145306, 0.000458916678326 ], [ -83.373689856641889, 33.950919800105957, 0.000458916678326 ], [ -83.373567519863556, 33.950889634371649, 0.000458916678326 ], [ -83.373417253052651, 33.950865343654854, 0.000458916678326 ], [ -83.373240148945442, 33.950821743406664, 0.000458916678326 ], [ -83.373086565384085, 33.950772854308113, 0.000458916678326 ], [ -83.372918500369224, 33.950709480369134, 0.000458916678326 ], [ -83.372764225923888, 33.950658372997786, 0.000458916678326 ], [ -83.372588574677067, 33.95059273536507, 0.000458916678326 ], [ -83.37239442510338, 33.950538475277284, 0.000458916678326 ], [ -83.372184865679387, 33.950493055654249, 0.000458916678326 ], [ -83.371990283273448, 33.950485412755967, 0.000458916678326 ], [ -83.371866705790296, 33.95050632895947, 0.000458916678326 ], [ -83.371773614965448, 33.950545325058052, 0.000130833344883 ], [ -83.371709411472509, 33.950609414223095, 0.000130833344883 ], [ -83.371667544301758, 33.950661513031513, 0.000130833344883 ], [ -83.371624755660093, 33.950730211463757, 0.000130833344883 ], [ -83.371572362008052, 33.950760528219583, 0.000130833344883 ], [ -83.371510801239893, 33.950869979200569, 0.000130833344883 ], [ -83.371487065069189, 33.95086100375962, 0.000130833344883 ] ] } },
{ "type": "Feature", "properties": { "Type": "Multi-use Trail", "Category": "Separated", "Status": "Existing", "RoadName": "ACCGov Leisure Services" }, "geometry": { "type": "LineString", "coordinates": [ [ -83.378156795239335, 33.922383753112001, 0.000130833344883 ], [ -83.378114593448601, 33.922429761132342, 0.000130833344883 ], [ -83.378077708533098, 33.922457673805262, 0.000130833344883 ], [ -83.378042109524245, 33.922470327903206, 0.000130833344883 ], [ -83.377997961104583, 33.922479109862522, 0.000130833344883 ], [ -83.377927470348467, 33.92248963177812, 0.000130833344883 ], [ -83.37785241937442, 33.922498215755162, 0.000130833344883 ], [ -83.37780312983233, 33.922506010819859, 0.000130833344883 ], [ -83.377750326426153, 33.922522371096875, 0.000130833344883 ], [ -83.377716431503003, 33.922536466856471, 0.000130833344883 ], [ -83.377634258128666, 33.92257267698573, 0.000130833344883 ], [ -83.377571052632064, 33.922599943011456, 0.000130833344883 ], [ -83.377502749987755, 33.922621452080215, 0.000130833344883 ], [ -83.377400080310878, 33.922646080379799, 0.000130833344883 ], [ -83.37722659557592, 33.922685402435633, 0.000130833344883 ], [ -83.377100409662205, 33.922715604890904, 0.000130833344883 ], [ -83.376454940929548, 33.922891569273794, 0.000130833344883 ], [ -83.37625413954477, 33.922945146574037, 0.000130833344883 ], [ -83.376192377330966, 33.922970990309082, 0.000130833344883 ], [ -83.376167857016341, 33.922992302714633, 0.000130833344883 ], [ -83.376154672700039, 33.923025614250832, 0.000130833344883 ], [ -83.3761500168265, 33.923064945518746, 0.000130833344883 ], [ -83.376155442468715, 33.923097183699696, 0.000130833344883 ], [ -83.376170805314956, 33.9231378362892, 0.000130833344883 ], [ -83.376218478955039, 33.923243103881688, 0.000130833344883 ], [ -83.376289536235291, 33.923409169469721, 0.000130833344883 ], [ -83.376425231718585, 33.923784743492739, 0.000130833344883 ], [ -83.376495147781441, 33.923960525386924, 0.000130833344883 ], [ -83.376560849913815, 33.924127931386124, 0.000130833344883 ], [ -83.376632384498805, 33.9242834465987, 0.000130833344883 ], [ -83.376868020492651, 33.924641588666923, 0.000130833344883 ] ] } },
{ "type": "Feature", "properties": { "Type": "Multi-use Trail", "Category": "Separated", "Status": "Existing", "RoadName": "ACCGov Leisure Services" }, "geometry": { "type": "LineString", "coordinates": [ [ -83.288040276112909, 33.973956033382038, 0.000130833344883 ], [ -83.287935071844274, 33.973937730115786, 0.000130833344883 ], [ -83.287884760411757, 33.973931389721521, 0.000130833344883 ], [ -83.287841818876899, 33.973930796351695, 0.000130833344883 ], [ -83.287778072918158, 33.973931772801222, 0.000130833344883 ], [ -83.287716930985155, 33.973930191087234, 0.000130833344883 ], [ -83.287672808270656, 33.973927442547534, 0.000130833344883 ], [ -83.287634895764967, 33.973922304975609, 0.000130833344883 ], [ -83.287544561291753, 33.973902766938288, 0.000130833344883 ], [ -83.287024096910258, 33.973793404381219, 0.000130833344883 ], [ -83.287091672033, 33.973559598805551, 0.000130833344883 ], [ -83.287121014312319, 33.973462840349384, 0.000130833344883 ], [ -83.28713526137129, 33.973413921192936, 0.000130833344883 ], [ -83.287142145042608, 33.973371032401197, 0.000130833344883 ], [ -83.287139654826774, 33.973320919828389, 0.000130833344883 ], [ -83.287129849140285, 33.973272186686224, 0.000130833344883 ], [ -83.287110581177231, 33.973224816727168, 0.000130833344883 ], [ -83.287081438697754, 33.973177019157035, 0.000130833344883 ], [ -83.287051323962174, 33.97314030593077, 0.000130833344883 ], [ -83.286988337593357, 33.973084394678175, 0.000130833344883 ], [ -83.286907031068893, 33.97301403885541, 0.000130833344883 ], [ -83.286769107514544, 33.972894973035999, 0.000130833344883 ], [ -83.286634152373495, 33.972779506682727, 0.000130833344883 ], [ -83.286510274934159, 33.972672706111616, 0.000130833344883 ], [ -83.2863732179256, 33.97255293109226, 0.000130833344883 ], [ -83.286179961176074, 33.972385520679047, 0.000130833344883 ], [ -83.286091411740074, 33.97230974536123, 0.000130833344883 ], [ -83.2860582880772, 33.972273369193026, 0.000130833344883 ], [ -83.286032046576068, 33.972235968478209, 0.000130833344883 ], [ -83.286010476636804, 33.972203610396562, 0.000130833344883 ], [ -83.285983331763873, 33.972170496555144, 0.000130833344883 ], [ -83.285951040449504, 33.972136630918541, 0.000130833344883 ], [ -83.285592294694183, 33.971816678781245, 0.000130833344883 ], [ -83.285322906916562, 33.971577517435783, 0.000130833344883 ], [ -83.285019519121718, 33.971303760623385, 0.000130833344883 ], [ -83.284852734859982, 33.971151924247394, 0.000130833344883 ], [ -83.284725555800762, 33.971032575214181, 0.000130833344883 ], [ -83.284639611251777, 33.97095431292307, 0.000130833344883 ], [ -83.284519314810552, 33.970833940121636, 0.000130833344883 ], [ -83.284244099057631, 33.97058161388253, 0.000130833344883 ], [ -83.283512414376801, 33.969899469351155, 0.000130833344883 ], [ -83.283435898810012, 33.969828693036035, 0.000130833344883 ], [ -83.283395021347062, 33.969794765109015, 0.000130833344883 ], [ -83.283317457490412, 33.969736957713934, 0.000130833344883 ], [ -83.283233903137358, 33.969676959690482, 0.000130833344883 ], [ -83.283028487561864, 33.969523770644088, 0.000130833344883 ], [ -83.282898911340496, 33.969429092436172, 0.000130833344883 ], [ -83.282799180302277, 33.96935538114014, 0.000130833344883 ], [ -83.282709115643044, 33.969283674900524, 0.000130833344883 ], [ -83.282528294256764, 33.969130222608435, 0.000130833344883 ], [ -83.282230148317041, 33.968860129111022, 0.000130833344883 ], [ -83.281857381435046, 33.968528257327783, 0.000130833344883 ], [ -83.281708753163372, 33.968393603445612, 0.000130833344883 ], [ -83.281534528688098, 33.968242543967712, 0.000130833344883 ], [ -83.281355812598775, 33.968082865234408, 0.000130833344883 ], [ -83.281185542723676, 33.967937081842592, 0.000130833344883 ], [ -83.281056160260832, 33.967824035104449, 0.000130833344883 ], [ -83.280884955143449, 33.967678903628354, 0.000130833344883 ], [ -83.280713342449488, 33.967531496986503, 0.000130833344883 ], [ -83.280456265002101, 33.967308753111276, 0.000130833344883 ], [ -83.280242850014162, 33.967127353448291, 0.000130833344883 ], [ -83.280078288940288, 33.966983518310172, 0.000130833344883 ], [ -83.279894376271244, 33.966828570320821, 0.000130833344883 ], [ -83.279714496705395, 33.966671265530103, 0.000130833344883 ], [ -83.279409444756411, 33.966411730739772, 0.000130833344883 ], [ -83.279282022452946, 33.966301265799331, 0.000130833344883 ], [ -83.279255952452488, 33.966275315017, 0.000130833344883 ], [ -83.279234493299143, 33.966246534943593, 0.000130833344883 ], [ -83.279219342277202, 33.966216845575211, 0.000130833344883 ], [ -83.279202562266434, 33.966178557758568, 0.000130833344883 ], [ -83.279177253000228, 33.966134482463914, 0.000130833344883 ], [ -83.279122271164951, 33.966080652600183, 0.000130833344883 ], [ -83.278965550840923, 33.965954046829971, 0.000130833344883 ], [ -83.278581881560228, 33.965626857742485, 0.000130833344883 ], [ -83.278310048695687, 33.96539255370395, 0.000130833344883 ], [ -83.277661364980801, 33.964836830530146, 0.000130833344883 ], [ -83.277626862266047, 33.964796028882958, 0.000130833344883 ], [ -83.277600483952071, 33.964744789658468, 0.000130833344883 ], [ -83.27757682954028, 33.964706928898266, 0.000130833344883 ], [ -83.277469877435962, 33.964614800360771, 0.000130833344883 ], [ -83.277355490377801, 33.964517833292618, 0.000130833344883 ], [ -83.276709721512191, 33.96396116961715, 0.000130833344883 ], [ -83.276061285521422, 33.963403538415307, 0.000130833344883 ], [ -83.275726044019308, 33.963118787748421, 0.000130833344883 ], [ -83.275653413628078, 33.963055673885862, 0.000130833344883 ], [ -83.275456443122238, 33.962901887898049, 0.000130833344883 ], [ -83.275128487272156, 33.962653564644206, 0.000130833344883 ], [ -83.27485869139251, 33.962465482165854, 0.000130833344883 ], [ -83.274631602575113, 33.96231315628107, 0.000130833344883 ], [ -83.274413924198115, 33.962179125557974, 0.000130833344883 ], [ -83.274171163355405, 33.962028732714494, 0.000130833344883 ], [ -83.273923624913223, 33.961882617025239, 0.000130833344883 ], [ -83.273688035415887, 33.961757461046183, 0.000130833344883 ], [ -83.273461681478182, 33.96163893158139, 0.000130833344883 ], [ -83.273097794500217, 33.961463345377176, 0.000130833344883 ], [ -83.272562068988378, 33.9612262767711, 0.000130833344883 ], [ -83.272005713451307, 33.960992975083393, 0.000130833344883 ], [ -83.27140783736246, 33.960743877848415, 0.000130833344883 ], [ -83.270764214259358, 33.960474428643138, 0.000130833344883 ], [ -83.270848733513674, 33.960339740198464, 0.000130833344883 ] ] } },
{ "type": "Feature", "properties": { "Type": "Off-Road Facility", "Category": "Separated", "Status": "Existing", "RoadName": "UGA Campus" }, "geometry": { "type": "LineString", "coordinates": [ [ -83.372255713488258, 33.939041681994787, 0.000130833344883 ], [ -83.372747172206573, 33.939201999649953, 0.000130833344883 ] ] } },
{ "type": "Feature", "properties": { "Type": "Off-Road Facility", "Category": "Separated", "Status": "Existing", "RoadName": "UGA Campus" }, "geometry": { "type": "LineString", "coordinates": [ [ -83.371866705790296, 33.95050632895947, 0.000458916678326 ], [ -83.371826089758287, 33.950473793187925, 0.000458916678326 ], [ -83.37179866281727, 33.950447310230373, 0.000458916678326 ], [ -83.371784199590479, 33.950419119506819, 0.000458916678326 ], [ -83.371788031536568, 33.950382004814912, 0.000458916678326 ], [ -83.371881863681068, 33.950168169715084, 0.000130833344883 ], [ -83.371861595780032, 33.950122807594319, 0.000130833344883 ] ] } },
{ "type": "Feature", "properties": { "Type": "Sharrows", "Category": "Delineated", "Status": "Existing", "RoadName": "Oglethorpe Avenue" }, "geometry": { "type": "LineString", "coordinates": [ [ -83.420297245244129, 33.962151917414971, 0.000130833344883 ], [ -83.420180287127408, 33.962148581755343, 0.000130833344883 ], [ -83.419503465812227, 33.962077634955861, 0.000130833344883 ], [ -83.419141230951581, 33.962066607904426, 0.000130833344883 ], [ -83.418610146926625, 33.962049004331767, 0.000130833344883 ], [ -83.418540291196251, 33.962041265077154, 0.000130833344883 ], [ -83.418445350903227, 33.962029085292784, 0.000130833344883 ], [ -83.418348299906128, 33.962015883714365, 0.000130833344883 ], [ -83.418191499040674, 33.961981636968318, 0.000130833344883 ], [ -83.418131362810854, 33.961966159569982, 0.000130833344883 ] ] } },
{ "type": "Feature", "properties": { "Type": "Sharrows", "Category": "Delineated", "Status": "Existing", "RoadName": "Oglethorpe Avenue" }, "geometry": { "type": "LineString", "coordinates": [ [ -83.41795232559204, 33.961988962028052, 0.000130833344883 ], [ -83.418101182206698, 33.962029010328664, 0.000130833344883 ], [ -83.418225368835976, 33.962054483771304, 0.000130833344883 ], [ -83.41840790450658, 33.962088130491097, 0.000130833344883 ], [ -83.418591104753929, 33.962114971211584, 0.000130833344883 ], [ -83.418725118692535, 33.962124361673027, 0.000130833344883 ], [ -83.418937270930428, 33.962128929829959, 0.000130833344883 ], [ -83.419364622694516, 33.962135812424187, 0.000130833344883 ], [ -83.419525893928466, 33.962143602180916, 0.000130833344883 ], [ -83.419684720632674, 33.962153898659857, 0.000130833344883 ], [ -83.419790291145475, 33.962162105543335, 0.000130833344883 ], [ -83.419957828678335, 33.962180273187023, 0.000130833344883 ], [ -83.420191916245926, 33.962203384693751, 0.000130833344883 ], [ -83.420393134783339, 33.962230891908774, 0.000130833344883 ] ] } },
{ "type": "Feature", "properties": { "Type": "Sharrows", "Category": "Delineated", "Status": null, "RoadName": "Oglethorpe Avenue" }, "geometry": { "type": "LineString", "coordinates": [ [ -83.415363994367766, 33.961821001672817, 0.000130833344883 ], [ -83.415260888326415, 33.961836564043324, 0.000130833344883 ], [ -83.414346311317814, 33.962035516257174, 0.000130833344883 ], [ -83.413941617091893, 33.962124078914236, 0.000130833344883 ], [ -83.413747763469544, 33.96217057958998, 0.000130833344883 ], [ -83.413446409254576, 33.962232580552509, 0.000130833344883 ], [ -83.413203841791159, 33.962278782237746, 0.000130833344883 ], [ -83.412963747004412, 33.962312781038186, 0.000130833344883 ], [ -83.412759696862778, 33.962335571513073, 0.000130833344883 ], [ -83.412571315499292, 33.962351363883087, 0.000130833344883 ], [ -83.412368756677125, 33.962365887083259, 0.000130833344883 ], [ -83.411957213736386, 33.962388443956897, 0.000130833344883 ] ] } },
{ "type": "Feature", "properties": { "Type": "Sharrows", "Category": "Delineated", "Status": null, "RoadName": "Oglethorpe Avenue" }, "geometry": { "type": "LineString", "coordinates": [ [ -83.411952220585604, 33.962326039033535, 0.000130833344883 ], [ -83.412509832923192, 33.962297389909914, 0.000130833344883 ], [ -83.412743164741968, 33.962279508096408, 0.000130833344883 ], [ -83.412871446933721, 33.962267288282511, 0.000130833344883 ], [ -83.412995500445419, 33.962251889554324, 0.000130833344883 ], [ -83.413216708164256, 33.96221422818698, 0.000130833344883 ], [ -83.413346548691948, 33.962186253886237, 0.000130833344883 ], [ -83.413748875156713, 33.962098071805954, 0.000130833344883 ], [ -83.414701782861314, 33.961896994250907, 0.000130833344883 ], [ -83.414994125089464, 33.961837694046359, 0.000130833344883 ], [ -83.41514338203153, 33.961806683530753, 0.000130833344883 ], [ -83.415267853420048, 33.961771450807291, 0.000130833344883 ] ] } },
{ "type": "Feature", "properties": { "Type": "Sharrows", "Category": "Delineated", "Status": "Existing", "RoadName": "Oglethorpe Avenue" }, "geometry": { "type": "LineString", "coordinates": [ [ -83.402235674340886, 33.963101780988474, 0.000130833344883 ], [ -83.402165728669971, 33.963174685997799, 0.000130833344883 ], [ -83.401715173899007, 33.963629043667048, 0.000130833344883 ] ] } },
{ "type": "Feature", "properties": { "Type": "Sharrows", "Category": "Delineated", "Status": "Existing", "RoadName": "Oglethorpe Avenue" }, "geometry": { "type": "LineString", "coordinates": [ [ -83.401764011475862, 33.96366836287465, 0.000130833344883 ], [ -83.401982583643189, 33.96345060070368, 0.000130833344883 ], [ -83.402159658135702, 33.963271596953156, 0.000130833344883 ], [ -83.402257501238736, 33.963172891126163, 0.000130833344883 ], [ -83.402343446287873, 33.963082387986084, 0.000130833344883 ], [ -83.402393528561376, 33.963035406650995, 0.000130833344883 ], [ -83.402486295378012, 33.962975290800642, 0.000130833344883 ], [ -83.40257754846057, 33.962925806123096, 0.000130833344883 ], [ -83.402678702210878, 33.962879930616374, 0.000130833344883 ], [ -83.402791484792502, 33.962855802481492, 0.000130833344883 ], [ -83.402916284015632, 33.962848174998854, 0.000130833344883 ] ] } },
{ "type": "Feature", "properties": { "Type": "Multi-use Trail", "Category": "Separated", "Status": "Existing", "RoadName": "ACCGov Leisure Services" }, "geometry": { "type": "LineString", "coordinates": [ [ -83.368972063619282, 33.957914176052206, 0.000130833344883 ], [ -83.368995934087053, 33.957877640361957, 0.000130833344883 ], [ -83.369008069862858, 33.957838289576458, 0.000130833344883 ], [ -83.369008647204424, 33.957802744348328, 0.000130833344883 ], [ -83.368996227967997, 33.957767319557057, 0.000130833344883 ], [ -83.368970286100989, 33.957736097815939, 0.000130833344883 ], [ -83.368794527729008, 33.957549044437684, 0.000130833344883 ], [ -83.368779972772373, 33.957532401321025, 0.000130833344883 ], [ -83.368767640964009, 33.957513934262828, 0.000130833344883 ], [ -83.368759237830588, 33.957494879586761, 0.000130833344883 ], [ -83.3687580239216, 33.95746729103935, 0.000130833344883 ], [ -83.36875906284321, 33.957434814224683, 0.000130833344883 ], [ -83.368751078864591, 33.957397170484086, 0.000130833344883 ], [ -83.368729750875332, 33.957370677712376, 0.000130833344883 ], [ -83.368698447342879, 33.957335947311606, 0.000130833344883 ], [ -83.368665861905498, 33.957307338533333, 0.000130833344883 ], [ -83.368635189190329, 33.957283849680721, 0.000130833344883 ], [ -83.36860027383868, 33.95726850446367, 0.000130833344883 ], [ -83.368553826565758, 33.957253902208961, 0.000130833344883 ], [ -83.368501714043845, 33.957242327720138, 0.000130833344883 ], [ -83.368458842208611, 33.957238780525664, 0.000130833344883 ], [ -83.368416659184717, 33.957240141556085, 0.000130833344883 ], [ -83.368367572574343, 33.957245748486301, 0.000130833344883 ], [ -83.368331184266367, 33.957256749051503, 0.000130833344883 ], [ -83.368304557494227, 33.9572727157922, 0.000130833344883 ], [ -83.368275071804902, 33.95729602009262, 0.000130833344883 ] ] } },
{ "type": "Feature", "properties": { "Type": "Multi-use Trail", "Category": "Separated", "Status": "Existing", "RoadName": "ACCGov Leisure Services" }, "geometry": { "type": "LineString", "coordinates": [ [ -83.368908037521251, 33.957058908821011, 0.000458916678326 ], [ -83.368842304859371, 33.957105814686848, 0.000458916678326 ], [ -83.368838467331415, 33.957122951665752, 0.000458916678326 ], [ -83.368642112566164, 33.957251410116442, 0.000458916678326 ], [ -83.368610934966412, 33.957273189751547, 0.000458916678326 ] ] } },
{ "type": "Feature", "properties": { "Type": "Multi-use Path", "Category": "Separated", "Status": "Existing", "RoadName": "Hwy 29" }, "geometry": { "type": "LineString", "coordinates": [ [ -83.362256615123542, 33.980736647697398, 0.000130833344883 ], [ -83.362238935776176, 33.980754764083912, 0.000130833344883 ], [ -83.362151766497718, 33.980901143527781, 0.000130833344883 ], [ -83.36208140665174, 33.98102867237079, 0.000130833344883 ], [ -83.362002669856295, 33.981176765764012, 0.000130833344883 ], [ -83.361826161883513, 33.981423097048705, 0.000130833344883 ], [ -83.36163571144003, 33.981674677865072, 0.000130833344883 ], [ -83.361258154303385, 33.982162726347923, 0.000130833344883 ], [ -83.361009333699343, 33.982484252599782, 0.000130833344883 ], [ -83.360976670518227, 33.982508811720827, 0.000130833344883 ], [ -83.360938819271453, 33.982530806997524, 0.000130833344883 ], [ -83.360920715821067, 33.98254746163402, 0.000130833344883 ], [ -83.360763339563178, 33.982757922389006, 0.000130833344883 ], [ -83.360707246940407, 33.982811157224617, 0.000130833344883 ], [ -83.360638337073439, 33.982877434322646, 0.000130833344883 ], [ -83.360590133132845, 33.982929627150789, 0.000130833344883 ], [ -83.360533455053783, 33.982998537623189, 0.000130833344883 ], [ -83.360476703508454, 33.983075104791858, 0.000130833344883 ], [ -83.360429626180775, 33.983146994762677, 0.000130833344883 ], [ -83.360370979884237, 33.98323886477521, 0.000130833344883 ], [ -83.360291855532978, 33.983367063561154, 0.000130833344883 ], [ -83.36023189855797, 33.983458560669625, 0.000130833344883 ], [ -83.360119566808038, 33.98362665252484, 0.000130833344883 ], [ -83.360054850851341, 33.983712283253901, 0.000130833344883 ], [ -83.360004053970911, 33.983760811908844, 0.000130833344883 ], [ -83.360007170239086, 33.983801672563722, 0.000130833344883 ], [ -83.359811676033502, 33.984108146676945, 0.000130833344883 ], [ -83.359778214093936, 33.984128711593833, 0.000130833344883 ], [ -83.359760309532291, 33.984170528025601, 0.000130833344883 ], [ -83.359645582168383, 33.984350838278417, 0.000130833344883 ], [ -83.359544342502289, 33.984558911194306, 0.000130833344883 ], [ -83.359509088444483, 33.984630149857004, 0.000130833344883 ], [ -83.359447754929548, 33.984728200193196, 0.000130833344883 ], [ -83.359349546918764, 33.984883621942565, 0.000130833344883 ], [ -83.359255296229136, 33.985037245659733, 0.000130833344883 ], [ -83.359123329478706, 33.985244589118913, 0.000130833344883 ], [ -83.358953556457536, 33.985515131812505, 0.000130833344883 ], [ -83.358807295407715, 33.98575264562632, 0.000130833344883 ], [ -83.358605987950313, 33.9860711130044, 0.000130833344883 ], [ -83.358464185515672, 33.986299904828563, 0.000130833344883 ], [ -83.358373087615803, 33.986443704064364, 0.000130833344883 ], [ -83.358250877647109, 33.986637254075923, 0.000130833344883 ], [ -83.358232793503362, 33.986651721165693, 0.000130833344883 ], [ -83.358190523990984, 33.986677696800626, 0.000130833344883 ], [ -83.358173305021495, 33.98669326319451, 0.000130833344883 ], [ -83.358125772657175, 33.986766608894037, 0.000130833344883 ], [ -83.3580995333527, 33.986810192394969, 0.000130833344883 ], [ -83.357980123629304, 33.987031473574191, 0.000130833344883 ], [ -83.35795656154562, 33.987069605597263, 0.000130833344883 ], [ -83.357859855369227, 33.987204616732427, 0.000130833344883 ], [ -83.35779333491088, 33.987295339119584, 0.000130833344883 ], [ -83.357689032611759, 33.987400398962549, 0.000130833344883 ], [ -83.357604551780796, 33.987492461918968, 0.000130833344883 ], [ -83.357558972396234, 33.987544305600622, 0.000130833344883 ], [ -83.357458353231394, 33.987676372223248, 0.000130833344883 ], [ -83.357344471154292, 33.987822208941175, 0.000130833344883 ], [ -83.357289185294135, 33.987882011008082, 0.000130833344883 ], [ -83.357234910831906, 33.9879275980351, 0.000130833344883 ], [ -83.357199905794047, 33.987972218189242, 0.000130833344883 ], [ -83.356995486950538, 33.988248364205532, 0.000130833344883 ], [ -83.356968075574855, 33.988276990484195, 0.000130833344883 ], [ -83.356939153166124, 33.988326391145456, 0.000130833344883 ], [ -83.356856872811505, 33.988417009272112, 0.000130833344883 ], [ -83.356815646095768, 33.988471433711275, 0.000130833344883 ], [ -83.356721648604676, 33.988597345757235, 0.000130833344883 ], [ -83.356663567744434, 33.988674995917897, 0.000130833344883 ], [ -83.356525944382213, 33.988831249362008, 0.000130833344883 ], [ -83.356115904404476, 33.989278513654099, 0.000130833344883 ], [ -83.355934540982744, 33.989477141415286, 0.000130833344883 ], [ -83.355875641006719, 33.989548587361575, 0.000130833344883 ], [ -83.355802943588827, 33.98964400845383, 0.000130833344883 ], [ -83.355730481073408, 33.989749207877637, 0.000130833344883 ], [ -83.355662468148537, 33.989852453993215, 0.000130833344883 ], [ -83.355597767950442, 33.989967117087424, 0.000130833344883 ], [ -83.355555946483364, 33.990049454853086, 0.000130833344883 ], [ -83.355508441673066, 33.990153975687264, 0.000130833344883 ], [ -83.355468028922559, 33.990246373617971, 0.000130833344883 ], [ -83.355431689023533, 33.990339116649878, 0.000130833344883 ], [ -83.355392146418424, 33.990446424451456, 0.000130833344883 ], [ -83.355368053092022, 33.990540342744225, 0.000130833344883 ], [ -83.355336719345758, 33.990659008773434, 0.000130833344883 ], [ -83.355313827838359, 33.990764603336892, 0.000130833344883 ], [ -83.355299701503583, 33.990869161171432, 0.000130833344883 ], [ -83.355289448900521, 33.990980673258086, 0.000130833344883 ], [ -83.355276340743529, 33.991116232612448, 0.000130833344883 ], [ -83.355232010108395, 33.991542933465368, 0.000130833344883 ], [ -83.355193729339376, 33.991839862568746, 0.000130833344883 ], [ -83.355147083482663, 33.992049587126623, 0.000130833344883 ], [ -83.355091959754247, 33.992230084839527, 0.000130833344883 ], [ -83.354982820895799, 33.992522344980365, 0.000130833344883 ], [ -83.354929656017035, 33.992633033822095, 0.000130833344883 ], [ -83.354840842614081, 33.992811486093814, 0.000130833344883 ], [ -83.354723948986546, 33.993042624811324, 0.000130833344883 ], [ -83.354631083982952, 33.993232718527629, 0.000130833344883 ], [ -83.354488017740394, 33.993525600804368, 0.000130833344883 ], [ -83.354435952154631, 33.993634721587711, 0.000130833344883 ] ] } },
{ "type": "Feature", "properties": { "Type": "Multi-use Trail", "Category": "Separated", "Status": "Funded", "RoadName": "ACCGov Leisure Services" }, "geometry": { "type": "LineString", "coordinates": [ [ -83.36708514223605, 33.949554534188252, 0.000130833344883 ], [ -83.36712054565821, 33.949282258688797, 0.000130833344883 ], [ -83.367164101947452, 33.949200495482238, 0.000130833344883 ], [ -83.36721389858522, 33.949121244960466, 0.000130833344883 ], [ -83.367269725844082, 33.949044836639537, 0.000130833344883 ], [ -83.367331353538162, 33.948971589984666, 0.000130833344883 ], [ -83.367398523501492, 33.948901808951895, 0.000130833344883 ], [ -83.367470954963338, 33.948835785629598, 0.000130833344883 ], [ -83.36754834785259, 33.948773793948924, 0.000130833344883 ], [ -83.367630378437056, 33.948716093262107, 0.000130833344883 ], [ -83.367716705856211, 33.948662923876995, 0.000130833344883 ], [ -83.367767907059928, 33.948640859631169, 0.000130833344883 ], [ -83.367822432751211, 33.948625279575552, 0.000130833344883 ], [ -83.367879108171209, 33.94861651868942, 0.000130833344883 ], [ -83.367936711239366, 33.948614766490117, 0.000130833344883 ], [ -83.367994001827526, 33.948620060010413, 0.000130833344883 ], [ -83.368049745549143, 33.948632284854504, 0.000130833344883 ], [ -83.368625238340684, 33.948692671467192, 0.000130833344883 ], [ -83.368701805735768, 33.948700014531546, 0.000130833344883 ], [ -83.368778855494455, 33.948701577839373, 0.000130833344883 ], [ -83.368855761333322, 33.948697348314845, 0.000130833344883 ], [ -83.368931896531478, 33.94868735976376, 0.000130833344883 ], [ -83.369006641478506, 33.948671695627347, 0.000130833344883 ], [ -83.369079389151295, 33.948650481804791, 0.000130833344883 ], [ -83.369149547244433, 33.948623890273467, 0.000130833344883 ], [ -83.369216544661441, 33.948592139130618, 0.000130833344883 ], [ -83.369297420470517, 33.948547108081186, 0.000130833344883 ], [ -83.36937430613618, 33.948497459307006, 0.000130833344883 ], [ -83.369446822890097, 33.948443437399753, 0.000130833344883 ], [ -83.369514614474213, 33.948385309637246, 0.000130833344883 ], [ -83.369577345019337, 33.948323361461497, 0.000130833344883 ], [ -83.36963470768255, 33.948257898337715, 0.000130833344883 ], [ -83.369670606252001, 33.948192580226625, 0.000130833344883 ], [ -83.369699790514943, 33.948124978169794, 0.000130833344883 ], [ -83.369722051550468, 33.948055571370119, 0.000130833344883 ], [ -83.36973723334583, 33.947984850191268, 0.000130833344883 ], [ -83.369745227395583, 33.947913315220902, 0.000130833344883 ], [ -83.369745978143314, 33.947841473699434, 0.000130833344883 ], [ -83.369739479786205, 33.947769834089677, 0.000130833344883 ], [ -83.369725778463106, 33.947698903386346, 0.000130833344883 ], [ -83.369704971205763, 33.947629183502734, 0.000130833344883 ], [ -83.369676018655923, 33.94757410870006, 0.000130833344883 ], [ -83.369640511807475, 33.947521766567888, 0.000130833344883 ], [ -83.369598815633012, 33.947472695913355, 0.000130833344883 ], [ -83.369551361383827, 33.947427404416516, 0.000130833344883 ], [ -83.369498638027935, 33.947386358657553, 0.000130833344883 ], [ -83.369441190103231, 33.947349982299912, 0.000130833344883 ], [ -83.369379610187238, 33.947318651534111, 0.000130833344883 ], [ -83.369314534628984, 33.947292688739047, 0.000130833344883 ], [ -83.368566525363264, 33.946933001331331, 0.000130833344883 ], [ -83.368504973824798, 33.94691596511975, 0.000130833344883 ], [ -83.368446636225201, 33.946892343722915, 0.000130833344883 ], [ -83.368392522420933, 33.946862546707209, 0.000130833344883 ], [ -83.368343568793222, 33.946827089552308, 0.000130833344883 ], [ -83.36830062101501, 33.946786585424398, 0.000130833344883 ], [ -83.368264422244195, 33.94674173518159, 0.000130833344883 ], [ -83.368235598113756, 33.946693312850449, 0.000130833344883 ], [ -83.368214648154037, 33.946642157455422, 0.000130833344883 ], [ -83.368201934071124, 33.946589154008961, 0.000130833344883 ], [ -83.368197675572361, 33.946535217255281, 0.000130833344883 ], [ -83.368201946133297, 33.946481281725234, 0.000130833344883 ], [ -83.368214672127678, 33.946428279190549, 0.000130833344883 ], [ -83.368235632929995, 33.946377127845651, 0.000130833344883 ], [ -83.368264467617621, 33.946328709811254, 0.000130833344883 ], [ -83.368499072221013, 33.945726705353366, 0.000130833344883 ], [ -83.368528454855522, 33.945634841978801, 0.000130833344883 ], [ -83.368551158637445, 33.945541672159571, 0.000130833344883 ], [ -83.368567099292903, 33.945447534353349, 0.000130833344883 ], [ -83.368576221756229, 33.945352767206103, 0.000130833344883 ], [ -83.368578491465058, 33.945257714905203, 0.000130833344883 ], [ -83.368573899827638, 33.945162720903681, 0.000130833344883 ], [ -83.368562465304009, 33.945068127927229, 0.000130833344883 ], [ -83.368541178518498, 33.944985391981831, 0.000130833344883 ], [ -83.36851372012535, 33.944903928743742, 0.000130833344883 ], [ -83.368480198580642, 33.944824058077288, 0.000130833344883 ], [ -83.368440745131039, 33.944746091879431, 0.000130833344883 ], [ -83.368395513788329, 33.944670336784441, 0.000130833344883 ], [ -83.368344681379583, 33.944597088754819, 0.000130833344883 ], [ -83.368288448595052, 33.944526636694555, 0.000130833344883 ], [ -83.368255638677937, 33.944480192757027, 0.000130833344883 ], [ -83.368228472807417, 33.944431284387662, 0.000130833344883 ], [ -83.368207212686713, 33.944380383920695, 0.000130833344883 ], [ -83.368192066785241, 33.944327987687608, 0.000130833344883 ], [ -83.368183180721346, 33.944274603332161, 0.000130833344883 ], [ -83.368180641598073, 33.9442207489369, 0.000130833344883 ], [ -83.368184472645737, 33.944166947578687, 0.000130833344883 ], [ -83.368171755257592, 33.944108775237595, 0.000130833344883 ], [ -83.368151999847555, 33.944051984472068, 0.000130833344883 ], [ -83.368125410802364, 33.943997163543862, 0.000130833344883 ], [ -83.368092265150523, 33.94394488315303, 0.000130833344883 ], [ -83.368052907253983, 33.943895685584543, 0.000130833344883 ], [ -83.368007745579519, 33.943850082884396, 0.000130833344883 ], [ -83.367957249545782, 33.943808546921971, 0.000130833344883 ], [ -83.367901943015994, 33.943771511151184, 0.000130833344883 ], [ -83.367795979947303, 33.943698329832706, 0.000130833344883 ], [ -83.367694683310219, 33.943620693265991, 0.000130833344883 ], [ -83.367598322680735, 33.943538810579312, 0.000130833344883 ], [ -83.367507152428345, 33.943452897113687, 0.000130833344883 ], [ -83.367421415967257, 33.943363182564582, 0.000130833344883 ], [ -83.367341340415095, 33.943269903734496, 0.000130833344883 ], [ -83.367179211259526, 33.943060666937221, 0.000130833344883 ] ] } },
{ "type": "Feature", "properties": { "Type": "Multi-use Trail", "Category": "Separated", "Status": "Funded", "RoadName": "ACCGov Leisure Services" }, "geometry": { "type": "LineString", "coordinates": [ [ -83.367165732856876, 33.950159149148909, 0.000130833344883 ], [ -83.367118297593123, 33.949950435464316, 0.000130833344883 ], [ -83.367088749383285, 33.949602284478836, 0.000130833344883 ], [ -83.367079872037451, 33.949595070853398, 0.000130833344883 ], [ -83.36708514223605, 33.949554534188252, 0.000130833344883 ] ] } },
{ "type": "Feature", "properties": { "Type": "Sharrows", "Category": "Delineated", "Status": "Existing", "RoadName": "South Rocksprings Street" }, "geometry": { "type": "LineString", "coordinates": [ [ -83.393280351768141, 33.952784404672443, 0.000130833344883 ], [ -83.393360606724329, 33.953031194575971, 0.000130833344883 ], [ -83.393509469186881, 33.953480619261548, 0.000130833344883 ] ] } },
{ "type": "Feature", "properties": { "Type": "Sharrows", "Category": "Delineated", "Status": "Existing", "RoadName": "South Rocksprings Street" }, "geometry": { "type": "LineString", "coordinates": [ [ -83.392569972402967, 33.950663922099601, 0.000130833344883 ], [ -83.392726264748731, 33.951135575660921, 0.000130833344883 ], [ -83.392900608734138, 33.951650645291075, 0.000130833344883 ], [ -83.393002681603534, 33.951948193681055, 0.000130833344883 ] ] } },
{ "type": "Feature", "properties": { "Type": "Sharrows", "Category": "Delineated", "Status": "Existing", "RoadName": "South Rocksprings Street" }, "geometry": { "type": "LineString", "coordinates": [ [ -83.391794197949096, 33.948372167891435, 0.000130833344883 ], [ -83.391822361058985, 33.948408880606188, 0.000130833344883 ], [ -83.391946914365306, 33.948777889644781, 0.000130833344883 ] ] } },
{ "type": "Feature", "properties": { "Type": "Sharrows", "Category": "Delineated", "Status": "Existing", "RoadName": "South Rocksprings Street" }, "geometry": { "type": "LineString", "coordinates": [ [ -83.393615416575287, 33.953465045107649, 0.000130833344883 ], [ -83.393572016866543, 33.95336132058106, 0.000130833344883 ], [ -83.393445473334154, 33.95298384927888, 0.000130833344883 ], [ -83.393379530420148, 33.95276208120481, 0.000130833344883 ] ] } },
{ "type": "Feature", "properties": { "Type": "Sharrows", "Category": "Delineated", "Status": "Existing", "RoadName": "South Rocksprings Street" }, "geometry": { "type": "LineString", "coordinates": [ [ -83.393106950617351, 33.951968685913698, 0.000130833344883 ], [ -83.392659564057027, 33.950643313243603, 0.000130833344883 ] ] } },
{ "type": "Feature", "properties": { "Type": "Sharrows", "Category": "Delineated", "Status": "Existing", "RoadName": "South Rocksprings Street" }, "geometry": { "type": "LineString", "coordinates": [ [ -83.392499494880269, 33.950167256758739, 0.000130833344883 ], [ -83.392463790303765, 33.950122777294723, 0.000130833344883 ], [ -83.392010327036388, 33.948766310979124, 0.000130833344883 ], [ -83.391982844641163, 33.948645733269068, 0.000130833344883 ], [ -83.391907377492458, 33.948403320894627, 0.000130833344883 ], [ -83.391905509770524, 33.948345468038745, 0.000130833344883 ] ] } },
{ "type": "Feature", "properties": { "Type": "Sharrows", "Category": "Delineated", "Status": "Existing", "RoadName": "South Hull Street" }, "geometry": { "type": "LineString", "coordinates": [ [ -83.377536937778288, 33.954799654440457, 0.000130833344883 ], [ -83.377547027543372, 33.95474132097165, 0.000130833344883 ], [ -83.377559039737889, 33.954689799660045, 0.000130833344883 ], [ -83.377585235372095, 33.95464349664536, 0.000130833344883 ], [ -83.377630214552667, 33.954603724376682, 0.000130833344883 ], [ -83.377681651504616, 33.954572646097532, 0.000130833344883 ], [ -83.37772733995952, 33.954558821754588, 0.000130833344883 ], [ -83.377776836887719, 33.954551783770654, 0.000130833344883 ], [ -83.378280552694534, 33.954436751424609, 0.000130833344883 ], [ -83.378674169874046, 33.954343317721005, 0.000130833344883 ], [ -83.378748847432576, 33.954319119080623, 0.000130833344883 ], [ -83.378804676032573, 33.954297119557616, 0.000130833344883 ], [ -83.378840051632977, 33.954277859786572, 0.000130833344883 ], [ -83.37885923121587, 33.954253164311751, 0.000130833344883 ], [ -83.378866813350086, 33.954231676418622, 0.000130833344883 ], [ -83.378866101156149, 33.954214568587567, 0.000130833344883 ] ] } },
{ "type": "Feature", "properties": { "Type": "Sharrows", "Category": "Delineated", "Status": "Existing", "RoadName": "South Hull Street" }, "geometry": { "type": "LineString", "coordinates": [ [ -83.3789529911447, 33.954190263154253, 0.000130833344883 ], [ -83.378956040806017, 33.954201210913354, 0.000130833344883 ], [ -83.378957579205405, 33.954214604948383, 0.000130833344883 ], [ -83.378953235185975, 33.954241855833182, 0.000130833344883 ], [ -83.378945895021232, 33.954263622070165, 0.000130833344883 ], [ -83.378934660674105, 33.954285543704884, 0.000130833344883 ], [ -83.378921745192514, 33.954302045906481, 0.000130833344883 ], [ -83.378911280134247, 33.954310812769386, 0.000130833344883 ], [ -83.378896927548794, 33.954319012892789, 0.000130833344883 ], [ -83.378874117622814, 33.954329322717598, 0.000130833344883 ], [ -83.378573604892736, 33.954400990015323, 0.000130833344883 ], [ -83.377816210389668, 33.954577674784368, 0.000130833344883 ], [ -83.377737933435142, 33.954599927582521, 0.000130833344883 ], [ -83.377696202666201, 33.954621133415635, 0.000130833344883 ], [ -83.377667492920892, 33.954648190205461, 0.000130833344883 ], [ -83.377642946265581, 33.954682646021823, 0.000130833344883 ], [ -83.377626856796184, 33.954717475210266, 0.000130833344883 ], [ -83.377613051247025, 33.954754884076635, 0.000130833344883 ], [ -83.377612135112898, 33.954786384463951, 0.000130833344883 ] ] } },
{ "type": "Feature", "properties": { "Type": "Sharrows", "Category": null, "Status": "Existing", "RoadName": "East Campus Road" }, "geometry": { "type": "LineString", "coordinates": [ [ -83.371260114423237, 33.951425799985465, 0.000130833344883 ], [ -83.371265408133766, 33.951360909389599, 0.000130833344883 ], [ -83.371285016586256, 33.951224346979302, 0.000130833344883 ], [ -83.371310681926474, 33.951093767015799, 0.000130833344883 ], [ -83.371368188052045, 33.950935375675648, 0.000130833344883 ], [ -83.371432721502146, 33.950788067035553, 0.000130833344883 ], [ -83.371571769816839, 33.950515586976252, 0.000130833344883 ], [ -83.371669971267693, 33.950315942536015, 0.000130833344883 ] ] } },
{ "type": "Feature", "properties": { "Type": "Sharrows", "Category": null, "Status": "Existing", "RoadName": "East Campus Road" }, "geometry": { "type": "LineString", "coordinates": [ [ -83.371239477037463, 33.94558183313665, 0.000130833344883 ], [ -83.371168032775273, 33.94534269547178, 0.000130833344883 ], [ -83.371126211708471, 33.9452084615112, 0.000130833344883 ], [ -83.371090830389818, 33.945084845779732, 0.000130833344883 ], [ -83.37103315915283, 33.944877117592178, 0.000130833344883 ], [ -83.370960646778869, 33.944611286529486, 0.000130833344883 ], [ -83.370874731465776, 33.944298255848771, 0.000130833344883 ], [ -83.370815415304662, 33.944060712828701, 0.000130833344883 ], [ -83.370788866781879, 33.943897092549314, 0.000130833344883 ], [ -83.370773569709158, 33.943805334635314, 0.000130833344883 ], [ -83.370767415271473, 33.943723292827102, 0.000130833344883 ] ] } },
{ "type": "Feature", "properties": { "Type": "Sharrows", "Category": null, "Status": "Existing", "RoadName": "East Campus Road" }, "geometry": { "type": "LineString", "coordinates": [ [ -83.370684259664102, 33.94372943874027, 0.000130833344883 ], [ -83.370698744542793, 33.943829528478673, 0.000130833344883 ], [ -83.370704082741, 33.943875713020461, 0.000130833344883 ], [ -83.370717796796512, 33.943972268020111, 0.000130833344883 ], [ -83.370732702775342, 33.944064664445058, 0.000130833344883 ], [ -83.370750586774477, 33.944167656750167, 0.000130833344883 ], [ -83.370783019069705, 33.944277472621756, 0.000130833344883 ], [ -83.370814381834592, 33.94437830797861, 0.000130833344883 ], [ -83.370848946728671, 33.944507046801682, 0.000130833344883 ], [ -83.370917690638976, 33.944764521918998, 0.000130833344883 ], [ -83.370986944912985, 33.945013811989753, 0.000130833344883 ], [ -83.371084608913222, 33.945381575974345, 0.000130833344883 ], [ -83.371142671654923, 33.945588665619589, 0.000130833344883 ], [ -83.371194455970553, 33.945767831893271, 0.000130833344883 ], [ -83.371238135276585, 33.945945632147144, 0.000130833344883 ] ] } },
{ "type": "Feature", "properties": { "Type": "Sharrows", "Category": null, "Status": "Existing", "RoadName": "East Campus Road" }, "geometry": { "type": "LineString", "coordinates": [ [ -83.371702156863265, 33.950444039952991, 0.000130833344883 ], [ -83.37162190626745, 33.95058302017695, 0.000130833344883 ], [ -83.371487065069189, 33.95086100375962, 0.000130833344883 ], [ -83.371413526779364, 33.951023824810186, 0.000130833344883 ], [ -83.37137824931169, 33.951134265064148, 0.000130833344883 ], [ -83.371359743814779, 33.951250322416172, 0.000130833344883 ], [ -83.371357605606079, 33.951350960935073, 0.000130833344883 ], [ -83.371371425748364, 33.951409670168104, 0.000130833344883 ] ] } },
{ "type": "Feature", "properties": { "Type": "Sharrows", "Category": "Delineated", "Status": null, "RoadName": "South Hull Street" }, "geometry": { "type": "LineString", "coordinates": [ [ -83.377611924098588, 33.954793655381785, 0.000130833344883 ], [ -83.377618077215985, 33.954835358461466, 0.000130833344883 ], [ -83.377628814907666, 33.954880295199551, 0.000130833344883 ], [ -83.377673206263367, 33.955029285325416, 0.000130833344883 ], [ -83.377706121770601, 33.955171472368427, 0.000130833344883 ], [ -83.377770549312885, 33.955399750968702, 0.000130833344883 ], [ -83.37784008190971, 33.955616524527443, 0.000130833344883 ], [ -83.377882444337544, 33.955735376552106, 0.000130833344883 ], [ -83.377920051179629, 33.95575685822805, 0.000130833344883 ] ] } },
{ "type": "Feature", "properties": { "Type": "Multi-use Trail", "Category": "Separated", "Status": "Existing", "RoadName": "ACCGov Leisure Services" }, "geometry": { "type": "LineString", "coordinates": [ [ -83.365183871803296, 33.955306087356419, 0.000130833344883 ], [ -83.36413787841424, 33.954140670807469, 0.000130833344883 ] ] } },
{ "type": "Feature", "properties": { "Type": "Sharrows", "Category": "Delineated", "Status": null, "RoadName": "Old Monroe Road" }, "geometry": { "type": "LineString", "coordinates": [ [ -83.503505673535258, 33.93644690115709, 0.000130833344883 ], [ -83.50455780677882, 33.935558967244063, 0.000130833344883 ] ] } },
{ "type": "Feature", "properties": { "Type": "Sharrows", "Category": "Delineated", "Status": null, "RoadName": "Oglethorpe Avenue" }, "geometry": { "type": "LineString", "coordinates": [ [ -83.411957213736386, 33.962388443956897, 0.000130833344883 ], [ -83.410680856859727, 33.962458391613019, 0.000130833344883 ], [ -83.409903903192387, 33.962496573476713, 0.000130833344883 ], [ -83.409272295118797, 33.962518305420424, 0.000130833344883 ], [ -83.409140348299005, 33.962533946627289, 0.000130833344883 ] ] } },
{ "type": "Feature", "properties": { "Type": "Sharrows", "Category": "Delineated", "Status": null, "RoadName": "Oglethorpe Avenue" }, "geometry": { "type": "LineString", "coordinates": [ [ -83.408882186213788, 33.962478330113271, 0.000130833344883 ], [ -83.409130358767726, 33.962470139525131, 0.000130833344883 ], [ -83.4102205163001, 33.962420882367269, 0.000130833344883 ], [ -83.410668127158416, 33.962400380392673, 0.000130833344883 ], [ -83.411913621322569, 33.962328022071176, 0.000130833344883 ], [ -83.411952220585604, 33.962326039033535, 0.000130833344883 ] ] } },
{ "type": "Feature", "properties": { "Type": "Sharrows", "Category": "Delineated", "Status": null, "RoadName": "Hawthorne Avenue" }, "geometry": { "type": "LineString", "coordinates": [ [ -83.413601501123139, 33.962001988534169, 0.000130833344883 ], [ -83.413646000262432, 33.96211324203712, 0.000130833344883 ] ] } },
{ "type": "Feature", "properties": { "Type": "Sharrows", "Category": "Delineated", "Status": null, "RoadName": "Hawthorne Avenue" }, "geometry": { "type": "LineString", "coordinates": [ [ -83.413332507345274, 33.961701175214621, 0.000130833344883 ], [ -83.413362658527888, 33.96177706599876, 0.000130833344883 ], [ -83.413414662666554, 33.961879174635044, 0.000130833344883 ], [ -83.41351606025971, 33.962141722744761, 0.000130833344883 ] ] } },
{ "type": "Feature", "properties": { "Type": "Sharrows", "Category": "Delineated", "Status": null, "RoadName": "Hawthorne Avenue" }, "geometry": { "type": "LineString", "coordinates": [ [ -83.413512128267968, 33.962135207182143, 0.000130833344883 ], [ -83.413582348045125, 33.96226648479432, 0.000130833344883 ], [ -83.413706519863069, 33.962461019433441, 0.000130833344883 ], [ -83.41376170742808, 33.96256136673837, 0.000130833344883 ], [ -83.413820078970943, 33.96268548156975, 0.000130833344883 ], [ -83.413977150687472, 33.963105355954397, 0.000130833344883 ], [ -83.414066300222601, 33.963331577252312, 0.000130833344883 ], [ -83.414212758914061, 33.963748807844354, 0.000130833344883 ], [ -83.414340115313905, 33.964107061604835, 0.000130833344883 ], [ -83.414552374976438, 33.964706494730706, 0.000130833344883 ], [ -83.414758266575419, 33.965288319127133, 0.000130833344883 ], [ -83.414875008810327, 33.965614878505747, 0.000130833344883 ], [ -83.414976893775346, 33.96590886969193, 0.000130833344883 ], [ -83.415034204064483, 33.966103395763142, 0.000130833344883 ], [ -83.415075595072437, 33.966281197335064, 0.000130833344883 ], [ -83.415113801769138, 33.966464279932588, 0.000130833344883 ], [ -83.415140334278064, 33.966811078933198, 0.000130833344883 ], [ -83.415143517373835, 33.96704609239201, 0.000130833344883 ], [ -83.41512865913289, 33.967251178061396, 0.000130833344883 ], [ -83.415095759346386, 33.967472107301909, 0.000130833344883 ], [ -83.415006610512719, 33.967870833186623, 0.000130833344883 ], [ -83.414912154379053, 33.968145452423755, 0.000130833344883 ], [ -83.41481026987401, 33.968382222241864, 0.000130833344883 ], [ -83.414707323605469, 33.968578502884519, 0.000130833344883 ], [ -83.414598010138093, 33.968756299658239, 0.000130833344883 ], [ -83.414486573889221, 33.968913851525166, 0.000130833344883 ], [ -83.414394240624702, 33.969039717139765, 0.000130833344883 ] ] } },
{ "type": "Feature", "properties": { "Type": "Sharrows", "Category": "Delineated", "Status": null, "RoadName": "Hawthorne Avenue" }, "geometry": { "type": "LineString", "coordinates": [ [ -83.414496125210206, 33.96909076708279, 0.000130833344883 ], [ -83.414585274471861, 33.96896666168589, 0.000130833344883 ], [ -83.414685036808223, 33.968825833340937, 0.000130833344883 ], [ -83.414773124100549, 33.968678843295294, 0.000130833344883 ], [ -83.414912154733273, 33.96844031421508, 0.000130833344883 ], [ -83.414994935940911, 33.968269557952269, 0.000130833344883 ], [ -83.4150915141703, 33.967999341490163, 0.000130833344883 ], [ -83.41516049874916, 33.967727362419602, 0.000130833344883 ], [ -83.41521886965765, 33.967450101850936, 0.000130833344883 ], [ -83.41525283189128, 33.96720540755792, 0.000130833344883 ], [ -83.415261322012057, 33.967061935989022, 0.000130833344883 ], [ -83.415260260477893, 33.966913182246543, 0.000130833344883 ], [ -83.415253892500402, 33.966758267046139, 0.000130833344883 ], [ -83.415237973454012, 33.966549659326525, 0.000130833344883 ], [ -83.415207195418105, 33.966329608864783, 0.000130833344883 ], [ -83.415173234640477, 33.966146525169485, 0.000130833344883 ], [ -83.415111679372245, 33.96595023946842, 0.000130833344883 ], [ -83.41456935501796, 33.9644019370783, 0.000130833344883 ], [ -83.414116181165781, 33.963116798993646, 0.000130833344883 ], [ -83.414016418295034, 33.96292138622205, 0.000130833344883 ], [ -83.41393894422977, 33.962701325672214, 0.000130833344883 ], [ -83.413875266051761, 33.962551683968286, 0.000130833344883 ], [ -83.413702274242283, 33.962224233065989, 0.000130833344883 ], [ -83.41364206826195, 33.962106726478503, 0.000130833344883 ] ] } },
{ "type": "Feature", "properties": { "Type": "Multi-use Path", "Category": "Separated", "Status": null, "RoadName": "Private" }, "geometry": { "type": "LineString", "coordinates": [ [ -83.389149186086456, 33.969324238695783, 0.000130833344883 ], [ -83.389011002193101, 33.969052059575304, 0.000130833344883 ], [ -83.388922477320676, 33.968964316868835, 0.000130833344883 ], [ -83.388164619448631, 33.968858667348677, 0.000130833344883 ], [ -83.386938228890656, 33.969170242614297, 0.000130833344883 ] ] } },
{ "type": "Feature", "properties": { "Type": "Multi-use Trail", "Category": "Separated", "Status": null, "RoadName": "ACCGov Leisure Services" }, "geometry": { "type": "LineString", "coordinates": [ [ -83.352358619403105, 33.932475999160268, 0.000130833344883 ], [ -83.352515087848715, 33.932550626689007, 0.000130833344883 ], [ -83.352636552329386, 33.932656071796238, 0.000130833344883 ], [ -83.353376598412225, 33.933594401490247, 0.000130833344883 ], [ -83.353887674564476, 33.934172676637615, 0.000130833344883 ], [ -83.353997712782899, 33.934310374431156, 0.000130833344883 ], [ -83.354079115649114, 33.934431299178485, 0.000130833344883 ], [ -83.354105807844149, 33.934496328981737, 0.000130833344883 ], [ -83.354236004128268, 33.934861993949006, 0.000130833344883 ], [ -83.354267660315571, 33.934921675740803, 0.000130833344883 ], [ -83.354291980361623, 33.934946761744172, 0.000130833344883 ], [ -83.354327709789416, 33.93496946797115, 0.000130833344883 ], [ -83.354377816579103, 33.934990720097019, 0.000130833344883 ], [ -83.354423555251529, 33.935002781362471, 0.000130833344883 ], [ -83.354701998676816, 33.935039338392976, 0.000130833344883 ], [ -83.355005186325357, 33.93508414523756, 0.000130833344883 ], [ -83.355542539917366, 33.935156865001929, 0.000130833344883 ], [ -83.355714178363144, 33.935165152479037, 0.000130833344883 ], [ -83.355875890518021, 33.935163831852712, 0.000130833344883 ], [ -83.356377047884067, 33.935130156527926, 0.000130833344883 ], [ -83.356772162885136, 33.935112479248971, 0.000130833344883 ], [ -83.357479129985663, 33.93510520030037, 0.000130833344883 ], [ -83.357560589233245, 33.935116470041791, 0.000130833344883 ], [ -83.357637607881273, 33.935143216213234, 0.000130833344883 ], [ -83.35796134684692, 33.935258653897037, 0.000130833344883 ], [ -83.358656691407106, 33.935395664562151, 0.000130833344883 ] ] } },
{ "type": "Feature", "properties": { "Type": "Multi-use Trail", "Category": "Separated", "Status": null, "RoadName": "ACCGov Leisure Services" }, "geometry": { "type": "LineString", "coordinates": [ [ -83.352358619403105, 33.932475999160268, 0.000130833344883 ], [ -83.352264564202059, 33.932592465661173, 0.000130833344883 ], [ -83.352115541571166, 33.932730991175056, 0.000130833344883 ], [ -83.352091065295085, 33.932748913477944, 0.000130833344883 ], [ -83.352052576449779, 33.932775566996959, 0.000130833344883 ], [ -83.351990176848346, 33.932827310614655, 0.000130833344883 ], [ -83.351928854772254, 33.932895606529783, 0.000130833344883 ], [ -83.351878334089648, 33.932971607708907, 0.000130833344883 ], [ -83.351841246399843, 33.933019549013522, 0.000130833344883 ], [ -83.351815644850376, 33.933063272016192, 0.000130833344883 ], [ -83.351802212832879, 33.933091331871658, 0.000130833344883 ], [ -83.351795117581773, 33.933115140259709, 0.000130833344883 ], [ -83.351783679886466, 33.933174223726418, 0.000130833344883 ], [ -83.351761987322305, 33.933255761204272, 0.000130833344883 ], [ -83.351733531262013, 33.93339144798032, 0.000130833344883 ], [ -83.35172843937319, 33.933445326146867, 0.000130833344883 ], [ -83.351727875836687, 33.933504482477872, 0.000130833344883 ], [ -83.351733178885468, 33.933548569583877, 0.000130833344883 ], [ -83.351747777337678, 33.933628460202662, 0.000130833344883 ], [ -83.35174781626155, 33.933699428729135, 0.000130833344883 ], [ -83.351737039535195, 33.933779270409786, 0.000130833344883 ], [ -83.351719227362395, 33.933846542347297, 0.000130833344883 ], [ -83.351691347418679, 33.933919114847157, 0.000130833344883 ], [ -83.351649392138995, 33.93404228553068, 0.000130833344883 ], [ -83.351629485090697, 33.934104176381005, 0.000130833344883 ], [ -83.351603143888482, 33.934165427778311, 0.000130833344883 ], [ -83.351572230619567, 33.934262080740112, 0.000130833344883 ], [ -83.351549133823937, 33.934352330910095, 0.000130833344883 ], [ -83.35152663074912, 33.93446131747298, 0.000130833344883 ], [ -83.351504360601453, 33.9345458542778, 0.000130833344883 ], [ -83.351483612285548, 33.934620859558436, 0.000130833344883 ], [ -83.35144755634802, 33.934725581979045, 0.000130833344883 ], [ -83.351416275193799, 33.934779644649822, 0.000130833344883 ], [ -83.351400875565872, 33.93481890277279, 0.000130833344883 ], [ -83.351387463766656, 33.934874872521448, 0.000130833344883 ], [ -83.351391137153684, 33.934939901037644, 0.000130833344883 ], [ -83.351388271773885, 33.934950913095307, 0.000130833344883 ], [ -83.351387184849827, 33.935064956928663, 0.000130833344883 ], [ -83.351373716377964, 33.935258629801659, 0.000130833344883 ], [ -83.35135674285327, 33.935413526145766, 0.000130833344883 ], [ -83.351343273167956, 33.935607198094033, 0.000130833344883 ], [ -83.351380198493771, 33.935797974227121, 0.000130833344883 ], [ -83.351556163364236, 33.936034882344799, 0.000130833344883 ], [ -83.351605235500628, 33.936170839726501, 0.000130833344883 ] ] } },
{ "type": "Feature", "properties": { "Type": "Multi-use Path", "Category": "Separated", "Status": null, "RoadName": "River Road" }, "geometry": { "type": "LineString", "coordinates": [ [ -83.36887931430401, 33.939161456440097, 0.000130833344883 ], [ -83.369075060917751, 33.939152353620386, 0.000130833344883 ], [ -83.369191880370792, 33.939263093488456, 0.000130833344883 ] ] } },
{ "type": "Feature", "properties": { "Type": "Multi-use Path", "Category": "Separated", "Status": null, "RoadName": "Hoyt Street" }, "geometry": { "type": "LineString", "coordinates": [ [ -83.379995567826157, 33.96401565867729, 0.000130833344883 ], [ -83.379775395176793, 33.963990006407194, 0.000130833344883 ], [ -83.379722799254608, 33.964005280327456, 0.000130833344883 ], [ -83.379661193738997, 33.964022369225262, 0.000130833344883 ], [ -83.379610171079619, 33.964029536102089, 0.000130833344883 ], [ -83.379556318126461, 33.964018576331881, 0.000130833344883 ], [ -83.378682943379644, 33.963652087556859, 0.000130833344883 ] ] } },
{ "type": "Feature", "properties": { "Type": "Multi-use Trail", "Category": "Separated", "Status": "Existing", "RoadName": "ACC Leisure Services" }, "geometry": { "type": "LineString", "coordinates": [ [ -83.288040276112909, 33.973956033382038, 0.000130833344883 ], [ -83.288257909367132, 33.973993894834003, 0.000130833344883 ], [ -83.2882262399539, 33.974093752828601, 0.000130833344883 ], [ -83.288275772076076, 33.97422418530298, 0.000130833344883 ], [ -83.288372331625666, 33.974366542392332, 0.000130833344883 ], [ -83.288565451252154, 33.974573403573032, 0.000130833344883 ], [ -83.288828306819866, 33.974744676005024, 0.000130833344883 ], [ -83.288999267819108, 33.974886650034811, 0.000130833344883 ], [ -83.290173953244604, 33.975972245578561, 0.000130833344883 ], [ -83.291931558647832, 33.977347607220572, 0.000130833344883 ], [ -83.293980574655421, 33.978371160557344, 0.000130833344883 ], [ -83.294982198381661, 33.978645195196734, 0.000130833344883 ], [ -83.296556083763008, 33.978981742905916, 0.000130833344883 ], [ -83.298202825227136, 33.979247546945146, 0.000130833344883 ], [ -83.299457005124523, 33.979272429908505, 0.000130833344883 ], [ -83.300396204864768, 33.979223017459731, 0.000130833344883 ], [ -83.301526348975827, 33.979071426749464, 0.000130833344883 ], [ -83.302458845403223, 33.978919673705626, 0.000130833344883 ], [ -83.303340752057466, 33.978731118330565, 0.000130833344883 ], [ -83.304349370304053, 33.9784279343557, 0.000130833344883 ], [ -83.305157653731953, 33.978103420849322, 0.000130833344883 ], [ -83.306081496582962, 33.97767122685346, 0.000130833344883 ], [ -83.306790359638242, 33.977310142901203, 0.000130833344883 ], [ -83.307180994549697, 33.977081152604214, 0.000130833344883 ], [ -83.307900126543416, 33.976558005168279, 0.000130833344883 ], [ -83.308363141118789, 33.976214390742342, 0.000130833344883 ], [ -83.308752458186788, 33.975822742607008, 0.000130833344883 ], [ -83.309904405112789, 33.974421251787099, 0.000130833344883 ], [ -83.310681616858957, 33.97357982409941, 0.000130833344883 ], [ -83.311314507202127, 33.972567066620023, 0.000130833344883 ], [ -83.311668276780196, 33.97190385146385, 0.000130833344883 ], [ -83.312375004680774, 33.970737155443899, 0.000130833344883 ], [ -83.313765912168819, 33.968509480850564, 0.000130833344883 ], [ -83.315782013411521, 33.96524963770505, 0.000130833344883 ], [ -83.317360065633153, 33.962880629074036, 0.000130833344883 ], [ -83.317404566356885, 33.962586743932029, 0.000130833344883 ], [ -83.317947349688225, 33.961723626010105, 0.000130833344883 ], [ -83.31863790908325, 33.960863944530217, 0.000130833344883 ], [ -83.319347556345605, 33.960145422453557, 0.000130833344883 ], [ -83.319899952439656, 33.959732180070461, 0.000130833344883 ], [ -83.320523777326741, 33.959396871892395, 0.000130833344883 ], [ -83.321029146686939, 33.959201684186922, 0.000130833344883 ], [ -83.321874871474122, 33.958933900646613, 0.000130833344883 ], [ -83.322983332855102, 33.958749558690137, 0.000130833344883 ], [ -83.324136019073094, 33.958745897872852, 0.000130833344883 ], [ -83.325750521456229, 33.958873230552221, 0.000130833344883 ], [ -83.327342560921821, 33.959023889775281, 0.000130833344883 ], [ -83.33046104391542, 33.959306868357459, 0.000130833344883 ], [ -83.331070253863231, 33.960151109134195, 0.000130833344883 ], [ -83.331336734485831, 33.96015656130939, 0.000130833344883 ] ] } }
]
}
