{
"type": "FeatureCollection",
"name": "uga_athens",
"crs": { "type": "name", "properties": { "name": "urn:ogc:def:crs:OGC:1.3:CRS84" } },
"features": [
{ "type": "Feature", "properties": { "NAME": null, "SUBTYPE": 0 }, "geometry": { "type": "Polygon", "coordinates": [ [ [ -83.357232171309661, 33.876297757324103 ], [ -83.35780248837942, 33.875478570207257 ], [ -83.357940830256695, 33.875546265690282 ], [ -83.357371790643327, 33.876360195685479 ], [ -83.357232171309661, 33.876297757324103 ] ] ] } },
{ "type": "Feature", "properties": { "NAME": null, "SUBTYPE": 0 }, "geometry": { "type": "Polygon", "coordinates": [ [ [ -83.352143325296851, 33.879953062401611 ], [ -83.354898371136656, 33.874899794262703 ], [ -83.352142553644001, 33.879954513705087 ], [ -83.351246286518702, 33.880190885653249 ], [ -83.350014081193365, 33.880505434711559 ], [ -83.352143325296851, 33.879953062401611 ] ] ] } },
{ "type": "Feature", "properties": { "NAME": null, "SUBTYPE": 0 }, "geometry": { "type": "Polygon", "coordinates": [ [ [ -83.354898284469584, 33.874899794616532 ], [ -83.352143325296851, 33.879953062401611 ], [ -83.34962375035083, 33.880605075492554 ], [ -83.349509753242984, 33.879311917999765 ], [ -83.349773982802375, 33.878383329832026 ], [ -83.349743857799297, 33.877928100210539 ], [ -83.349877508248923, 33.877725847166694 ], [ -83.350927593002041, 33.877848607729597 ], [ -83.351840677487687, 33.877809277621559 ], [ -83.352937250955009, 33.877373613516518 ], [ -83.353162532258608, 33.877197875764516 ], [ -83.353260062349008, 33.876957621767126 ], [ -83.352935972652375, 33.876085159429692 ], [ -83.352595717772246, 33.875489817793436 ], [ -83.352688619742281, 33.875167831742928 ], [ -83.353027927798124, 33.875008896756249 ], [ -83.353527470147839, 33.87490710714647 ], [ -83.354898284469584, 33.874899794616532 ] ] ] } },
{ "type": "Feature", "properties": { "NAME": null, "SUBTYPE": 0 }, "geometry": { "type": "Polygon", "coordinates": [ [ [ -83.357232171309661, 33.876297757324103 ], [ -83.356854070883827, 33.877124606410653 ], [ -83.355730177864885, 33.880809957303185 ], [ -83.356904009128769, 33.876949053853615 ], [ -83.357232171309661, 33.876297757324103 ] ] ] } },
{ "type": "Feature", "properties": { "NAME": null, "SUBTYPE": 0 }, "geometry": { "type": "Polygon", "coordinates": [ [ [ -83.355414572128012, 33.880730000514639 ], [ -83.355356432642168, 33.880921812320487 ], [ -83.35537219831302, 33.880867688148633 ], [ -83.355414572128012, 33.880730000514639 ] ] ] } },
{ "type": "Feature", "properties": { "NAME": null, "SUBTYPE": 0 }, "geometry": { "type": "Polygon", "coordinates": [ [ [ -83.355730177864885, 33.880809957303185 ], [ -83.355640490156432, 33.881105859202442 ], [ -83.355687235686531, 33.880949676177764 ], [ -83.355730177864885, 33.880809957303185 ] ] ] } },
{ "type": "Feature", "properties": { "NAME": null, "SUBTYPE": 0 }, "geometry": { "type": "Polygon", "coordinates": [ [ [ -83.355215952539027, 33.881404076784619 ], [ -83.355162939360881, 33.881633660417954 ], [ -83.355147722422217, 33.881759809478027 ], [ -83.355162880970354, 33.881633655197504 ], [ -83.355215952539027, 33.881404076784619 ] ] ] } },
{ "type": "Feature", "properties": { "NAME": null, "SUBTYPE": 0 }, "geometry": { "type": "Polygon", "coordinates": [ [ [ -83.355640490156432, 33.881105859202442 ], [ -83.355495420220535, 33.88163780095109 ], [ -83.355474956476954, 33.881795846553565 ], [ -83.355485272851084, 33.881698967014202 ], [ -83.355500855027998, 33.881602577327229 ], [ -83.355521669891459, 33.881506878118522 ], [ -83.355640490156432, 33.881105859202442 ] ] ] } },
{ "type": "Feature", "properties": { "NAME": null, "SUBTYPE": 0 }, "geometry": { "type": "Polygon", "coordinates": [ [ [ -83.355147611193118, 33.881760733362199 ], [ -83.355141064779403, 33.881868583915619 ], [ -83.35514030630732, 33.881821289313805 ], [ -83.355147611193118, 33.881760733362199 ] ] ] } },
{ "type": "Feature", "properties": { "NAME": null, "SUBTYPE": 0 }, "geometry": { "type": "Polygon", "coordinates": [ [ [ -83.355474956476954, 33.881795846553565 ], [ -83.35547020614915, 33.881882802777042 ], [ -83.355469221753609, 33.881840135707051 ], [ -83.355474956476954, 33.881795846553565 ] ] ] } },
{ "type": "Feature", "properties": { "NAME": null, "SUBTYPE": 0 }, "geometry": { "type": "Polygon", "coordinates": [ [ [ -83.35547020614915, 33.881882802777042 ], [ -83.355473380953384, 33.882020438451306 ], [ -83.355487256007578, 33.882188872674902 ], [ -83.355470043712117, 33.881985013627549 ], [ -83.35547020614915, 33.881882802777042 ] ] ] } },
{ "type": "Feature", "properties": { "NAME": null, "SUBTYPE": 0 }, "geometry": { "type": "Polygon", "coordinates": [ [ [ -83.355487256007578, 33.882188872674902 ], [ -83.355488469674029, 33.882197266319629 ], [ -83.355487595894445, 33.88219300272204 ], [ -83.355487256007578, 33.882188872674902 ] ] ] } },
{ "type": "Feature", "properties": { "NAME": null, "SUBTYPE": 0 }, "geometry": { "type": "Polygon", "coordinates": [ [ [ -83.355141064779403, 33.881868583915619 ], [ -83.35514256467188, 33.881962088647839 ], [ -83.355159652749833, 33.882218306625241 ], [ -83.355140497648421, 33.881985364885324 ], [ -83.355141064779403, 33.881868583915619 ] ] ] } },
{ "type": "Feature", "properties": { "NAME": null, "SUBTYPE": 0 }, "geometry": { "type": "Polygon", "coordinates": [ [ [ -83.355159652749833, 33.882218306625241 ], [ -83.355160907894245, 33.882227087160359 ], [ -83.355159876105731, 33.882221650664626 ], [ -83.355159652749833, 33.882218306625241 ] ] ] } },
{ "type": "Feature", "properties": { "NAME": null, "SUBTYPE": 0 }, "geometry": { "type": "Polygon", "coordinates": [ [ [ -83.355488469674029, 33.882197266319629 ], [ -83.355529290691763, 33.882396521129216 ], [ -83.355506058968444, 33.882297295386138 ], [ -83.355488469674029, 33.882197266319629 ] ] ] } },
{ "type": "Feature", "properties": { "NAME": null, "SUBTYPE": 0 }, "geometry": { "type": "Polygon", "coordinates": [ [ [ -83.355529290691763, 33.882396521129216 ], [ -83.355536804537351, 33.882424145233422 ], [ -83.355531846006983, 33.882408991893058 ], [ -83.355529290691763, 33.882396521129216 ] ] ] } },
{ "type": "Feature", "properties": { "NAME": null, "SUBTYPE": 0 }, "geometry": { "type": "Polygon", "coordinates": [ [ [ -83.355193966884798, 33.882401260568628 ], [ -83.355200605459501, 33.882428673469889 ], [ -83.355196814830236, 33.882416266845041 ], [ -83.355193966884798, 33.882401260568628 ] ] ] } },
{ "type": "Feature", "properties": { "NAME": null, "SUBTYPE": 0 }, "geometry": { "type": "Polygon", "coordinates": [ [ [ -83.355536804537351, 33.882424145233422 ], [ -83.355586183751029, 33.88257506125602 ], [ -83.355559516812676, 33.882498987965413 ], [ -83.355536804537351, 33.882424145233422 ] ] ] } },
{ "type": "Feature", "properties": { "NAME": null, "SUBTYPE": 0 }, "geometry": { "type": "Polygon", "coordinates": [ [ [ -83.355586183751029, 33.88257506125602 ], [ -83.356007097911473, 33.883242346851105 ], [ -83.356833159107765, 33.884004427269254 ], [ -83.356152166846698, 33.883390628267172 ], [ -83.355970730515494, 33.883207701107516 ], [ -83.355586183751029, 33.88257506125602 ] ] ] } },
{ "type": "Feature", "properties": { "NAME": null, "SUBTYPE": 0 }, "geometry": { "type": "Polygon", "coordinates": [ [ [ -83.355200605459501, 33.882428673469889 ], [ -83.355348539383414, 33.882831238627872 ], [ -83.355631501511382, 33.883277688373688 ], [ -83.35658582978769, 33.884186114601825 ], [ -83.355638279300223, 33.883291452844965 ], [ -83.355361599090983, 33.882863495101162 ], [ -83.35526337370456, 33.882634282438985 ], [ -83.355200605459501, 33.882428673469889 ] ] ] } },
{ "type": "Feature", "properties": { "NAME": null, "SUBTYPE": 0 }, "geometry": { "type": "Polygon", "coordinates": [ [ [ -83.356833159107765, 33.884004427269254 ], [ -83.357101952003347, 33.884250961603158 ], [ -83.357191320001064, 33.884344293707876 ], [ -83.357353266483855, 33.884541243711936 ], [ -83.357425464083207, 33.884644396987177 ], [ -83.357491579531256, 33.884750348767298 ], [ -83.356833159107765, 33.884004427269254 ] ] ] } },
{ "type": "Feature", "properties": { "NAME": null, "SUBTYPE": 0 }, "geometry": { "type": "Polygon", "coordinates": [ [ [ -83.357491579531256, 33.884750348767298 ], [ -83.357501057314394, 33.884764691109545 ], [ -83.35751852431784, 33.884797468068882 ], [ -83.357491579531256, 33.884750348767298 ] ] ] } },
{ "type": "Feature", "properties": { "NAME": null, "SUBTYPE": 0 }, "geometry": { "type": "Polygon", "coordinates": [ [ [ -83.357557335503401, 33.884870295512719 ], [ -83.357603270322329, 33.884956492270852 ], [ -83.357621450774033, 33.885007268208653 ], [ -83.357590620246512, 33.884938384852781 ], [ -83.357557335503401, 33.884870295512719 ] ] ] } },
{ "type": "Feature", "properties": { "NAME": null, "SUBTYPE": 0 }, "geometry": { "type": "Polygon", "coordinates": [ [ [ -83.357323284555321, 33.885128738074137 ], [ -83.35713881886258, 33.884777013814301 ], [ -83.357211470111153, 33.884896043712281 ], [ -83.357295380843567, 33.885054418128803 ], [ -83.357323284555321, 33.885128738074137 ] ] ] } },
{ "type": "Feature", "properties": { "NAME": null, "SUBTYPE": 0 }, "geometry": { "type": "Polygon", "coordinates": [ [ [ -83.357362049172025, 33.885231983210211 ], [ -83.357388399594612, 33.885302165655155 ], [ -83.357396159275808, 33.885342137370877 ], [ -83.357362049172025, 33.885231983210211 ] ] ] } },
{ "type": "Feature", "properties": { "NAME": null, "SUBTYPE": 0 }, "geometry": { "type": "Polygon", "coordinates": [ [ [ -83.357709533679099, 33.885253276376147 ], [ -83.357726485043358, 33.885300620479271 ], [ -83.357735212385819, 33.885349990746697 ], [ -83.357709533679099, 33.885253276376147 ] ] ] } },
{ "type": "Feature", "properties": { "NAME": null, "SUBTYPE": 0 }, "geometry": { "type": "Polygon", "coordinates": [ [ [ -83.357779497247606, 33.88560050041098 ], [ -83.357780943610805, 33.885608682645461 ], [ -83.357781159007587, 33.885615540623476 ], [ -83.357779497247606, 33.88560050041098 ] ] ] } },
{ "type": "Feature", "properties": { "NAME": null, "SUBTYPE": 0 }, "geometry": { "type": "Polygon", "coordinates": [ [ [ -83.357396159275808, 33.885342137370877 ], [ -83.357438203092258, 33.885532045298 ], [ -83.357451648558381, 33.885627974102725 ], [ -83.357396159275808, 33.885342137370877 ] ] ] } },
{ "type": "Feature", "properties": { "NAME": null, "SUBTYPE": 0 }, "geometry": { "type": "Polygon", "coordinates": [ [ [ -83.357451648558381, 33.885627974102725 ], [ -83.357452815088635, 33.885633981076225 ], [ -83.357452955454079, 33.885639842575415 ], [ -83.357451648558381, 33.885627974102725 ] ] ] } },
{ "type": "Feature", "properties": { "NAME": null, "SUBTYPE": 0 }, "geometry": { "type": "Polygon", "coordinates": [ [ [ -83.357781159007587, 33.885615540623476 ], [ -83.357790687636694, 33.885740887818059 ], [ -83.357786714388169, 33.885991978719019 ], [ -83.357773224387572, 33.886117071231823 ], [ -83.357721681347883, 33.886392670195093 ], [ -83.357781159007587, 33.885615540623476 ] ] ] } },
{ "type": "Feature", "properties": { "NAME": null, "SUBTYPE": 0 }, "geometry": { "type": "Polygon", "coordinates": [ [ [ -83.357452955454079, 33.885639842575415 ], [ -83.357463074747528, 33.885862804608053 ], [ -83.357445913332356, 33.886085467014794 ], [ -83.357350592100588, 33.886576542116671 ], [ -83.357452955454079, 33.885639842575415 ] ] ] } },
{ "type": "Feature", "properties": { "NAME": null, "SUBTYPE": 0 }, "geometry": { "type": "Polygon", "coordinates": [ [ [ -83.357721681347883, 33.886392670195093 ], [ -83.357679646884449, 33.886618271682927 ], [ -83.357223889115929, 33.888867321463472 ], [ -83.357721681347883, 33.886392670195093 ] ] ] } },
{ "type": "Feature", "properties": { "NAME": null, "SUBTYPE": 0 }, "geometry": { "type": "Polygon", "coordinates": [ [ [ -83.357223880037722, 33.8888673650616 ], [ -83.357148723301194, 33.889240976161993 ], [ -83.357189863831962, 33.889025353329693 ], [ -83.357223880037722, 33.8888673650616 ] ] ] } },
{ "type": "Feature", "properties": { "NAME": null, "SUBTYPE": 0 }, "geometry": { "type": "Polygon", "coordinates": [ [ [ -83.357350592100588, 33.886576542116671 ], [ -83.356460663586617, 33.891006029522579 ], [ -83.356389146752392, 33.891565847262392 ], [ -83.356456682253253, 33.891020173049355 ], [ -83.357350592100588, 33.886576542116671 ] ] ] } },
{ "type": "Feature", "properties": { "NAME": null, "SUBTYPE": 0 }, "geometry": { "type": "Polygon", "coordinates": [ [ [ -83.357148723301194, 33.889240976161993 ], [ -83.356777869493214, 33.891089183762773 ], [ -83.356718221384128, 33.891580657351739 ], [ -83.356740076470899, 33.891322304978843 ], [ -83.35678165679046, 33.891065642306188 ], [ -83.357148723301194, 33.889240976161993 ] ] ] } },
{ "type": "Feature", "properties": { "NAME": null, "SUBTYPE": 0 }, "geometry": { "type": "Polygon", "coordinates": [ [ [ -83.356389146752392, 33.891565847262392 ], [ -83.356386299731369, 33.89164371405419 ], [ -83.356386417828389, 33.89159530933965 ], [ -83.356389146752392, 33.891565847262392 ] ] ] } },
{ "type": "Feature", "properties": { "NAME": null, "SUBTYPE": 0 }, "geometry": { "type": "Polygon", "coordinates": [ [ [ -83.356718221384128, 33.891580657351739 ], [ -83.356715471543012, 33.89166075277496 ], [ -83.356715511141147, 33.891609839779875 ], [ -83.356718221384128, 33.891580657351739 ] ] ] } },
{ "type": "Feature", "properties": { "NAME": null, "SUBTYPE": 0 }, "geometry": { "type": "Polygon", "coordinates": [ [ [ -83.356385886887836, 33.891812174747265 ], [ -83.356388329334393, 33.891889503563483 ], [ -83.356385796194175, 33.891849201693759 ], [ -83.356385886887836, 33.891812174747265 ] ] ] } },
{ "type": "Feature", "properties": { "NAME": null, "SUBTYPE": 0 }, "geometry": { "type": "Polygon", "coordinates": [ [ [ -83.356715471120637, 33.891660776835579 ], [ -83.356715419512994, 33.891727649897121 ], [ -83.356733706907747, 33.892095785597213 ], [ -83.356721404987709, 33.89195099495457 ], [ -83.356715324291542, 33.891805930386589 ], [ -83.356715471120637, 33.891660776835579 ] ] ] } },
{ "type": "Feature", "properties": { "NAME": null, "SUBTYPE": 0 }, "geometry": { "type": "Polygon", "coordinates": [ [ [ -83.356397628004174, 33.892037437474116 ], [ -83.356403489653161, 33.892100931617591 ], [ -83.356399745233929, 33.892071119197581 ], [ -83.356397628004174, 33.892037437474116 ] ] ] } },
{ "type": "Feature", "properties": { "NAME": null, "SUBTYPE": 0 }, "geometry": { "type": "Polygon", "coordinates": [ [ [ -83.356733706907747, 33.892095785597213 ], [ -83.356746238913757, 33.892198544233764 ], [ -83.356761905008014, 33.892301002923965 ], [ -83.356736930570747, 33.892160670344957 ], [ -83.356733706907747, 33.892095785597213 ] ] ] } },
{ "type": "Feature", "properties": { "NAME": null, "SUBTYPE": 0 }, "geometry": { "type": "Polygon", "coordinates": [ [ [ -83.356425300039632, 33.892274621514403 ], [ -83.356440346478863, 33.892366833965212 ], [ -83.356432321739391, 33.892330533385724 ], [ -83.356425300039632, 33.892274621514403 ] ] ] } },
{ "type": "Feature", "properties": { "NAME": null, "SUBTYPE": 0 }, "geometry": { "type": "Polygon", "coordinates": [ [ [ -83.356773022194332, 33.892363467816992 ], [ -83.356781504628287, 33.892407139332477 ], [ -83.356779079523889, 33.892397503606261 ], [ -83.356773022194332, 33.892363467816992 ] ] ] } },
{ "type": "Feature", "properties": { "NAME": null, "SUBTYPE": 0 }, "geometry": { "type": "Polygon", "coordinates": [ [ [ -83.356781504628287, 33.892407139332477 ], [ -83.356863036969628, 33.892731142942004 ], [ -83.356818305359113, 33.892569835114209 ], [ -83.356781504628287, 33.892407139332477 ] ] ] } },
{ "type": "Feature", "properties": { "NAME": null, "SUBTYPE": 0 }, "geometry": { "type": "Polygon", "coordinates": [ [ [ -83.356863036969628, 33.892731142942004 ], [ -83.356864227705401, 33.892735060079886 ], [ -83.356863434024035, 33.892732720793212 ], [ -83.356863036969628, 33.892731142942004 ] ] ] } },
{ "type": "Feature", "properties": { "NAME": null, "SUBTYPE": 0 }, "geometry": { "type": "Polygon", "coordinates": [ [ [ -83.356440350584379, 33.892366855348513 ], [ -83.35649170037965, 33.892599137259587 ], [ -83.356563879701156, 33.892863370690208 ], [ -83.356473763718412, 33.892533660044705 ], [ -83.356440350584379, 33.892366855348513 ] ] ] } },
{ "type": "Feature", "properties": { "NAME": null, "SUBTYPE": 0 }, "geometry": { "type": "Polygon", "coordinates": [ [ [ -83.356563879701156, 33.892863370690208 ], [ -83.356572867380478, 33.892890833163889 ], [ -83.356566422245024, 33.892872679639282 ], [ -83.356563879701156, 33.892863370690208 ] ] ] } },
{ "type": "Feature", "properties": { "NAME": null, "SUBTYPE": 0 }, "geometry": { "type": "Polygon", "coordinates": [ [ [ -83.35270793621585, 33.892566419910281 ], [ -83.352754972004121, 33.892589484464686 ], [ -83.352820425950654, 33.892644054619311 ], [ -83.352857657525902, 33.892689698990196 ], [ -83.352882367484469, 33.892738777921188 ], [ -83.352939140112071, 33.89287474366774 ], [ -83.352963395523091, 33.892916180073051 ], [ -83.353027971815592, 33.892955629981877 ], [ -83.353071441292201, 33.892989828090592 ], [ -83.35308969056716, 33.89301830910491 ], [ -83.35310299731151, 33.893064097936033 ], [ -83.353126273558829, 33.893101103460282 ], [ -83.353240543754509, 33.893157946097539 ], [ -83.353125601619013, 33.893102527695824 ], [ -83.352962721786611, 33.892917660237309 ], [ -83.352938434036247, 33.892876223087008 ], [ -83.352856952348418, 33.892691123232559 ], [ -83.35270793621585, 33.892566419910281 ] ] ] } },
{ "type": "Feature", "properties": { "NAME": null, "SUBTYPE": 0 }, "geometry": { "type": "Polygon", "coordinates": [ [ [ -83.353240543754509, 33.893157946097539 ], [ -83.353296111741372, 33.893195220023053 ], [ -83.35342558592329, 33.893247216476901 ], [ -83.353514512848164, 33.89329732411359 ], [ -83.353864851317425, 33.893362182581107 ], [ -83.353937226783245, 33.893368101715403 ], [ -83.353992208170197, 33.89335956005695 ], [ -83.354032722189515, 33.893361586044463 ], [ -83.354200663130214, 33.893398694342132 ], [ -83.354578737083813, 33.893510038525662 ], [ -83.354655243003336, 33.893573941629569 ], [ -83.354784711795361, 33.893595350527029 ], [ -83.354825894161195, 33.893613732004695 ], [ -83.35490277916972, 33.893665517925015 ], [ -83.35498559934733, 33.893675104979337 ], [ -83.355081571759072, 33.893663370400873 ], [ -83.355102530352951, 33.893666916052652 ], [ -83.35511908450701, 33.893676066145368 ], [ -83.355146798431846, 33.893717854862174 ], [ -83.355101856616457, 33.893668395458178 ], [ -83.354984860033881, 33.893676583639063 ], [ -83.3549020721956, 33.893667024174547 ], [ -83.354654504588197, 33.893575365857167 ], [ -83.354578031906357, 33.893511462754333 ], [ -83.354199990292074, 33.893400146162485 ], [ -83.353864145241602, 33.893363689581754 ], [ -83.353513806772369, 33.893298803525418 ], [ -83.353295438903245, 33.893196699436714 ], [ -83.353240543754509, 33.893157946097539 ] ] ] } },
{ "type": "Feature", "properties": { "NAME": null, "SUBTYPE": 0 }, "geometry": { "type": "Polygon", "coordinates": [ [ [ -83.355146798431846, 33.893717854862174 ], [ -83.355203438108788, 33.893743015922063 ], [ -83.355362546813637, 33.893728180121599 ], [ -83.355202732032964, 33.893744440146889 ], [ -83.355146798431846, 33.893717854862174 ] ] ] } },
{ "type": "Feature", "properties": { "NAME": null, "SUBTYPE": 0 }, "geometry": { "type": "Polygon", "coordinates": [ [ [ -83.368026844550087, 33.893829937545881 ], [ -83.368130174386039, 33.893736603181956 ], [ -83.368378837938153, 33.893570773282313 ], [ -83.368703780135988, 33.893508462926093 ], [ -83.368930049574999, 33.893535705275852 ], [ -83.368379727270266, 33.893570861271243 ], [ -83.368026844550087, 33.893829937545881 ] ] ] } },
{ "type": "Feature", "properties": { "NAME": null, "SUBTYPE": 0 }, "geometry": { "type": "Polygon", "coordinates": [ [ [ -83.368026352495434, 33.893830382002108 ], [ -83.367791708051627, 33.893665898961437 ], [ -83.368026844550087, 33.893829937545881 ], [ -83.368026352495434, 33.893830382002108 ] ] ] } },
{ "type": "Feature", "properties": { "NAME": null, "SUBTYPE": 0 }, "geometry": { "type": "Polygon", "coordinates": [ [ [ -83.367583497433415, 33.893938918190656 ], [ -83.367791050484826, 33.893665702105011 ], [ -83.367791577104171, 33.893666070668431 ], [ -83.367583497433415, 33.893938918190656 ] ] ] } },
{ "type": "Feature", "properties": { "NAME": null, "SUBTYPE": 0 }, "geometry": { "type": "Polygon", "coordinates": [ [ [ -83.36758257306694, 33.893939132196707 ], [ -83.367280790335428, 33.893804194184611 ], [ -83.367582929096287, 33.893938665244519 ], [ -83.36758257306694, 33.893939132196707 ] ] ] } },
{ "type": "Feature", "properties": { "NAME": null, "SUBTYPE": 0 }, "geometry": { "type": "Polygon", "coordinates": [ [ [ -83.355394957130784, 33.89394208503284 ], [ -83.355593076075081, 33.894182115972619 ], [ -83.355653693492172, 33.894208374512004 ], [ -83.355711158720894, 33.89421941554869 ], [ -83.355854868505077, 33.894230062128152 ], [ -83.355910153522572, 33.894238257711748 ], [ -83.35596533523389, 33.8942573079105 ], [ -83.35590944744682, 33.894239709517798 ], [ -83.355710453543367, 33.894220867355031 ], [ -83.355652987416363, 33.894209826318622 ], [ -83.355592369999258, 33.894183595369213 ], [ -83.355394957130784, 33.89394208503284 ] ] ] } },
{ "type": "Feature", "properties": { "NAME": null, "SUBTYPE": 0 }, "geometry": { "type": "Polygon", "coordinates": [ [ [ -83.356040492782142, 33.894289762883595 ], [ -83.356263102496044, 33.894410934469882 ], [ -83.35629795263749, 33.894440430600277 ], [ -83.356378107513677, 33.894585562270649 ], [ -83.356537730953164, 33.894694117630955 ], [ -83.356599153260717, 33.894760805627968 ], [ -83.356377402336221, 33.894586987227051 ], [ -83.356262462895614, 33.894412359429154 ], [ -83.356040492782142, 33.894289762883595 ] ] ] } },
{ "type": "Feature", "properties": { "NAME": null, "SUBTYPE": 0 }, "geometry": { "type": "Polygon", "coordinates": [ [ [ -83.356864227705401, 33.892735060079886 ], [ -83.357465961034507, 33.894402902202806 ], [ -83.357717371496761, 33.894825255164335 ], [ -83.357499195106783, 33.894471060871155 ], [ -83.35743870525053, 33.894348203428272 ], [ -83.357384523364132, 33.894223315367533 ], [ -83.356864227705401, 33.892735060079886 ] ] ] } },
{ "type": "Feature", "properties": { "NAME": null, "SUBTYPE": 0 }, "geometry": { "type": "Polygon", "coordinates": [ [ [ -83.357717371496761, 33.894825255164335 ], [ -83.35774992201884, 33.894869871580688 ], [ -83.357728524219041, 33.894843991253374 ], [ -83.357717371496761, 33.894825255164335 ] ] ] } },
{ "type": "Feature", "properties": { "NAME": null, "SUBTYPE": 0 }, "geometry": { "type": "Polygon", "coordinates": [ [ [ -83.357418519229213, 33.894943702038596 ], [ -83.357432248749333, 33.894963069912123 ], [ -83.357426400127764, 33.894955860729361 ], [ -83.357418519229213, 33.894943702038596 ] ] ] } },
{ "type": "Feature", "properties": { "NAME": null, "SUBTYPE": 0 }, "geometry": { "type": "Polygon", "coordinates": [ [ [ -83.357957252227564, 33.89512063514497 ], [ -83.358002925315787, 33.895169484728349 ], [ -83.357977581233271, 33.895145223053191 ], [ -83.357957252227564, 33.89512063514497 ] ] ] } },
{ "type": "Feature", "properties": { "NAME": null, "SUBTYPE": 0 }, "geometry": { "type": "Polygon", "coordinates": [ [ [ -83.357695439880587, 33.895287512985554 ], [ -83.357754017093399, 33.895349934520425 ], [ -83.357712896228051, 33.895309030661096 ], [ -83.357695439880587, 33.895287512985554 ] ] ] } },
{ "type": "Feature", "properties": { "NAME": null, "SUBTYPE": 0 }, "geometry": { "type": "Polygon", "coordinates": [ [ [ -83.356599153260717, 33.894760805627968 ], [ -83.356263102496044, 33.894410934469882 ], [ -83.35553181815925, 33.89413656188021 ], [ -83.355394957130784, 33.89394208503284 ], [ -83.355362546813637, 33.893728180121599 ], [ -83.35490277916972, 33.893665517925015 ], [ -83.354200663130214, 33.893398694342132 ], [ -83.353485445162249, 33.893287239653894 ], [ -83.353126273558829, 33.893101103460282 ], [ -83.352754972004121, 33.892589484464686 ], [ -83.352367997542672, 33.892465269413321 ], [ -83.352530029365411, 33.89224314041612 ], [ -83.35252362976729, 33.891990658575104 ], [ -83.35227599658279, 33.891674337873205 ], [ -83.352121518693309, 33.891008361299363 ], [ -83.352525597976111, 33.889865709924273 ], [ -83.352577675109742, 33.889572997787205 ], [ -83.35251753649473, 33.889361601658067 ], [ -83.351925922218271, 33.888976503431678 ], [ -83.35092454411992, 33.888766161005272 ], [ -83.350354814600436, 33.888495850054291 ], [ -83.349843080315694, 33.888097997654704 ], [ -83.349622421742566, 33.887359990626699 ], [ -83.349687403175295, 33.886703132699971 ], [ -83.349835783300662, 33.886312210979504 ], [ -83.350207863694692, 33.885838268388035 ], [ -83.35027875873692, 33.885556123722445 ], [ -83.350254594954052, 33.885256421876115 ], [ -83.350378069288169, 33.884854094812638 ], [ -83.350441828113844, 33.884044461572266 ], [ -83.350313802914457, 33.883502953507374 ], [ -83.350035903691463, 33.88331987519966 ], [ -83.34959407809869, 33.883386032906671 ], [ -83.349460495022726, 33.883932622530381 ], [ -83.34922060531602, 33.884220927245664 ], [ -83.348812812397824, 33.884401079537746 ], [ -83.348187160056952, 33.884404289987529 ], [ -83.347799680742284, 33.884292698260566 ], [ -83.347462385810942, 33.884098199714458 ], [ -83.347179502734761, 33.883726974872722 ], [ -83.347297335648889, 33.883409392280456 ], [ -83.34726404228779, 33.883145436130015 ], [ -83.347549551139608, 33.882755704006968 ], [ -83.348795717457975, 33.881872801983405 ], [ -83.349372433175375, 33.881336243274063 ], [ -83.349612281559615, 33.881051263186201 ], [ -83.349625332284091, 33.880605086679303 ], [ -83.352142553644001, 33.879954513705087 ], [ -83.354899076314112, 33.874898342127501 ], [ -83.356675223497291, 33.87490079591521 ], [ -83.357684596601644, 33.875100205836532 ], [ -83.356960706297954, 33.876131951529679 ], [ -83.356614394976077, 33.876819640815562 ], [ -83.35514030630732, 33.881821289313805 ], [ -83.355196814830236, 33.882416266845041 ], [ -83.35542097234142, 33.882974714325151 ], [ -83.35581392329442, 33.883485849570036 ], [ -83.357036604057939, 33.884641328238366 ], [ -83.357323284555321, 33.885128738074137 ], [ -83.357451648558381, 33.885627974102725 ], [ -83.357350592100588, 33.886576542116671 ], [ -83.356432029786916, 33.891155853699281 ], [ -83.356385796194175, 33.891849201693759 ], [ -83.356514961355643, 33.892699248870358 ], [ -83.35716230262075, 33.894509786769838 ], [ -83.357812372967672, 33.895407983328894 ], [ -83.356599153260717, 33.894760805627968 ] ] ] } },
{ "type": "Feature", "properties": { "NAME": null, "SUBTYPE": 0 }, "geometry": { "type": "Polygon", "coordinates": [ [ [ -83.356599153260717, 33.894760805627968 ], [ -83.357377897390634, 33.895182012180165 ], [ -83.357812372967672, 33.895407983328894 ], [ -83.357369337344295, 33.895181131561785 ], [ -83.356599153260717, 33.894760805627968 ] ] ] } },
{ "type": "Feature", "properties": { "NAME": null, "SUBTYPE": 0 }, "geometry": { "type": "Polygon", "coordinates": [ [ [ -83.367280628682707, 33.893804330428431 ], [ -83.36758257306694, 33.893939132196707 ], [ -83.367791577104171, 33.893666070668431 ], [ -83.368026352495434, 33.893830382002108 ], [ -83.368379727270266, 33.893570861271243 ], [ -83.368930049574999, 33.893535705275852 ], [ -83.369145445828565, 33.893622950704668 ], [ -83.369709163822208, 33.894170473926117 ], [ -83.367263718539135, 33.895720180836982 ], [ -83.366823557737334, 33.895353816104269 ], [ -83.366673082740704, 33.895456772128206 ], [ -83.365916073349084, 33.894954394022363 ], [ -83.367280628682707, 33.893804330428431 ] ] ] } },
{ "type": "Feature", "properties": { "NAME": null, "SUBTYPE": 0 }, "geometry": { "type": "Polygon", "coordinates": [ [ [ -83.367280628682707, 33.893804330428431 ], [ -83.365916073349084, 33.894954394022363 ], [ -83.366673082740704, 33.895456772128206 ], [ -83.366823557737334, 33.895353816104269 ], [ -83.367263272289094, 33.895720462761041 ], [ -83.36682285166151, 33.895355295480535 ], [ -83.366672583277378, 33.895457346280679 ], [ -83.365915315171009, 33.894954417137733 ], [ -83.367280628682707, 33.893804330428431 ] ] ] } },
{ "type": "Feature", "properties": { "NAME": null, "SUBTYPE": 0 }, "geometry": { "type": "Polygon", "coordinates": [ [ [ -83.383325779288143, 33.894757850583211 ], [ -83.378398795737567, 33.896329058744534 ], [ -83.383247598010684, 33.894759332206689 ], [ -83.383325779288143, 33.894757850583211 ] ] ] } },
{ "type": "Feature", "properties": { "NAME": null, "SUBTYPE": 0 }, "geometry": { "type": "Polygon", "coordinates": [ [ [ -83.359150845689356, 33.895975517210154 ], [ -83.361455748418905, 33.897130510568786 ], [ -83.36149390638036, 33.89714962916014 ], [ -83.360283082257141, 33.896545978477519 ], [ -83.359150845689356, 33.895975517210154 ] ] ] } },
{ "type": "Feature", "properties": { "NAME": null, "SUBTYPE": 0 }, "geometry": { "type": "Polygon", "coordinates": [ [ [ -83.358978804834919, 33.896209906091734 ], [ -83.361250491872653, 33.897348228306079 ], [ -83.359608680142372, 33.896530377389126 ], [ -83.358978804834919, 33.896209906091734 ] ] ] } },
{ "type": "Feature", "properties": { "NAME": null, "SUBTYPE": 0 }, "geometry": { "type": "Polygon", "coordinates": [ [ [ -83.367086371551778, 33.897221174859254 ], [ -83.365907120738925, 33.8968535705419 ], [ -83.367086701233475, 33.897221177096164 ], [ -83.366828688015886, 33.897465621167257 ], [ -83.367086371551778, 33.897221174859254 ] ] ] } },
{ "type": "Feature", "properties": { "NAME": null, "SUBTYPE": 0 }, "geometry": { "type": "Polygon", "coordinates": [ [ [ -83.36149390638036, 33.89714962916014 ], [ -83.361997786471434, 33.897401293730304 ], [ -83.362339382997973, 33.897573243169631 ], [ -83.36149390638036, 33.89714962916014 ] ] ] } },
{ "type": "Feature", "properties": { "NAME": null, "SUBTYPE": 0 }, "geometry": { "type": "Polygon", "coordinates": [ [ [ -83.36587278084059, 33.8966703240378 ], [ -83.365185406154851, 33.897621887454669 ], [ -83.364271662305725, 33.896664632553474 ], [ -83.365185014489384, 33.896427371957472 ], [ -83.36587278084059, 33.8966703240378 ] ] ] } },
{ "type": "Feature", "properties": { "NAME": null, "SUBTYPE": 0 }, "geometry": { "type": "Polygon", "coordinates": [ [ [ -83.361251248435664, 33.897348606293455 ], [ -83.361599051266253, 33.89752185842282 ], [ -83.361850694538361, 33.897648973322376 ], [ -83.361251248435664, 33.897348606293455 ] ] ] } },
{ "type": "Feature", "properties": { "NAME": null, "SUBTYPE": 0 }, "geometry": { "type": "Polygon", "coordinates": [ [ [ -83.363441913947611, 33.897571891983503 ], [ -83.36344192351207, 33.897571866615515 ], [ -83.363668524440826, 33.897663151549153 ], [ -83.363441913947611, 33.897571891983503 ] ] ] } },
{ "type": "Feature", "properties": { "NAME": null, "SUBTYPE": 0 }, "geometry": { "type": "Polygon", "coordinates": [ [ [ -83.363441913947611, 33.897571891983503 ], [ -83.36319010852084, 33.897997646729429 ], [ -83.363439851997043, 33.897571413270065 ], [ -83.363441913947611, 33.897571891983503 ] ] ] } },
{ "type": "Feature", "properties": { "NAME": null, "SUBTYPE": 0 }, "geometry": { "type": "Polygon", "coordinates": [ [ [ -83.362339382997973, 33.897573243169631 ], [ -83.363189263526678, 33.897999081416039 ], [ -83.363188366836624, 33.898000591640042 ], [ -83.362339382997973, 33.897573243169631 ] ] ] } },
{ "type": "Feature", "properties": { "NAME": null, "SUBTYPE": 0 }, "geometry": { "type": "Polygon", "coordinates": [ [ [ -83.364849961753052, 33.898138819437975 ], [ -83.363439851997043, 33.897571413270065 ], [ -83.363189263526678, 33.897999081416039 ], [ -83.35848393999936, 33.895583459130776 ], [ -83.357957252227564, 33.89512063514497 ], [ -83.357465961034507, 33.894402902202806 ], [ -83.356781504628287, 33.892407139332477 ], [ -83.356742035696527, 33.891324240040717 ], [ -83.357752104096917, 33.886241427522684 ], [ -83.357780943610805, 33.885608682645461 ], [ -83.357603270322329, 33.884956492270852 ], [ -83.357353266483855, 33.884541243711936 ], [ -83.355765998174022, 33.882929812755052 ], [ -83.355529290691763, 33.882396521129216 ], [ -83.355474956476954, 33.881795846553565 ], [ -83.356974529573492, 33.876785787503557 ], [ -83.357232171309661, 33.876297757324103 ], [ -83.357371790643327, 33.876360195685479 ], [ -83.357940830256695, 33.875546265690282 ], [ -83.35780248837942, 33.875478570207257 ], [ -83.35801929719841, 33.875170280302093 ], [ -83.359235530753125, 33.875560543791472 ], [ -83.360347215680193, 33.876306594375677 ], [ -83.360713410312485, 33.87673527563139 ], [ -83.360925208802016, 33.877277046661163 ], [ -83.360881004503497, 33.878169670056565 ], [ -83.360742288453963, 33.878769689290031 ], [ -83.360815339452856, 33.87998878414686 ], [ -83.360968840873625, 33.880399419068773 ], [ -83.361305173709283, 33.880989078670488 ], [ -83.361731613856122, 33.88147844397335 ], [ -83.363478640352668, 33.882718545587473 ], [ -83.363649534055725, 33.882934643800986 ], [ -83.36385875797356, 33.883392465814744 ], [ -83.3637811300583, 33.883972660518552 ], [ -83.363839896945905, 33.884537145081417 ], [ -83.363950294504406, 33.884802945629559 ], [ -83.364323830169226, 33.885318970931969 ], [ -83.365074744491608, 33.885945175619689 ], [ -83.365632750098342, 33.887398947945385 ], [ -83.366005709943082, 33.887971904310547 ], [ -83.366499404260267, 33.888075993786707 ], [ -83.367495537994017, 33.887908642055798 ], [ -83.368416339906346, 33.887706113635886 ], [ -83.369261862099535, 33.887391792733894 ], [ -83.369740445855328, 33.887363340415448 ], [ -83.370842301416531, 33.887086446973576 ], [ -83.371643321968861, 33.886541668800234 ], [ -83.372500278817256, 33.885790946171397 ], [ -83.372777188096904, 33.885653017536228 ], [ -83.373328931547746, 33.885903625458937 ], [ -83.373628150487406, 33.886427635361564 ], [ -83.374440339793679, 33.887363201710897 ], [ -83.374714222649104, 33.888144845061653 ], [ -83.374922802474885, 33.888455539020576 ], [ -83.375761751695137, 33.889272990144988 ], [ -83.376033036622729, 33.890263085035095 ], [ -83.376352407469213, 33.89065286339698 ], [ -83.372245112360844, 33.892814096405139 ], [ -83.370669836560083, 33.893556522056365 ], [ -83.369709955237965, 33.894170479145757 ], [ -83.369146170769014, 33.893622927588936 ], [ -83.36893077362852, 33.893535792453967 ], [ -83.368378837938153, 33.893570773282313 ], [ -83.368026844550087, 33.893829937545881 ], [ -83.367791050484826, 33.893665702105011 ], [ -83.367582929096287, 33.893938665244519 ], [ -83.367280066293318, 33.893804079351924 ], [ -83.365915315171009, 33.894954417137733 ], [ -83.366672583277378, 33.895457346280679 ], [ -83.36682285166151, 33.895355295480535 ], [ -83.367263997229543, 33.89572041280254 ], [ -83.36587278084059, 33.8966703240378 ], [ -83.365185014489384, 33.896427371957472 ], [ -83.364271662305725, 33.896664632553474 ], [ -83.365185406154851, 33.897621887454669 ], [ -83.364849961753052, 33.898138819437975 ] ] ] } },
{ "type": "Feature", "properties": { "NAME": null, "SUBTYPE": 0 }, "geometry": { "type": "Polygon", "coordinates": [ [ [ -83.365907043087802, 33.896853657204232 ], [ -83.367086371551778, 33.897221174859254 ], [ -83.366828688015886, 33.897465621167257 ], [ -83.366321307865334, 33.89839024665627 ], [ -83.365593651823914, 33.898214145828412 ], [ -83.365212689786674, 33.897946257549677 ], [ -83.365480805457921, 33.897415064124573 ], [ -83.365907043087802, 33.896853657204232 ] ] ] } },
{ "type": "Feature", "properties": { "NAME": null, "SUBTYPE": 0 }, "geometry": { "type": "Polygon", "coordinates": [ [ [ -83.363189263526678, 33.897999081416039 ], [ -83.363441913947611, 33.897571891983503 ], [ -83.364849961753052, 33.898138819437975 ], [ -83.364537391640937, 33.898674549760685 ], [ -83.363189263526678, 33.897999081416039 ] ] ] } },
{ "type": "Feature", "properties": { "NAME": null, "SUBTYPE": 0 }, "geometry": { "type": "Polygon", "coordinates": [ [ [ -83.363189263526678, 33.897999081416039 ], [ -83.364537391640937, 33.898674549760685 ], [ -83.364536032900602, 33.898676885247603 ], [ -83.363189263526678, 33.897999081416039 ] ] ] } },
{ "type": "Feature", "properties": { "NAME": null, "SUBTYPE": 0 }, "geometry": { "type": "Polygon", "coordinates": [ [ [ -83.366321307865334, 33.89839024665627 ], [ -83.366828688015886, 33.897465621167257 ], [ -83.367086701233475, 33.897221177096164 ], [ -83.365906757819545, 33.896853568304984 ], [ -83.370980085014821, 33.893550391910821 ], [ -83.376413020394708, 33.890726461170331 ], [ -83.376663347626732, 33.890910073158494 ], [ -83.377525941403533, 33.890867729761979 ], [ -83.378094966643815, 33.891150579433393 ], [ -83.378261810741606, 33.891450860104612 ], [ -83.378349654298219, 33.892551375860997 ], [ -83.378569366945413, 33.892908082791514 ], [ -83.378971657682442, 33.89322751135245 ], [ -83.380035936715302, 33.893739218983463 ], [ -83.380514983103495, 33.893818344704187 ], [ -83.381546716173631, 33.893827012334356 ], [ -83.382405784062996, 33.894424891762377 ], [ -83.383325779288143, 33.894757850583211 ], [ -83.378398795737567, 33.896329058744534 ], [ -83.373839337224226, 33.89815421369282 ], [ -83.375094439982988, 33.899423934882869 ], [ -83.372658287984166, 33.899892332909531 ], [ -83.371224336940571, 33.900304281972048 ], [ -83.370382844589713, 33.899640320338186 ], [ -83.369134636400744, 33.899042505063235 ], [ -83.366321307865334, 33.89839024665627 ] ] ] } },
{ "type": "Feature", "properties": { "NAME": null, "SUBTYPE": 0 }, "geometry": { "type": "Polygon", "coordinates": [ [ [ -83.352367997542672, 33.892465269413321 ], [ -83.352754265928297, 33.892590936298809 ], [ -83.353125601619013, 33.893102527695824 ], [ -83.35348473908644, 33.893288719066007 ], [ -83.354199990292074, 33.893400146162485 ], [ -83.3549020721956, 33.893667024174547 ], [ -83.355362546813637, 33.893728180121599 ], [ -83.355443773379903, 33.894048730073422 ], [ -83.355592369999258, 33.894183595369213 ], [ -83.35596533523389, 33.8942573079105 ], [ -83.356262462895614, 33.894412359429154 ], [ -83.356597381782962, 33.894759969744761 ], [ -83.357812372967672, 33.895407983328894 ], [ -83.358541072851395, 33.89596873108853 ], [ -83.36363099821817, 33.898544439156211 ], [ -83.362730578181328, 33.900038007054576 ], [ -83.36222814595132, 33.901422401926482 ], [ -83.362141174658774, 33.902671335137825 ], [ -83.35280008000781, 33.899427028450965 ], [ -83.352739081705053, 33.898951590689187 ], [ -83.352472627917052, 33.898546713313834 ], [ -83.351368166343221, 33.897303043527899 ], [ -83.349327013456346, 33.896486801251854 ], [ -83.348750232161862, 33.895821701112183 ], [ -83.347955222237104, 33.894513304051415 ], [ -83.347766885047861, 33.894072550330826 ], [ -83.347726400673011, 33.89356764967507 ], [ -83.347815662669504, 33.893206512482429 ], [ -83.348085803143462, 33.892938637553904 ], [ -83.348955861021963, 33.892832348303749 ], [ -83.348920428772189, 33.893067871788915 ], [ -83.348747399773757, 33.893353514158029 ], [ -83.348749612324298, 33.893546279545539 ], [ -83.348938607978639, 33.893928748800867 ], [ -83.349181566330358, 33.894026434694162 ], [ -83.350491347743855, 33.893721534731981 ], [ -83.352055497909859, 33.892805478632383 ], [ -83.352367997542672, 33.892465269413321 ] ] ] } },
{ "type": "Feature", "properties": { "NAME": null, "SUBTYPE": 0 }, "geometry": { "type": "Polygon", "coordinates": [ [ [ -83.24706132917342, 33.902804948374573 ], [ -83.246659268405068, 33.902527800117916 ], [ -83.246613970856885, 33.902584483625702 ], [ -83.244011137355415, 33.900784219378941 ], [ -83.244321569964825, 33.900286535705199 ], [ -83.243765498430875, 33.899905144788107 ], [ -83.243447178613295, 33.900400597588501 ], [ -83.243368601294222, 33.900346898637267 ], [ -83.247909291914013, 33.89306635435635 ], [ -83.247907076843745, 33.894004169881448 ], [ -83.247665643831368, 33.895265213053463 ], [ -83.247646756752516, 33.895800174215346 ], [ -83.247907708359335, 33.896968864339676 ], [ -83.247911547758875, 33.89734829021814 ], [ -83.247075750726992, 33.900728184097431 ], [ -83.247045226871947, 33.902100831363185 ], [ -83.246858510243484, 33.902099437101768 ], [ -83.246854461536515, 33.902231011291811 ], [ -83.247051652521151, 33.902239051022981 ], [ -83.24706132917342, 33.902804948374573 ] ] ] } },
{ "type": "Feature", "properties": { "NAME": null, "SUBTYPE": 0 }, "geometry": { "type": "Polygon", "coordinates": [ [ [ -83.368677290614869, 33.904071647822569 ], [ -83.368764773048838, 33.904305224883423 ], [ -83.36876152737095, 33.904306093513576 ], [ -83.368677290614869, 33.904071647822569 ] ] ] } },
{ "type": "Feature", "properties": { "NAME": null, "SUBTYPE": 0 }, "geometry": { "type": "Polygon", "coordinates": [ [ [ -83.368960466541878, 33.904859773616913 ], [ -83.368677290614869, 33.904071647822569 ], [ -83.364752615817252, 33.903246033480336 ], [ -83.367747369904123, 33.90047329594757 ], [ -83.370484611135012, 33.901352901513377 ], [ -83.371078832322397, 33.901677772623337 ], [ -83.371492897277903, 33.902057841873336 ], [ -83.371862059943894, 33.902745460854248 ], [ -83.372105198857014, 33.903813151371516 ], [ -83.368960466541878, 33.904859773616913 ] ] ] } },
{ "type": "Feature", "properties": { "NAME": null, "SUBTYPE": 0 }, "geometry": { "type": "Polygon", "coordinates": [ [ [ -83.381328280930845, 33.904515627400201 ], [ -83.379843791567623, 33.904921362914017 ], [ -83.379306396906799, 33.9050412906955 ], [ -83.37997982165443, 33.904866198195357 ], [ -83.381328280930845, 33.904515627400201 ] ] ] } },
{ "type": "Feature", "properties": { "NAME": null, "SUBTYPE": 0 }, "geometry": { "type": "Polygon", "coordinates": [ [ [ -83.383575877449758, 33.905635878862512 ], [ -83.384440368468518, 33.905798700068672 ], [ -83.385147650719247, 33.905957962403178 ], [ -83.383575877449758, 33.905635878862512 ] ] ] } },
{ "type": "Feature", "properties": { "NAME": null, "SUBTYPE": 0 }, "geometry": { "type": "Polygon", "coordinates": [ [ [ -83.372658287984166, 33.899892332909531 ], [ -83.373533496802594, 33.90167942188625 ], [ -83.376382287232147, 33.901677944856552 ], [ -83.378075386963886, 33.903924176269598 ], [ -83.378127246705304, 33.904792025860665 ], [ -83.377162983401192, 33.904857958899008 ], [ -83.376829132610681, 33.904963736610931 ], [ -83.376419620317066, 33.90525408391953 ], [ -83.376063435611997, 33.905776051382944 ], [ -83.375672295662525, 33.906081931150332 ], [ -83.375008768552632, 33.90630746410185 ], [ -83.371759572051417, 33.901008060403953 ], [ -83.371229951411067, 33.900303053952285 ], [ -83.372658287984166, 33.899892332909531 ] ] ] } },
{ "type": "Feature", "properties": { "NAME": null, "SUBTYPE": 0 }, "geometry": { "type": "MultiPolygon", "coordinates": [ [ [ [ -83.393352944271072, 33.904657823754 ], [ -83.393608298372101, 33.904312382724157 ], [ -83.393886922638885, 33.906031504470761 ], [ -83.393856531535661, 33.906142285058095 ], [ -83.393543070006018, 33.905505787636194 ], [ -83.393391139738696, 33.904902671480002 ], [ -83.393352944271072, 33.904657823754 ] ] ], [ [ [ -83.393787665986565, 33.906614475205743 ], [ -83.393811333682862, 33.906340817145349 ], [ -83.39411609431491, 33.907197351031698 ], [ -83.394052562994133, 33.907209038979985 ], [ -83.393787665986565, 33.906614475205743 ] ] ] ] } },
{ "type": "Feature", "properties": { "NAME": null, "SUBTYPE": 0 }, "geometry": { "type": "Polygon", "coordinates": [ [ [ -83.368019789827628, 33.900255711235374 ], [ -83.367111343818351, 33.898757905490292 ], [ -83.369201490820814, 33.899231484011487 ], [ -83.369774607887237, 33.899445724067917 ], [ -83.370462883583272, 33.899840019147618 ], [ -83.37113574688388, 33.900386290091959 ], [ -83.372417570929102, 33.902320478702279 ], [ -83.375498084481137, 33.907447492272418 ], [ -83.374996101465342, 33.907668479089985 ], [ -83.373727608362387, 33.906429290356833 ], [ -83.373235393570511, 33.90582944704046 ], [ -83.372640863362633, 33.904660599518479 ], [ -83.372139437245735, 33.902521558778595 ], [ -83.371891306394645, 33.902064939934782 ], [ -83.371535671458503, 33.901660747635823 ], [ -83.37070279395121, 33.901130064229491 ], [ -83.368019789827628, 33.900255711235374 ] ] ] } },
{ "type": "Feature", "properties": { "NAME": null, "SUBTYPE": 0 }, "geometry": { "type": "Polygon", "coordinates": [ [ [ -83.368022533757127, 33.900259877153346 ], [ -83.37042783221915, 33.901027945657844 ], [ -83.37070279395121, 33.901130064229491 ], [ -83.37096359284449, 33.901255382080194 ], [ -83.371207422562094, 33.90140254957096 ], [ -83.371431661819926, 33.901569985173126 ], [ -83.371633897743223, 33.901755886658435 ], [ -83.371811953713973, 33.901958254218798 ], [ -83.371963916320681, 33.902174912094473 ], [ -83.372139437245735, 33.902521558778595 ], [ -83.372585543310777, 33.904484695797962 ], [ -83.373029551809651, 33.905508857871006 ], [ -83.373594874194382, 33.90628499523072 ], [ -83.374996101465342, 33.907668479089985 ], [ -83.374939364713811, 33.907693456268468 ], [ -83.373896647942729, 33.906688698889148 ], [ -83.373161153202119, 33.905834033736234 ], [ -83.372907788766142, 33.905423045585479 ], [ -83.372582298596029, 33.904715237996811 ], [ -83.372182497988888, 33.902966138424723 ], [ -83.371715412668706, 33.901849350965179 ], [ -83.371217023755833, 33.901414683472026 ], [ -83.370620759799479, 33.901104144834008 ], [ -83.368022533757127, 33.900259877153346 ] ] ] } },
{ "type": "Feature", "properties": { "NAME": null, "SUBTYPE": 0 }, "geometry": { "type": "Polygon", "coordinates": [ [ [ -83.380135845544586, 33.907015625281595 ], [ -83.379513383121292, 33.907765257482716 ], [ -83.379345643403184, 33.907967241734568 ], [ -83.380135845544586, 33.907015625281595 ] ] ] } },
{ "type": "Feature", "properties": { "NAME": null, "SUBTYPE": 0 }, "geometry": { "type": "Polygon", "coordinates": [ [ [ -83.370138315982842, 33.907972430714004 ], [ -83.368960466541878, 33.904859773616913 ], [ -83.372105198857014, 33.903813151371516 ], [ -83.372241843391535, 33.904420453432948 ], [ -83.372689738002279, 33.905547393111419 ], [ -83.373388670412453, 33.906505812750083 ], [ -83.374309952025158, 33.907424426517991 ], [ -83.372093011413597, 33.908414451574068 ], [ -83.370138315982842, 33.907972430714004 ] ] ] } },
{ "type": "Feature", "properties": { "NAME": null, "SUBTYPE": 0 }, "geometry": { "type": "Polygon", "coordinates": [ [ [ -83.36876152737095, 33.904306093513576 ], [ -83.370470822893694, 33.90886072043844 ], [ -83.368433042282376, 33.909410150546663 ], [ -83.366823672721679, 33.907942248145844 ], [ -83.366826767417791, 33.907700695514372 ], [ -83.364993417314054, 33.906028413379026 ], [ -83.367796564344019, 33.904592826254373 ], [ -83.36876152737095, 33.904306093513576 ] ] ] } },
{ "type": "Feature", "properties": { "NAME": null, "SUBTYPE": 0 }, "geometry": { "type": "Polygon", "coordinates": [ [ [ -83.379345643403184, 33.907967241734568 ], [ -83.381778759653301, 33.909546727879835 ], [ -83.381257349057691, 33.909209464703359 ], [ -83.379345643403184, 33.907967241734568 ] ] ] } },
{ "type": "Feature", "properties": { "NAME": null, "SUBTYPE": 0 }, "geometry": { "type": "Polygon", "coordinates": [ [ [ -83.381778759653301, 33.909546727879835 ], [ -83.381786015511437, 33.909551421165482 ], [ -83.381785100303944, 33.909550843949837 ], [ -83.381778759653301, 33.909546727879835 ] ] ] } },
{ "type": "Feature", "properties": { "NAME": null, "SUBTYPE": 0 }, "geometry": { "type": "Polygon", "coordinates": [ [ [ -83.376693456460046, 33.905641315510842 ], [ -83.377011347781234, 33.905257878854357 ], [ -83.377271070492796, 33.905167015096126 ], [ -83.379306396906799, 33.9050412906955 ], [ -83.381328280930845, 33.904515627400201 ], [ -83.381671687999329, 33.904919806910115 ], [ -83.385294123721252, 33.905534696152039 ], [ -83.385147650719247, 33.905957962403178 ], [ -83.383575877449758, 33.905635878862512 ], [ -83.382633000337719, 33.907659841854596 ], [ -83.380135845544586, 33.907015625281595 ], [ -83.379345643403184, 33.907967241734568 ], [ -83.378879619891691, 33.90766433600421 ], [ -83.378098512294301, 33.908435041125799 ], [ -83.37729253573653, 33.909831871461236 ], [ -83.377151974547417, 33.909776942524786 ], [ -83.376254162319853, 33.908315136757331 ], [ -83.377329041473033, 33.907527254644002 ], [ -83.376473976476575, 33.90611043537762 ], [ -83.376693456460046, 33.905641315510842 ] ] ] } },
{ "type": "Feature", "properties": { "NAME": null, "SUBTYPE": 0 }, "geometry": { "type": "Polygon", "coordinates": [ [ [ -83.377066211274681, 33.910181657097716 ], [ -83.374309952025158, 33.907424426517991 ], [ -83.374060265810144, 33.907180290214569 ], [ -83.377066211274681, 33.910181657097716 ] ] ] } },
{ "type": "Feature", "properties": { "NAME": null, "SUBTYPE": 0 }, "geometry": { "type": "Polygon", "coordinates": [ [ [ -83.377066211274681, 33.910181657097716 ], [ -83.377078720529269, 33.910196931264544 ], [ -83.377090631338433, 33.910215518598854 ], [ -83.377066211274681, 33.910181657097716 ] ] ] } },
{ "type": "Feature", "properties": { "NAME": null, "SUBTYPE": 0 }, "geometry": { "type": "Polygon", "coordinates": [ [ [ -83.376202457871642, 33.909306437462298 ], [ -83.376222282907065, 33.90932615233794 ], [ -83.373793352464816, 33.910364033492854 ], [ -83.376202457871642, 33.909306437462298 ] ] ] } },
{ "type": "Feature", "properties": { "NAME": null, "SUBTYPE": 0 }, "geometry": { "type": "Polygon", "coordinates": [ [ [ -83.370470822893694, 33.90886072043844 ], [ -83.370138315982842, 33.907972430714004 ], [ -83.372093011413597, 33.908414451574068 ], [ -83.374309952025158, 33.907424426517991 ], [ -83.376202457871642, 33.909306437462298 ], [ -83.373793352464816, 33.910364033492854 ], [ -83.373796038427528, 33.909448204647489 ], [ -83.373591121931398, 33.908905023857869 ], [ -83.370470822893694, 33.90886072043844 ] ] ] } },
{ "type": "Feature", "properties": { "NAME": null, "SUBTYPE": 0 }, "geometry": { "type": "Polygon", "coordinates": [ [ [ -83.37759336727656, 33.910419212506625 ], [ -83.377670870201626, 33.910563207684426 ], [ -83.377741666429117, 33.910709584512851 ], [ -83.377805648935222, 33.910858126073443 ], [ -83.377862724295142, 33.911008610936655 ], [ -83.377912807054912, 33.911160816955309 ], [ -83.37759336727656, 33.910419212506625 ] ] ] } },
{ "type": "Feature", "properties": { "NAME": null, "SUBTYPE": 0 }, "geometry": { "type": "Polygon", "coordinates": [ [ [ -83.377912807054912, 33.911160816955309 ], [ -83.377915393418519, 33.911168382415511 ], [ -83.377916231804136, 33.911172139026128 ], [ -83.377912807054912, 33.911160816955309 ] ] ] } },
{ "type": "Feature", "properties": { "NAME": null, "SUBTYPE": 0 }, "geometry": { "type": "Polygon", "coordinates": [ [ [ -83.384531535791751, 33.911282985893052 ], [ -83.379345643403184, 33.907967241734568 ], [ -83.380135845544586, 33.907015625281595 ], [ -83.382633000337719, 33.907659841854596 ], [ -83.383575877449758, 33.905635878862512 ], [ -83.385147650719247, 33.905957962403178 ], [ -83.385294123721252, 33.905534696152039 ], [ -83.381671687999329, 33.904919806910115 ], [ -83.381328280930845, 33.904515627400201 ], [ -83.379306396906799, 33.9050412906955 ], [ -83.377271070492796, 33.905167015096126 ], [ -83.377011347781234, 33.905257878854357 ], [ -83.376693456460046, 33.905641315510842 ], [ -83.37647133992121, 33.906110418229773 ], [ -83.375221582138423, 33.906639069566559 ], [ -83.375008768552632, 33.90630746410185 ], [ -83.375672295662525, 33.906081931150332 ], [ -83.376063435611997, 33.905776051382944 ], [ -83.376419620317066, 33.90525408391953 ], [ -83.376829132610681, 33.904963736610931 ], [ -83.377162983401192, 33.904857958899008 ], [ -83.378127246705304, 33.904792025860665 ], [ -83.378075386963886, 33.903924176269598 ], [ -83.376382287232147, 33.901677944856552 ], [ -83.373533496802594, 33.90167942188625 ], [ -83.372658287984166, 33.899892332909531 ], [ -83.375094439982988, 33.899423934882869 ], [ -83.373839337224226, 33.89815421369282 ], [ -83.378398795737567, 33.896329058744534 ], [ -83.383325779288143, 33.894757850583211 ], [ -83.383762171870032, 33.894918420546091 ], [ -83.384523849806186, 33.895422780063321 ], [ -83.38463799513606, 33.895647474765632 ], [ -83.384637252229311, 33.895970783857415 ], [ -83.384154507477078, 33.896294824692632 ], [ -83.382943980919336, 33.896622974276745 ], [ -83.382326035225319, 33.897023643453537 ], [ -83.381917637740969, 33.897493550408463 ], [ -83.381819030570526, 33.897933002472065 ], [ -83.381880045941273, 33.898280227859914 ], [ -83.38274683934209, 33.898892361448205 ], [ -83.3836678775113, 33.899188720488901 ], [ -83.386367429924448, 33.899501957035135 ], [ -83.387755619889191, 33.899778681925568 ], [ -83.389538870949565, 33.89971670715839 ], [ -83.390183616083519, 33.89985911208629 ], [ -83.390875063730718, 33.900441613541709 ], [ -83.391500564256347, 33.901218397988977 ], [ -83.392866369102521, 33.902110003664376 ], [ -83.393208084643305, 33.902436424956498 ], [ -83.393387495273586, 33.902773121445456 ], [ -83.393374149003407, 33.903878927104294 ], [ -83.393217939161971, 33.904337757299928 ], [ -83.393009209317512, 33.904626920535051 ], [ -83.392474461093514, 33.905021401904257 ], [ -83.392361102687815, 33.905223554445797 ], [ -83.391969764210685, 33.90545240072278 ], [ -83.391137388861665, 33.906251282593296 ], [ -83.391004824475203, 33.906633917038114 ], [ -83.391029269430746, 33.906995280673499 ], [ -83.38703648885982, 33.908666470267661 ], [ -83.387768570002294, 33.909921649234342 ], [ -83.384531535791751, 33.911282985893052 ] ] ] } },
{ "type": "Feature", "properties": { "NAME": null, "SUBTYPE": 0 }, "geometry": { "type": "Polygon", "coordinates": [ [ [ -83.377090631338433, 33.910215518598854 ], [ -83.37727025751748, 33.910492989331509 ], [ -83.377421839238536, 33.910781858081734 ], [ -83.377486784738608, 33.910929955933682 ], [ -83.377544346985403, 33.911080161101566 ], [ -83.377594429859116, 33.911232218608262 ], [ -83.377664005896932, 33.911502367331451 ], [ -83.377472510508781, 33.910903157570729 ], [ -83.377090631338433, 33.910215518598854 ] ] ] } },
{ "type": "Feature", "properties": { "NAME": null, "SUBTYPE": 0 }, "geometry": { "type": "Polygon", "coordinates": [ [ [ -83.377664005896932, 33.911502367331451 ], [ -83.377669020570451, 33.911521829619481 ], [ -83.377673374111808, 33.911548115586506 ], [ -83.377664005896932, 33.911502367331451 ] ] ] } },
{ "type": "Feature", "properties": { "NAME": null, "SUBTYPE": 0 }, "geometry": { "type": "Polygon", "coordinates": [ [ [ -83.377673374111808, 33.911548115586506 ], [ -83.377691078702199, 33.911645692612829 ], [ -83.377705756129728, 33.911743617662303 ], [ -83.377673374111808, 33.911548115586506 ] ] ] } },
{ "type": "Feature", "properties": { "NAME": null, "SUBTYPE": 0 }, "geometry": { "type": "Polygon", "coordinates": [ [ [ -83.377916231804136, 33.911172139026128 ], [ -83.377990912089501, 33.911465661984948 ], [ -83.378039633117282, 33.911762953936666 ], [ -83.378054171451851, 33.91191251575372 ], [ -83.378063505505594, 33.912212469268766 ], [ -83.377916231804136, 33.911172139026128 ] ] ] } },
{ "type": "Feature", "properties": { "NAME": null, "SUBTYPE": 0 }, "geometry": { "type": "Polygon", "coordinates": [ [ [ -83.384531535791751, 33.911282985893052 ], [ -83.387768570002294, 33.909921649234342 ], [ -83.387370884493293, 33.909239805050049 ], [ -83.388194517872378, 33.908909388964261 ], [ -83.389586812239671, 33.911366098740018 ], [ -83.386673426652891, 33.91264794258575 ], [ -83.384531535791751, 33.911282985893052 ] ] ] } },
{ "type": "Feature", "properties": { "NAME": null, "SUBTYPE": 0 }, "geometry": { "type": "Polygon", "coordinates": [ [ [ -83.378063505505594, 33.912212469268766 ], [ -83.377956794973372, 33.911318329960991 ], [ -83.37756973157866, 33.910367958666455 ], [ -83.378139673100591, 33.910268115313556 ], [ -83.378155070224565, 33.909798758139374 ], [ -83.378817494203275, 33.908642066603925 ], [ -83.378098512294301, 33.908435068710808 ], [ -83.378879619891691, 33.90766433600421 ], [ -83.383508971825719, 33.91064511423702 ], [ -83.383582866342721, 33.911048949330755 ], [ -83.382984693466355, 33.912843246765988 ], [ -83.382377937187485, 33.912757931658327 ], [ -83.382224614531395, 33.912799797501016 ], [ -83.381324828705161, 33.912589633118891 ], [ -83.380858146728599, 33.913026460745783 ], [ -83.379110106932373, 33.912461967937467 ], [ -83.378063505505594, 33.912212469268766 ] ] ] } },
{ "type": "Feature", "properties": { "NAME": null, "SUBTYPE": 0 }, "geometry": { "type": "Polygon", "coordinates": [ [ [ -83.3777159298443, 33.911827870667899 ], [ -83.377733181841236, 33.912088629289507 ], [ -83.377733787305758, 33.912219224868139 ], [ -83.377729042404454, 33.912349762097364 ], [ -83.377713781824397, 33.912617341209931 ], [ -83.377667484451266, 33.913390959672022 ], [ -83.3777159298443, 33.911827870667899 ] ] ] } },
{ "type": "Feature", "properties": { "NAME": null, "SUBTYPE": 0 }, "geometry": { "type": "Polygon", "coordinates": [ [ [ -83.373688377137327, 33.911913892707965 ], [ -83.373793352464816, 33.910364033492854 ], [ -83.376231913745187, 33.90929350626778 ], [ -83.377090631338433, 33.910215518598854 ], [ -83.377594396621433, 33.911232225317903 ], [ -83.377730345859945, 33.912142136546144 ], [ -83.377667484451266, 33.913390959672022 ], [ -83.377467387416715, 33.912967928633655 ], [ -83.37761040370151, 33.912499581574231 ], [ -83.376068053850858, 33.912308097319965 ], [ -83.376099923382142, 33.911755276676026 ], [ -83.373688377137327, 33.911913892707965 ] ] ] } },
{ "type": "Feature", "properties": { "NAME": null, "SUBTYPE": 0 }, "geometry": { "type": "Polygon", "coordinates": [ [ [ -83.370045126551886, 33.918075140619145 ], [ -83.369753192050894, 33.917133084275868 ], [ -83.370558807485935, 33.915742789907732 ], [ -83.369603251551865, 33.915879234838442 ], [ -83.368254949480686, 33.917595226017063 ], [ -83.367969250186022, 33.917645806874106 ], [ -83.36711616597475, 33.91663188351697 ], [ -83.367696385121874, 33.915475489725843 ], [ -83.367386752911401, 33.914849308801337 ], [ -83.366771304533884, 33.91433285014012 ], [ -83.365850308585436, 33.91424307626815 ], [ -83.365339127662949, 33.914540391332764 ], [ -83.36497705989099, 33.915038489027374 ], [ -83.3645331888344, 33.915296117245902 ], [ -83.363568454813134, 33.916431493484254 ], [ -83.362603798046919, 33.917233053023942 ], [ -83.362322318139206, 33.917262378748113 ], [ -83.36177589540975, 33.9169469285766 ], [ -83.361595897281319, 33.916749649369898 ], [ -83.362041723970336, 33.914157026018728 ], [ -83.362576131732823, 33.913805738251305 ], [ -83.36278360842752, 33.913287759907924 ], [ -83.362321797116309, 33.912543229296176 ], [ -83.361551285147698, 33.912363059663882 ], [ -83.360792930978064, 33.912327266489754 ], [ -83.360295985657856, 33.912060912080427 ], [ -83.360172594867066, 33.91165355253348 ], [ -83.360399329644764, 33.911412051422793 ], [ -83.362797111902864, 33.910554190615478 ], [ -83.363250627272336, 33.910239663172185 ], [ -83.364268004365925, 33.910366139592668 ], [ -83.364798339166896, 33.909854932091086 ], [ -83.364095899733883, 33.908159926370985 ], [ -83.363007023031869, 33.908044661871202 ], [ -83.3619628752446, 33.908704338316447 ], [ -83.361663005924626, 33.908101838987299 ], [ -83.360793640647188, 33.907485722453202 ], [ -83.361718925152729, 33.907191571494813 ], [ -83.362897793283267, 33.905902969834337 ], [ -83.363201678970825, 33.905283609849697 ], [ -83.363248706674241, 33.904981874073655 ], [ -83.363185541635076, 33.904653532987062 ], [ -83.363312156479395, 33.904109934689941 ], [ -83.363755827211733, 33.90423701368389 ], [ -83.363744548863323, 33.903671685769012 ], [ -83.364095660781999, 33.903395647520767 ], [ -83.364429242976229, 33.903551685976105 ], [ -83.36475185853746, 33.903245918660311 ], [ -83.368677290614869, 33.904071647822569 ], [ -83.36876152737095, 33.904306093513576 ], [ -83.367796564344019, 33.904592826254373 ], [ -83.364993417314054, 33.906028413379026 ], [ -83.366826767417791, 33.907700695514372 ], [ -83.366823672721679, 33.907942248145844 ], [ -83.368433042282376, 33.909410150546663 ], [ -83.370470822893694, 33.90886072043844 ], [ -83.373591121931398, 33.908905023857869 ], [ -83.373796038427528, 33.909448204647489 ], [ -83.373793352464816, 33.910364033492854 ], [ -83.373688377137327, 33.911913892707965 ], [ -83.373393631807801, 33.913448312865896 ], [ -83.373993313853788, 33.913524558343191 ], [ -83.373226291840027, 33.917462874918563 ], [ -83.374071089991091, 33.91754171622047 ], [ -83.375269747109016, 33.917812910897133 ], [ -83.374616769813812, 33.919300016635034 ], [ -83.370045126551886, 33.918075140619145 ] ] ] } },
{ "type": "Feature", "properties": { "NAME": null, "SUBTYPE": 0 }, "geometry": { "type": "Polygon", "coordinates": [ [ [ -83.34257392740966, 33.919914408543129 ], [ -83.343704523670056, 33.917758210741781 ], [ -83.34458354583677, 33.918070541909465 ], [ -83.344971243442075, 33.917312148740834 ], [ -83.344109797712122, 33.917002564064575 ], [ -83.34438334100436, 33.916490900633939 ], [ -83.345541742817744, 33.916916245997946 ], [ -83.346448185160284, 33.915348482652142 ], [ -83.346680281981861, 33.914411146405364 ], [ -83.353660663355058, 33.916592050210575 ], [ -83.350891017196901, 33.921847352711396 ], [ -83.34257392740966, 33.919914408543129 ] ] ] } },
{ "type": "Feature", "properties": { "NAME": null, "SUBTYPE": 0 }, "geometry": { "type": "Polygon", "coordinates": [ [ [ -83.250443881476826, 33.914506511989842 ], [ -83.243917609731014, 33.907702863771128 ], [ -83.245479104903907, 33.906019508409948 ], [ -83.246289977279929, 33.90501601666061 ], [ -83.2467242166001, 33.90431432910011 ], [ -83.247209756909513, 33.903306175273876 ], [ -83.249140746698188, 33.904532494501751 ], [ -83.250671417551814, 33.90504422599922 ], [ -83.252053156714496, 33.905270188160344 ], [ -83.257147344587224, 33.905737100967606 ], [ -83.258208622348718, 33.906007317010648 ], [ -83.263994530058241, 33.909427715241598 ], [ -83.265165730169443, 33.910405258617281 ], [ -83.261597216720773, 33.91179282576536 ], [ -83.259852944458885, 33.910534081690905 ], [ -83.253239560061203, 33.917602419207 ], [ -83.250443881476826, 33.914506511989842 ] ] ] } },
{ "type": "Feature", "properties": { "NAME": null, "SUBTYPE": 0 }, "geometry": { "type": "Polygon", "coordinates": [ [ [ -83.373938901998713, 33.921653263335976 ], [ -83.374506539341937, 33.921860933546839 ], [ -83.374638205413106, 33.921924327149419 ], [ -83.374505613178883, 33.921861202644038 ], [ -83.373938901998713, 33.921653263335976 ] ] ] } },
{ "type": "Feature", "properties": { "NAME": null, "SUBTYPE": 0 }, "geometry": { "type": "Polygon", "coordinates": [ [ [ -83.358932435192912, 33.921857592687047 ], [ -83.358932520024666, 33.921857600021873 ], [ -83.358860272793123, 33.922034661018593 ], [ -83.358932435192912, 33.921857592687047 ] ] ] } },
{ "type": "Feature", "properties": { "NAME": null, "SUBTYPE": 0 }, "geometry": { "type": "Polygon", "coordinates": [ [ [ -83.358932435192912, 33.921857592687047 ], [ -83.357294966720218, 33.921716012302426 ], [ -83.356999742897401, 33.922359680245656 ], [ -83.357294969415165, 33.921715764822075 ], [ -83.358932435192912, 33.921857592687047 ] ] ] } },
{ "type": "Feature", "properties": { "NAME": null, "SUBTYPE": 0 }, "geometry": { "type": "Polygon", "coordinates": [ [ [ -83.356999742897401, 33.922359680245656 ], [ -83.356801493235906, 33.922792075127099 ], [ -83.356806207747184, 33.922781636684746 ], [ -83.356999742897401, 33.922359680245656 ] ] ] } },
{ "type": "Feature", "properties": { "NAME": null, "SUBTYPE": 0 }, "geometry": { "type": "Polygon", "coordinates": [ [ [ -83.373938901998713, 33.921653263335976 ], [ -83.374638205413106, 33.921924327149419 ], [ -83.374506539341937, 33.921860933546839 ], [ -83.373934960191278, 33.921651809015074 ], [ -83.374000134761758, 33.921384482644392 ], [ -83.374919716761923, 33.921326313332415 ], [ -83.375248316899558, 33.921927397538234 ], [ -83.374178241936505, 33.922722901066599 ], [ -83.373321593210164, 33.923202147224778 ], [ -83.373114364450586, 33.923078879467958 ], [ -83.373465082907146, 33.922797399941366 ], [ -83.373665182636714, 33.922512420503068 ], [ -83.373938901998713, 33.921653263335976 ] ] ] } },
{ "type": "Feature", "properties": { "NAME": null, "SUBTYPE": 0 }, "geometry": { "type": "Polygon", "coordinates": [ [ [ -83.370045126551886, 33.918075140619145 ], [ -83.374616769813812, 33.919300016635034 ], [ -83.373557179088422, 33.922342938125482 ], [ -83.372396330264209, 33.92236411840959 ], [ -83.369576501519319, 33.923471843505354 ], [ -83.368888181805929, 33.921969873847992 ], [ -83.369326498579156, 33.920821266217956 ], [ -83.368667941847704, 33.919820793339028 ], [ -83.370243891384945, 33.918716592217763 ], [ -83.370045126551886, 33.918075140619145 ] ] ] } },
{ "type": "Feature", "properties": { "NAME": null, "SUBTYPE": 0 }, "geometry": { "type": "Polygon", "coordinates": [ [ [ -83.356253203061641, 33.924005729451423 ], [ -83.357294966720218, 33.921716012302426 ], [ -83.358932435192912, 33.921857592687047 ], [ -83.357852005739701, 33.924523123844914 ], [ -83.356253203061641, 33.924005729451423 ] ] ] } },
{ "type": "Feature", "properties": { "NAME": null, "SUBTYPE": 0 }, "geometry": { "type": "Polygon", "coordinates": [ [ [ -83.369576501519319, 33.923471843505354 ], [ -83.372396330264209, 33.92236411840959 ], [ -83.373557179088422, 33.922342938125482 ], [ -83.373311519502593, 33.922766785811312 ], [ -83.371526121468662, 33.924121204928682 ], [ -83.370578648575574, 33.924916699152512 ], [ -83.370083492699436, 33.925456380395822 ], [ -83.369958973624605, 33.924309872604766 ], [ -83.369576501519319, 33.923471843505354 ] ] ] } },
{ "type": "Feature", "properties": { "NAME": null, "SUBTYPE": 0 }, "geometry": { "type": "Polygon", "coordinates": [ [ [ -83.367644711916739, 33.925559315871084 ], [ -83.367645196422018, 33.925559959733064 ], [ -83.365845698431357, 33.926118963971348 ], [ -83.367644711916739, 33.925559315871084 ] ] ] } },
{ "type": "Feature", "properties": { "NAME": null, "SUBTYPE": 0 }, "geometry": { "type": "Polygon", "coordinates": [ [ [ -83.367644711916739, 33.925559315871084 ], [ -83.365845691244886, 33.926119788366243 ], [ -83.365240782800512, 33.924199287214265 ], [ -83.365081789080079, 33.922914899360109 ], [ -83.364917215923455, 33.922515136052759 ], [ -83.364705352755252, 33.922258212463994 ], [ -83.364419780123015, 33.922149287439929 ], [ -83.364032797576726, 33.922259464766285 ], [ -83.363525243152992, 33.922610602888746 ], [ -83.363058658194419, 33.922772389084933 ], [ -83.362699809984491, 33.922764688217541 ], [ -83.362137895808033, 33.922571400762543 ], [ -83.361840303717273, 33.922300089293003 ], [ -83.361754440047505, 33.921945081156906 ], [ -83.361792963400177, 33.921368043025034 ], [ -83.361980222610995, 33.921078217993895 ], [ -83.361950920464736, 33.920671172889413 ], [ -83.362309774064556, 33.920393185967562 ], [ -83.362938636085971, 33.920149909395064 ], [ -83.364696428891236, 33.919893156087895 ], [ -83.364261011879719, 33.921060425362782 ], [ -83.367644711916739, 33.925559315871084 ] ] ] } },
{ "type": "Feature", "properties": { "NAME": null, "SUBTYPE": 0 }, "geometry": { "type": "Polygon", "coordinates": [ [ [ -83.377708409000675, 33.926969021263837 ], [ -83.376927145994699, 33.924842685892663 ], [ -83.377586229138899, 33.926043783738002 ], [ -83.377708409000675, 33.926969021263837 ] ] ] } },
{ "type": "Feature", "properties": { "NAME": null, "SUBTYPE": 0 }, "geometry": { "type": "Polygon", "coordinates": [ [ [ -83.358275070916008, 33.923470585257618 ], [ -83.35893252182133, 33.921857380122511 ], [ -83.357294969415165, 33.921715764822075 ], [ -83.355697027323146, 33.92521825776047 ], [ -83.355796738523068, 33.925706368195655 ], [ -83.355426327198842, 33.925800990658864 ], [ -83.355334380137876, 33.92599626767344 ], [ -83.35515006829948, 33.925575531656058 ], [ -83.357096951082113, 33.921412723836575 ], [ -83.361431349277453, 33.92176357398894 ], [ -83.361498419293255, 33.922153800206345 ], [ -83.361693082418682, 33.922514026874104 ], [ -83.362682348532019, 33.923051308952594 ], [ -83.362948197753852, 33.923101794885071 ], [ -83.363384919119127, 33.92302434519307 ], [ -83.364161512682202, 33.922527911732821 ], [ -83.364379132254768, 33.922529329513416 ], [ -83.364526674251991, 33.922656785058976 ], [ -83.36464813815644, 33.922893690887257 ], [ -83.364864539613478, 33.924253146149582 ], [ -83.36509299646157, 33.924833049420243 ], [ -83.365254087748212, 33.925605236893254 ], [ -83.365588738039349, 33.926466491211947 ], [ -83.365965760065748, 33.927137221336707 ], [ -83.365469712162479, 33.927556373924752 ], [ -83.36525197131742, 33.927636932165555 ], [ -83.364522896836164, 33.927673873487549 ], [ -83.363278304366219, 33.927466853995426 ], [ -83.36309801698026, 33.927662686964325 ], [ -83.362174385374843, 33.927975296367478 ], [ -83.360631340228167, 33.927279065399198 ], [ -83.361460612796137, 33.925170009259915 ], [ -83.358275070916008, 33.923470585257618 ] ] ] } },
{ "type": "Feature", "properties": { "NAME": null, "SUBTYPE": 0 }, "geometry": { "type": "Polygon", "coordinates": [ [ [ -83.351987900583012, 33.927211851263884 ], [ -83.351700634626496, 33.926259583574236 ], [ -83.354643513700623, 33.926729049845022 ], [ -83.355007405052561, 33.925904333289552 ], [ -83.356220819693903, 33.928761503177405 ], [ -83.353100605097893, 33.930090891315665 ], [ -83.352581512712632, 33.928845468066108 ], [ -83.352013846623379, 33.928378553662327 ], [ -83.350831311569891, 33.928079070909334 ], [ -83.350459810589143, 33.927760965529821 ], [ -83.350350585332095, 33.927561253127607 ], [ -83.351987900583012, 33.927211851263884 ] ] ] } },
{ "type": "Feature", "properties": { "NAME": null, "SUBTYPE": 0 }, "geometry": { "type": "Polygon", "coordinates": [ [ [ -83.375889961947479, 33.923014765911674 ], [ -83.375991951274898, 33.923667219780306 ], [ -83.376980680195743, 33.930098844939607 ], [ -83.377002313242642, 33.930295079352462 ], [ -83.375889961947479, 33.923014765911674 ] ] ] } },
{ "type": "Feature", "properties": { "NAME": null, "SUBTYPE": 0 }, "geometry": { "type": "Polygon", "coordinates": [ [ [ -83.360748933135824, 33.930528036865823 ], [ -83.360749053666353, 33.930528172574228 ], [ -83.360486535615365, 33.930708582353624 ], [ -83.360748933135824, 33.930528036865823 ] ] ] } },
{ "type": "Feature", "properties": { "NAME": null, "SUBTYPE": 0 }, "geometry": { "type": "Polygon", "coordinates": [ [ [ -83.355600298529964, 33.930439348940538 ], [ -83.355599578979451, 33.929913664912178 ], [ -83.355525451798812, 33.929744967209061 ], [ -83.355411376537489, 33.92972844199695 ], [ -83.354627275753558, 33.929933748393417 ], [ -83.3534110565719, 33.93084390860848 ], [ -83.353153097253241, 33.930197588772884 ], [ -83.356188635752261, 33.928936398257569 ], [ -83.356306175815661, 33.92896992899739 ], [ -83.356744751303665, 33.929682449998765 ], [ -83.357710591151047, 33.930631554190313 ], [ -83.356868800559539, 33.930864031373588 ], [ -83.35595171497755, 33.930441470941737 ], [ -83.355600298529964, 33.930439348940538 ] ] ] } },
{ "type": "Feature", "properties": { "NAME": null, "SUBTYPE": 0 }, "geometry": { "type": "Polygon", "coordinates": [ [ [ -83.377002313242642, 33.930295079352462 ], [ -83.377013053681964, 33.930524421249416 ], [ -83.376980452922012, 33.930831172933459 ], [ -83.376962113323216, 33.930903001680115 ], [ -83.377002313242642, 33.930295079352462 ] ] ] } },
{ "type": "Feature", "properties": { "NAME": null, "SUBTYPE": 0 }, "geometry": { "type": "Polygon", "coordinates": [ [ [ -83.376577675172285, 33.931082818185367 ], [ -83.376570166280615, 33.931106151884883 ], [ -83.37656843490926, 33.93111131245 ], [ -83.376577675172285, 33.931082818185367 ] ] ] } },
{ "type": "Feature", "properties": { "NAME": null, "SUBTYPE": 0 }, "geometry": { "type": "Polygon", "coordinates": [ [ [ -83.376555289281157, 33.931149860882449 ], [ -83.37655365255074, 33.93115689689381 ], [ -83.37653751540401, 33.931198010565531 ], [ -83.376555289281157, 33.931149860882449 ] ] ] } },
{ "type": "Feature", "properties": { "NAME": null, "SUBTYPE": 0 }, "geometry": { "type": "Polygon", "coordinates": [ [ [ -83.37653751540401, 33.931198010565531 ], [ -83.376531018598811, 33.931214834400407 ], [ -83.376526262658146, 33.931226679915788 ], [ -83.37653751540401, 33.931198010565531 ] ] ] } },
{ "type": "Feature", "properties": { "NAME": null, "SUBTYPE": 0 }, "geometry": { "type": "Polygon", "coordinates": [ [ [ -83.360748933135824, 33.930528036865823 ], [ -83.359209595492572, 33.931586126027746 ], [ -83.35829900922171, 33.930703872724926 ], [ -83.360201761367691, 33.929911960294312 ], [ -83.360748933135824, 33.930528036865823 ] ] ] } },
{ "type": "Feature", "properties": { "NAME": null, "SUBTYPE": 0 }, "geometry": { "type": "Polygon", "coordinates": [ [ [ -83.376962113323216, 33.930903001680115 ], [ -83.37693470082624, 33.931023009845688 ], [ -83.376900924171579, 33.931141884996421 ], [ -83.376860850326764, 33.931259393028945 ], [ -83.376814557445186, 33.931375302148872 ], [ -83.376762137155112, 33.931489384289478 ], [ -83.376703691764334, 33.931601413586591 ], [ -83.376962113323216, 33.930903001680115 ] ] ] } },
{ "type": "Feature", "properties": { "NAME": null, "SUBTYPE": 0 }, "geometry": { "type": "Polygon", "coordinates": [ [ [ -83.376703691764334, 33.931601413586591 ], [ -83.376686366955866, 33.931635820572232 ], [ -83.376671084253033, 33.931658568326768 ], [ -83.376703691764334, 33.931601413586591 ] ] ] } },
{ "type": "Feature", "properties": { "NAME": null, "SUBTYPE": 0 }, "geometry": { "type": "Polygon", "coordinates": [ [ [ -83.359205271002821, 33.931590165005559 ], [ -83.360749055463017, 33.93052795269719 ], [ -83.360201764062651, 33.92991174041574 ], [ -83.358194658223354, 33.930725639751799 ], [ -83.357196260735122, 33.929746481765328 ], [ -83.361622649110487, 33.928953276178376 ], [ -83.361270893998068, 33.92981084889216 ], [ -83.361374921602874, 33.930247099281367 ], [ -83.361278955479378, 33.930604024132059 ], [ -83.360178544409195, 33.931308243295312 ], [ -83.359701090734006, 33.931756733358569 ], [ -83.359468595958688, 33.931893273386557 ], [ -83.359410068022967, 33.931841912425035 ], [ -83.359483133394903, 33.931750166212481 ], [ -83.359442434322617, 33.931563222582341 ], [ -83.359205271002821, 33.931590165005559 ] ] ] } },
{ "type": "Feature", "properties": { "NAME": null, "SUBTYPE": 0 }, "geometry": { "type": "Polygon", "coordinates": [ [ [ -83.376526262658146, 33.931226679915788 ], [ -83.376505441766071, 33.931279726626911 ], [ -83.376449608776227, 33.931400292591221 ], [ -83.376386305396451, 33.931518266102856 ], [ -83.376315705001645, 33.931633325932758 ], [ -83.376237998932965, 33.931745159052078 ], [ -83.376083502140972, 33.931933475659321 ], [ -83.376526262658146, 33.931226679915788 ] ] ] } },
{ "type": "Feature", "properties": { "NAME": null, "SUBTYPE": 0 }, "geometry": { "type": "Polygon", "coordinates": [ [ [ -83.376083502140972, 33.931933475659321 ], [ -83.376082593982005, 33.931934728837398 ], [ -83.376081217699323, 33.93193609081851 ], [ -83.376083502140972, 33.931933475659321 ] ] ] } },
{ "type": "Feature", "properties": { "NAME": null, "SUBTYPE": 0 }, "geometry": { "type": "Polygon", "coordinates": [ [ [ -83.367349410843389, 33.929658805905774 ], [ -83.368080064562889, 33.929231905988715 ], [ -83.36818579267856, 33.929330560639016 ], [ -83.367933925734107, 33.929775187521358 ], [ -83.366223620569755, 33.931799719793098 ], [ -83.365512542038573, 33.931942529495949 ], [ -83.364522957023297, 33.931560150304875 ], [ -83.364603772161217, 33.931101857977538 ], [ -83.36480169167956, 33.930671369007008 ], [ -83.365212163373926, 33.930295932985437 ], [ -83.365750503062415, 33.930055434287958 ], [ -83.367349410843389, 33.929658805905774 ] ] ] } },
{ "type": "Feature", "properties": { "NAME": null, "SUBTYPE": 0 }, "geometry": { "type": "Polygon", "coordinates": [ [ [ -83.365845949370382, 33.926119708063297 ], [ -83.367645203608589, 33.925559162912066 ], [ -83.368882017566463, 33.927210451450222 ], [ -83.367939967802755, 33.928986666038753 ], [ -83.367331365485924, 33.929406112885218 ], [ -83.365776181404868, 33.929738775565518 ], [ -83.364998975190659, 33.930079838527433 ], [ -83.364485876365009, 33.930630948970325 ], [ -83.364341568302805, 33.930972776061466 ], [ -83.364262716882109, 33.931534408609927 ], [ -83.364014941763841, 33.931803479260346 ], [ -83.363500794604235, 33.931906119957453 ], [ -83.363438233232927, 33.931795926040174 ], [ -83.36332663462683, 33.931831143091067 ], [ -83.363384610996974, 33.931945099404992 ], [ -83.3630584677516, 33.93209818251988 ], [ -83.361479790929167, 33.932629212712882 ], [ -83.36104549232023, 33.932692628114786 ], [ -83.360528870302005, 33.932616037561715 ], [ -83.359999477833725, 33.932299537426026 ], [ -83.3600930274891, 33.93218225815464 ], [ -83.359742978277367, 33.932051959257763 ], [ -83.360403001957678, 33.931447034216667 ], [ -83.361441536172777, 33.930784398920267 ], [ -83.361571413698258, 33.930558367266769 ], [ -83.361526180828733, 33.929980480388863 ], [ -83.361589191357737, 33.929674619319158 ], [ -83.362197913150439, 33.928421737832664 ], [ -83.36251753013525, 33.928074159685394 ], [ -83.363179173478045, 33.927730242868762 ], [ -83.36353816541839, 33.927654539316499 ], [ -83.36405657059241, 33.927879084211831 ], [ -83.364736670720959, 33.927946309001108 ], [ -83.365342011254967, 33.927836726380853 ], [ -83.365865691336353, 33.927572168348881 ], [ -83.366165393569631, 33.927258279894723 ], [ -83.366245833211778, 33.926976163464154 ], [ -83.366158876292275, 33.926718075630696 ], [ -83.365940194911047, 33.926480181627454 ], [ -83.365845949370382, 33.926119708063297 ] ] ] } },
{ "type": "Feature", "properties": { "NAME": null, "SUBTYPE": 0 }, "geometry": { "type": "Polygon", "coordinates": [ [ [ -83.355600298529964, 33.930439348940538 ], [ -83.35595171497755, 33.930441470941737 ], [ -83.356868800559539, 33.930864031373588 ], [ -83.357710591151047, 33.930631554190313 ], [ -83.358628875983911, 33.93147635132145 ], [ -83.358454586649131, 33.931492382781116 ], [ -83.358461722865727, 33.931553574199519 ], [ -83.358766329900504, 33.932009390336859 ], [ -83.358954278119171, 33.932142585657246 ], [ -83.359114587871531, 33.931913705962494 ], [ -83.359242461255548, 33.932075526662594 ], [ -83.358722807423263, 33.932554460081519 ], [ -83.358412055013659, 33.93267218156447 ], [ -83.357460388784816, 33.932723970588071 ], [ -83.356782494020251, 33.932493539191192 ], [ -83.356301124588782, 33.932211168055623 ], [ -83.355752464155941, 33.931755607157505 ], [ -83.355563212481783, 33.931252864602136 ], [ -83.355600298529964, 33.930439348940538 ] ] ] } },
{ "type": "Feature", "properties": { "NAME": null, "SUBTYPE": 0 }, "geometry": { "type": "Polygon", "coordinates": [ [ [ -83.376081217699323, 33.93193609081851 ], [ -83.37596445743732, 33.932058299799593 ], [ -83.374423366315966, 33.933559875336265 ], [ -83.375664820781068, 33.932348159770179 ], [ -83.376081217699323, 33.93193609081851 ] ] ] } },
{ "type": "Feature", "properties": { "NAME": null, "SUBTYPE": 0 }, "geometry": { "type": "Polygon", "coordinates": [ [ [ -83.376671084253033, 33.931658568326768 ], [ -83.376509786018758, 33.931901290940864 ], [ -83.376319975592466, 33.932129235277941 ], [ -83.376214971518905, 33.932236934141947 ], [ -83.374765120677353, 33.933649618151641 ], [ -83.376276283333723, 33.93217379044664 ], [ -83.376671084253033, 33.931658568326768 ] ] ] } },
{ "type": "Feature", "properties": { "NAME": null, "SUBTYPE": 0 }, "geometry": { "type": "Polygon", "coordinates": [ [ [ -83.374422913895032, 33.933560317024416 ], [ -83.374002991404339, 33.933972688804829 ], [ -83.373835405385037, 33.934155369220626 ], [ -83.373987764960262, 33.933986810296709 ], [ -83.374422913895032, 33.933560317024416 ] ] ] } },
{ "type": "Feature", "properties": { "NAME": null, "SUBTYPE": 0 }, "geometry": { "type": "Polygon", "coordinates": [ [ [ -83.374765120677353, 33.933649618151641 ], [ -83.374244261821659, 33.934161083489059 ], [ -83.374084948021334, 33.93433744675184 ], [ -83.374237607102074, 33.934166384161003 ], [ -83.374765120677353, 33.933649618151641 ] ] ] } },
{ "type": "Feature", "properties": { "NAME": null, "SUBTYPE": 0 }, "geometry": { "type": "Polygon", "coordinates": [ [ [ -83.374084948021334, 33.93433744675184 ], [ -83.374076633040445, 33.934347500952505 ], [ -83.374080505233579, 33.934342364496253 ], [ -83.374084948021334, 33.93433744675184 ] ] ] } },
{ "type": "Feature", "properties": { "NAME": null, "SUBTYPE": 0 }, "geometry": { "type": "Polygon", "coordinates": [ [ [ -83.374076633040445, 33.934347500952505 ], [ -83.373914763222174, 33.934562185048541 ], [ -83.37399308927499, 33.934453476323199 ], [ -83.374076633040445, 33.934347500952505 ] ] ] } },
{ "type": "Feature", "properties": { "NAME": null, "SUBTYPE": 0 }, "geometry": { "type": "Polygon", "coordinates": [ [ [ -83.373805334113001, 33.934191365539242 ], [ -83.373707961308853, 33.934315225435995 ], [ -83.373533045578796, 33.934572939841125 ], [ -83.373628217861068, 33.934418652390733 ], [ -83.373687389888843, 33.934337745050605 ], [ -83.373805334113001, 33.934191365539242 ] ] ] } },
{ "type": "Feature", "properties": { "NAME": null, "SUBTYPE": 0 }, "geometry": { "type": "Polygon", "coordinates": [ [ [ -83.373914763222174, 33.934562185048541 ], [ -83.373857838751434, 33.934648031366663 ], [ -83.373888572986587, 33.934596920306547 ], [ -83.373914763222174, 33.934562185048541 ] ] ] } },
{ "type": "Feature", "properties": { "NAME": null, "SUBTYPE": 0 }, "geometry": { "type": "Polygon", "coordinates": [ [ [ -83.354534567819655, 33.934431541063397 ], [ -83.35404438501682, 33.933299618537617 ], [ -83.353736812643319, 33.93293948667295 ], [ -83.353254820679339, 33.932085417964544 ], [ -83.35327175841401, 33.931299168049307 ], [ -83.353513795094258, 33.931012824010587 ], [ -83.354639419179563, 33.930151338392101 ], [ -83.355088155511751, 33.929951709111201 ], [ -83.35538923216744, 33.929995106399545 ], [ -83.355300374412778, 33.931025158664767 ], [ -83.355477788088137, 33.93185129990826 ], [ -83.355883027994281, 33.932245019489066 ], [ -83.356756252434195, 33.9327649590604 ], [ -83.357304004670283, 33.932962409871841 ], [ -83.358362064666437, 33.93295583983739 ], [ -83.358861382437325, 33.932770076469176 ], [ -83.359436288049494, 33.932302029810089 ], [ -83.359423396326847, 33.932546660969798 ], [ -83.359509499846808, 33.932638681349978 ], [ -83.359951675782511, 33.932718938143815 ], [ -83.360372531103209, 33.932934642808576 ], [ -83.361127172535745, 33.933019908645058 ], [ -83.361138147253598, 33.933104318765267 ], [ -83.361872617016388, 33.932936954805363 ], [ -83.361980964619462, 33.932984737550626 ], [ -83.361974196712055, 33.933371264763288 ], [ -83.361245386335526, 33.933595441305791 ], [ -83.360655123125298, 33.93367806060148 ], [ -83.36051403732003, 33.933798299702921 ], [ -83.358462278024561, 33.93444018220444 ], [ -83.356225555612127, 33.934766131605173 ], [ -83.355423280113357, 33.934745074399622 ], [ -83.354720192096664, 33.934604354773903 ], [ -83.354534567819655, 33.934431541063397 ] ] ] } },
{ "type": "Feature", "properties": { "NAME": null, "SUBTYPE": 0 }, "geometry": { "type": "Polygon", "coordinates": [ [ [ -83.373857838751434, 33.934648031366663 ], [ -83.373774950382483, 33.934785876278639 ], [ -83.373815373765666, 33.934716532050906 ], [ -83.373857838751434, 33.934648031366663 ] ] ] } },
{ "type": "Feature", "properties": { "NAME": null, "SUBTYPE": 0 }, "geometry": { "type": "Polygon", "coordinates": [ [ [ -83.373774950382483, 33.934785876278639 ], [ -83.373739797945078, 33.934849978197327 ], [ -83.37375165087272, 33.934824623401454 ], [ -83.373774950382483, 33.934785876278639 ] ] ] } },
{ "type": "Feature", "properties": { "NAME": null, "SUBTYPE": 0 }, "geometry": { "type": "Polygon", "coordinates": [ [ [ -83.373504290736392, 33.93462089542043 ], [ -83.373382173796315, 33.934849527866483 ], [ -83.373328756239587, 33.934966494870338 ], [ -83.373401385166986, 33.934806593652411 ], [ -83.373504290736392, 33.93462089542043 ] ] ] } },
{ "type": "Feature", "properties": { "NAME": null, "SUBTYPE": 0 }, "geometry": { "type": "Polygon", "coordinates": [ [ [ -83.373739797945078, 33.934849978197327 ], [ -83.373614613343747, 33.935117761649188 ], [ -83.37367351720593, 33.934982671790344 ], [ -83.373739797945078, 33.934849978197327 ] ] ] } },
{ "type": "Feature", "properties": { "NAME": null, "SUBTYPE": 0 }, "geometry": { "type": "Polygon", "coordinates": [ [ [ -83.373328756239587, 33.934966494870338 ], [ -83.373266212707293, 33.935124864959057 ], [ -83.373276699005601, 33.935095093029233 ], [ -83.373328756239587, 33.934966494870338 ] ] ] } },
{ "type": "Feature", "properties": { "NAME": null, "SUBTYPE": 0 }, "geometry": { "type": "Polygon", "coordinates": [ [ [ -83.373614613343747, 33.935117761649188 ], [ -83.373609105678085, 33.935131464564584 ], [ -83.373611285516304, 33.935124881401769 ], [ -83.373614613343747, 33.935117761649188 ] ] ] } },
{ "type": "Feature", "properties": { "NAME": null, "SUBTYPE": 0 }, "geometry": { "type": "Polygon", "coordinates": [ [ [ -83.373266212707293, 33.935124864959057 ], [ -83.373254884649583, 33.935157026738871 ], [ -83.373262275655364, 33.935134834209826 ], [ -83.373266212707293, 33.935124864959057 ] ] ] } },
{ "type": "Feature", "properties": { "NAME": null, "SUBTYPE": 0 }, "geometry": { "type": "Polygon", "coordinates": [ [ [ -83.376577675172285, 33.931082818185367 ], [ -83.376388283486733, 33.931509227400724 ], [ -83.376081217699323, 33.93193609081851 ], [ -83.373762551030339, 33.934242596191218 ], [ -83.373230830994473, 33.935225318151417 ], [ -83.372018309311159, 33.935038103956018 ], [ -83.370815225295573, 33.934704191968933 ], [ -83.370340373141374, 33.93453706145425 ], [ -83.370207947993819, 33.934323229346703 ], [ -83.369520351424228, 33.933961281750186 ], [ -83.369402093606965, 33.933479904886212 ], [ -83.369578594593932, 33.932964876895419 ], [ -83.369635240559148, 33.932419282829905 ], [ -83.369477428123304, 33.92925178838437 ], [ -83.369698001356483, 33.92846374803333 ], [ -83.370817702849081, 33.926771879306095 ], [ -83.371047565560602, 33.926280332053302 ], [ -83.371790170466653, 33.925480846329691 ], [ -83.373627631261215, 33.923996390300076 ], [ -83.375572476664814, 33.923112859759961 ], [ -83.376653300868583, 33.930229003717841 ], [ -83.376577675172285, 33.931082818185367 ] ] ] } },
{ "type": "Feature", "properties": { "NAME": null, "SUBTYPE": 0 }, "geometry": { "type": "Polygon", "coordinates": [ [ [ -83.373230830994473, 33.935225318151417 ], [ -83.373254884649583, 33.935157026738871 ], [ -83.373232092261802, 33.93522546403625 ], [ -83.373230830994473, 33.935225318151417 ] ] ] } },
{ "type": "Feature", "properties": { "NAME": null, "SUBTYPE": 0 }, "geometry": { "type": "Polygon", "coordinates": [ [ [ -83.373149872153689, 33.935526708909492 ], [ -83.373153460928364, 33.935527492951152 ], [ -83.373129559771115, 33.935632142263813 ], [ -83.373149872153689, 33.935526708909492 ] ] ] } },
{ "type": "Feature", "properties": { "NAME": null, "SUBTYPE": 0 }, "geometry": { "type": "Polygon", "coordinates": [ [ [ -83.361854453081335, 33.937390722106372 ], [ -83.361922021662068, 33.936092781699855 ], [ -83.362416240595422, 33.934847918001523 ], [ -83.362426806579762, 33.93427116627543 ], [ -83.362601822651598, 33.933739869808335 ], [ -83.362604541852022, 33.933443507184776 ], [ -83.363881398213692, 33.933249855648981 ], [ -83.364284121938724, 33.93331211385 ], [ -83.364498834562966, 33.933556113058877 ], [ -83.364584671283367, 33.934064077107969 ], [ -83.364586765256277, 33.935788699999065 ], [ -83.364449687733796, 33.936736744155546 ], [ -83.363427492077037, 33.93672496855185 ], [ -83.363417355487428, 33.937456769290158 ], [ -83.361854453081335, 33.937390722106372 ] ] ] } },
{ "type": "Feature", "properties": { "NAME": null, "SUBTYPE": 0 }, "geometry": { "type": "Polygon", "coordinates": [ [ [ -83.373609105678085, 33.935131464564584 ], [ -83.373469278039579, 33.935612821777916 ], [ -83.37314210644638, 33.937544394667448 ], [ -83.373453305095495, 33.935686420980673 ], [ -83.373480829475795, 33.935545605276005 ], [ -83.373516021875318, 33.935405981078056 ], [ -83.373609105678085, 33.935131464564584 ] ] ] } },
{ "type": "Feature", "properties": { "NAME": null, "SUBTYPE": 0 }, "geometry": { "type": "Polygon", "coordinates": [ [ [ -83.373076240848249, 33.935925988549677 ], [ -83.372996559384177, 33.936425913136041 ], [ -83.372770392284593, 33.937776159730873 ], [ -83.373076240848249, 33.935925988549677 ] ] ] } },
{ "type": "Feature", "properties": { "NAME": null, "SUBTYPE": 0 }, "geometry": { "type": "Polygon", "coordinates": [ [ [ -83.489451184783761, 33.93804143443478 ], [ -83.487989932141986, 33.9381424332162 ], [ -83.487821861843912, 33.937654405231996 ], [ -83.487344991175348, 33.936809069430275 ], [ -83.487283365848555, 33.936124561901423 ], [ -83.488210025674846, 33.936274551234987 ], [ -83.488695565085905, 33.936189121711003 ], [ -83.489451184783761, 33.93804143443478 ] ] ] } },
{ "type": "Feature", "properties": { "NAME": null, "SUBTYPE": 0 }, "geometry": { "type": "Polygon", "coordinates": [ [ [ -83.372770392284593, 33.937776159730873 ], [ -83.372688433648506, 33.938271939506762 ], [ -83.372682825861901, 33.938298934490184 ], [ -83.372770392284593, 33.937776159730873 ] ] ] } },
{ "type": "Feature", "properties": { "NAME": null, "SUBTYPE": 0 }, "geometry": { "type": "Polygon", "coordinates": [ [ [ -83.487989932141986, 33.9381424332162 ], [ -83.489451184783761, 33.93804143443478 ], [ -83.489601216012588, 33.938481296749565 ], [ -83.489614731166029, 33.939119040490695 ], [ -83.489039042222998, 33.939157424892123 ], [ -83.489057650824094, 33.939492932919286 ], [ -83.48803185921129, 33.939490333427266 ], [ -83.487989932141986, 33.9381424332162 ] ] ] } },
{ "type": "Feature", "properties": { "NAME": null, "SUBTYPE": 0 }, "geometry": { "type": "Polygon", "coordinates": [ [ [ -83.364737376796768, 33.932390751626912 ], [ -83.36502239247352, 33.932467822374257 ], [ -83.36542047909505, 33.932669291186848 ], [ -83.365684867656213, 33.932910836392224 ], [ -83.365421923586013, 33.934014621735869 ], [ -83.36557625415179, 33.936267563345361 ], [ -83.365485753378536, 33.936939647984801 ], [ -83.36521118241366, 33.937780145608876 ], [ -83.364621905553506, 33.939256146297367 ], [ -83.364241301045766, 33.939901249675181 ], [ -83.364033328481085, 33.939580430223842 ], [ -83.364044705644133, 33.939088269758109 ], [ -83.364615508650388, 33.93719235591621 ], [ -83.364819481915433, 33.935769439964247 ], [ -83.364855898718716, 33.933977107780386 ], [ -83.364629367858583, 33.933196498041873 ], [ -83.3654617297329, 33.933052284761594 ], [ -83.365187686079068, 33.932609682154926 ], [ -83.364737376796768, 33.932390751626912 ] ] ] } },
{ "type": "Feature", "properties": { "NAME": null, "SUBTYPE": 0 }, "geometry": { "type": "Polygon", "coordinates": [ [ [ -83.37314210644638, 33.937544394667448 ], [ -83.372963098936481, 33.938587842837308 ], [ -83.372879441529065, 33.938885580470753 ], [ -83.372763552569168, 33.939175718290805 ], [ -83.372531468323956, 33.93959140576186 ], [ -83.371371890443825, 33.941175467533817 ], [ -83.372545349091723, 33.939531640597941 ], [ -83.372818848366535, 33.939034079615226 ], [ -83.37314210644638, 33.937544394667448 ] ] ] } },
{ "type": "Feature", "properties": { "NAME": null, "SUBTYPE": 0 }, "geometry": { "type": "Polygon", "coordinates": [ [ [ -83.371371823820979, 33.941175559233514 ], [ -83.370779186682981, 33.942078116007423 ], [ -83.370625127776378, 33.942585052316858 ], [ -83.370713289866998, 33.942241502523345 ], [ -83.370762329796662, 33.942113769990293 ], [ -83.370819470733551, 33.941988397457735 ], [ -83.371371823820979, 33.941175559233514 ] ] ] } },
{ "type": "Feature", "properties": { "NAME": null, "SUBTYPE": 0 }, "geometry": { "type": "Polygon", "coordinates": [ [ [ -83.371265128247771, 33.940794708289282 ], [ -83.370559015895026, 33.941799879240477 ], [ -83.370288956006988, 33.942600661636419 ], [ -83.370537685398631, 33.941838076121577 ], [ -83.37060397208343, 33.94171801307305 ], [ -83.370677006912686, 33.941600701313646 ], [ -83.370756627291215, 33.941486404673093 ], [ -83.371265128247771, 33.940794708289282 ] ] ] } },
{ "type": "Feature", "properties": { "NAME": null, "SUBTYPE": 0 }, "geometry": { "type": "Polygon", "coordinates": [ [ [ -83.370625127776378, 33.942585052316858 ], [ -83.37062114130984, 33.942607085372515 ], [ -83.370622419886104, 33.942597037902985 ], [ -83.370625127776378, 33.942585052316858 ] ] ] } },
{ "type": "Feature", "properties": { "NAME": null, "SUBTYPE": 0 }, "geometry": { "type": "Polygon", "coordinates": [ [ [ -83.37062114130984, 33.942607085372515 ], [ -83.370600576050862, 33.942768696280908 ], [ -83.370616053525723, 33.942635205361988 ], [ -83.37062114130984, 33.942607085372515 ] ] ] } },
{ "type": "Feature", "properties": { "NAME": null, "SUBTYPE": 0 }, "geometry": { "type": "Polygon", "coordinates": [ [ [ -83.370288932710935, 33.942600791651735 ], [ -83.370276355601021, 33.94269988096363 ], [ -83.370263976432128, 33.942898866289553 ], [ -83.370271470562471, 33.942741185831807 ], [ -83.370276309786945, 33.942692411431572 ], [ -83.370288932710935, 33.942600791651735 ] ] ] } },
{ "type": "Feature", "properties": { "NAME": null, "SUBTYPE": 0 }, "geometry": { "type": "Polygon", "coordinates": [ [ [ -83.373061221915023, 33.94265092619176 ], [ -83.373522434049846, 33.941574399990962 ], [ -83.374725393199654, 33.941844283280773 ], [ -83.374351008626888, 33.942913952867301 ], [ -83.373061221915023, 33.94265092619176 ] ] ] } },
{ "type": "Feature", "properties": { "NAME": null, "SUBTYPE": 0 }, "geometry": { "type": "Polygon", "coordinates": [ [ [ -83.370596734357221, 33.942798882942093 ], [ -83.37059404569959, 33.942886281458655 ], [ -83.370593453408944, 33.942972252774553 ], [ -83.370591419923983, 33.942948288921222 ], [ -83.370596734357221, 33.942798882942093 ] ] ] } },
{ "type": "Feature", "properties": { "NAME": null, "SUBTYPE": 0 }, "geometry": { "type": "Polygon", "coordinates": [ [ [ -83.360612789119202, 33.937373915914606 ], [ -83.364296880710683, 33.937478343798112 ], [ -83.364046696310865, 33.938370211046212 ], [ -83.363710816226103, 33.939143554668625 ], [ -83.363855380308109, 33.939759763495388 ], [ -83.363595980091745, 33.940453086531193 ], [ -83.363181570183187, 33.940911812201463 ], [ -83.361954534387124, 33.942014678530825 ], [ -83.360869026367482, 33.942605722929756 ], [ -83.360351622814946, 33.943109354594021 ], [ -83.360612789119202, 33.937373915914606 ] ] ] } },
{ "type": "Feature", "properties": { "NAME": null, "SUBTYPE": 0 }, "geometry": { "type": "Polygon", "coordinates": [ [ [ -83.38350792169517, 33.94286770492176 ], [ -83.383970722949741, 33.942637363576189 ], [ -83.3842079024393, 33.943306791105762 ], [ -83.383845456476692, 33.943477094000599 ], [ -83.38350792169517, 33.94286770492176 ] ] ] } },
{ "type": "Feature", "properties": { "NAME": null, "SUBTYPE": 0 }, "geometry": { "type": "Polygon", "coordinates": [ [ [ -83.370593453408944, 33.942972252774553 ], [ -83.370616705702602, 33.943246316106141 ], [ -83.370699077622859, 33.943613669636285 ], [ -83.370614115859624, 33.943238873450547 ], [ -83.370593453408944, 33.942972252774553 ] ] ] } },
{ "type": "Feature", "properties": { "NAME": null, "SUBTYPE": 0 }, "geometry": { "type": "Polygon", "coordinates": [ [ [ -83.370271418623446, 33.943134968982349 ], [ -83.370295454682264, 33.943313407291271 ], [ -83.370383804388837, 33.943697426050086 ], [ -83.370299286895246, 33.943350304551345 ], [ -83.370271418623446, 33.943134968982349 ] ] ] } },
{ "type": "Feature", "properties": { "NAME": null, "SUBTYPE": 0 }, "geometry": { "type": "Polygon", "coordinates": [ [ [ -83.381489439591093, 33.943876720165647 ], [ -83.382040185013722, 33.943600312112927 ], [ -83.382501714253848, 33.944246659889238 ], [ -83.38191339230292, 33.944517800841346 ], [ -83.381489439591093, 33.943876720165647 ] ] ] } },
{ "type": "Feature", "properties": { "NAME": null, "SUBTYPE": 0 }, "geometry": { "type": "Polygon", "coordinates": [ [ [ -83.380907068978971, 33.944167598125745 ], [ -83.381216590696596, 33.944009305211701 ], [ -83.381479753955688, 33.944374966770845 ], [ -83.381169069818057, 33.944530531488432 ], [ -83.380907068978971, 33.944167598125745 ] ] ] } },
{ "type": "Feature", "properties": { "NAME": null, "SUBTYPE": 0 }, "geometry": { "type": "Polygon", "coordinates": [ [ [ -83.361812436180543, 33.944041797876437 ], [ -83.361710465717749, 33.943984164207706 ], [ -83.361392569006682, 33.944352359638742 ], [ -83.360284603104901, 33.944419168257433 ], [ -83.363333180650329, 33.942234459230178 ], [ -83.363472817473024, 33.941922034824067 ], [ -83.3648116504028, 33.940557852711443 ], [ -83.366097908532268, 33.941152991954681 ], [ -83.366612232659989, 33.941703228847594 ], [ -83.367304868778334, 33.942921139934988 ], [ -83.36733732221461, 33.943103630439701 ], [ -83.366957821736264, 33.943482872531767 ], [ -83.365254262021395, 33.94365407456791 ], [ -83.364339150936416, 33.944291849611112 ], [ -83.363592404796876, 33.94447497583397 ], [ -83.361943880367889, 33.944600927468386 ], [ -83.361563263283671, 33.944370569201226 ], [ -83.361812436180543, 33.944041797876437 ] ] ] } },
{ "type": "Feature", "properties": { "NAME": null, "SUBTYPE": 0 }, "geometry": { "type": "Polygon", "coordinates": [ [ [ -83.370699077622859, 33.943613669636285 ], [ -83.371125880354739, 33.945175346417315 ], [ -83.370861966436422, 33.944240835205903 ], [ -83.370699077622859, 33.943613669636285 ] ] ] } },
{ "type": "Feature", "properties": { "NAME": null, "SUBTYPE": 0 }, "geometry": { "type": "Polygon", "coordinates": [ [ [ -83.370383804388837, 33.943697426050086 ], [ -83.37083237470722, 33.945338771459873 ], [ -83.370522891942556, 33.944235152860323 ], [ -83.370383804388837, 33.943697426050086 ] ] ] } },
{ "type": "Feature", "properties": { "NAME": null, "SUBTYPE": 0 }, "geometry": { "type": "Polygon", "coordinates": [ [ [ -83.37914505409185, 33.945116379154761 ], [ -83.380347418556909, 33.944447131295568 ], [ -83.381770331102345, 33.946032699447791 ], [ -83.380957207548221, 33.946591362132253 ], [ -83.380557351245571, 33.946399110190214 ], [ -83.380228054015262, 33.94602118073697 ], [ -83.3800173586569, 33.945941541592894 ], [ -83.37914505409185, 33.945116379154761 ] ] ] } },
{ "type": "Feature", "properties": { "NAME": null, "SUBTYPE": 0 }, "geometry": { "type": "Polygon", "coordinates": [ [ [ -83.37112589821156, 33.945175409994349 ], [ -83.371186778378515, 33.945386352564562 ], [ -83.371577599645292, 33.946828027414945 ], [ -83.371576395683547, 33.94682362061873 ], [ -83.37112589821156, 33.945175409994349 ] ] ] } },
{ "type": "Feature", "properties": { "NAME": null, "SUBTYPE": 0 }, "geometry": { "type": "Polygon", "coordinates": [ [ [ -83.370832389001407, 33.945338821855124 ], [ -83.371073886198431, 33.946218233419607 ], [ -83.371284392147572, 33.946992853339616 ], [ -83.370832389001407, 33.945338821855124 ] ] ] } },
{ "type": "Feature", "properties": { "NAME": null, "SUBTYPE": 0 }, "geometry": { "type": "Polygon", "coordinates": [ [ [ -83.371295724259568, 33.947034553052127 ], [ -83.371295784446673, 33.947034541128914 ], [ -83.371451606215871, 33.94766074627281 ], [ -83.371295724259568, 33.947034553052127 ] ] ] } },
{ "type": "Feature", "properties": { "NAME": null, "SUBTYPE": 0 }, "geometry": { "type": "Polygon", "coordinates": [ [ [ -83.373149872153689, 33.935526708909492 ], [ -83.372528535324534, 33.938902937865805 ], [ -83.372103726518247, 33.939631624795148 ], [ -83.37060397208343, 33.94171801307305 ], [ -83.370380731752178, 33.942212053490564 ], [ -83.370276309786945, 33.942692411431572 ], [ -83.370320723392908, 33.943457133695887 ], [ -83.371717941426255, 33.948823883720941 ], [ -83.37018883992944, 33.947881441651226 ], [ -83.370195979739293, 33.947408819829462 ], [ -83.369883975976492, 33.946931136951719 ], [ -83.369234213751724, 33.946695102809365 ], [ -83.368915034246413, 33.946489128135212 ], [ -83.368845115672869, 33.946260886897306 ], [ -83.369093693885091, 33.945830830777723 ], [ -83.369119412651642, 33.945647096396911 ], [ -83.369069337862783, 33.944843400905519 ], [ -83.368899227490658, 33.944058823339319 ], [ -83.368481570172335, 33.943612467578724 ], [ -83.367628924338973, 33.943023355860291 ], [ -83.36739974794034, 33.942418309037109 ], [ -83.366473335150729, 33.94107450190819 ], [ -83.365923416178219, 33.940663991526023 ], [ -83.364941982475813, 33.940259381627719 ], [ -83.365559766473126, 33.939182640357942 ], [ -83.365917436093341, 33.938365684233538 ], [ -83.365970527424949, 33.937854145390212 ], [ -83.366214357142539, 33.937384244083788 ], [ -83.368403182282378, 33.934919883406621 ], [ -83.369195332869594, 33.934620034603881 ], [ -83.370481532608537, 33.935041751484434 ], [ -83.370747811225044, 33.934951385301083 ], [ -83.373149872153689, 33.935526708909492 ] ] ] } },
{ "type": "Feature", "properties": { "NAME": null, "SUBTYPE": 0 }, "geometry": { "type": "Polygon", "coordinates": [ [ [ -83.38342968831536, 33.948939380688977 ], [ -83.383188525695914, 33.947645784232485 ], [ -83.383540795542984, 33.947616588200489 ], [ -83.38360374498653, 33.948127690571418 ], [ -83.383704063447553, 33.9480942798995 ], [ -83.383885120689698, 33.948829717032844 ], [ -83.38342968831536, 33.948939380688977 ] ] ] } },
{ "type": "Feature", "properties": { "NAME": null, "SUBTYPE": 0 }, "geometry": { "type": "Polygon", "coordinates": [ [ [ -83.371577599645292, 33.946828027414945 ], [ -83.371670063018243, 33.947167841119487 ], [ -83.37172356667655, 33.947378130339047 ], [ -83.371772964135687, 33.947589115797633 ], [ -83.37199984354217, 33.948691281583216 ], [ -83.372017544844837, 33.949259865306203 ], [ -83.371994951317134, 33.94949243917349 ], [ -83.371944705741384, 33.949721986526889 ], [ -83.372009354006053, 33.949276531292995 ], [ -83.371958083559548, 33.948562828444501 ], [ -83.371577599645292, 33.946828027414945 ] ] ] } },
{ "type": "Feature", "properties": { "NAME": null, "SUBTYPE": 0 }, "geometry": { "type": "Polygon", "coordinates": [ [ [ -83.383791504558985, 33.950018075352432 ], [ -83.383474048022464, 33.949071708212713 ], [ -83.383724451611243, 33.949011442234479 ], [ -83.383894398489943, 33.949487444979312 ], [ -83.384213782811173, 33.949409588569246 ], [ -83.38440122707496, 33.949873061183922 ], [ -83.383791504558985, 33.950018075352432 ] ] ] } },
{ "type": "Feature", "properties": { "NAME": null, "SUBTYPE": 0 }, "geometry": { "type": "Polygon", "coordinates": [ [ [ -83.380340873431763, 33.948138522675869 ], [ -83.380488024661801, 33.947519661982277 ], [ -83.380733882775303, 33.94709269735359 ], [ -83.381117508317374, 33.946679499723587 ], [ -83.381464320899155, 33.946436336239195 ], [ -83.381879187151824, 33.946836353156563 ], [ -83.381346627223849, 33.947220023733699 ], [ -83.381726206753882, 33.947574225283525 ], [ -83.38166904785065, 33.947715799076889 ], [ -83.381759602522934, 33.947826436646757 ], [ -83.381945494497927, 33.947760183636937 ], [ -83.382001494574382, 33.947543552992265 ], [ -83.382412783735674, 33.94795698339901 ], [ -83.382587626432709, 33.947837099630433 ], [ -83.38249669536637, 33.947760205992807 ], [ -83.382679606731287, 33.947634162902894 ], [ -83.382761710951598, 33.94771707261544 ], [ -83.382936945314086, 33.947593920823287 ], [ -83.382787248258495, 33.947438525647861 ], [ -83.383003205049405, 33.947290130587774 ], [ -83.383241387058774, 33.948761042204197 ], [ -83.383662876590108, 33.950038747250957 ], [ -83.381000372495919, 33.950681897796407 ], [ -83.380377531881905, 33.948637944085725 ], [ -83.380340873431763, 33.948138522675869 ] ] ] } },
{ "type": "Feature", "properties": { "NAME": null, "SUBTYPE": 0 }, "geometry": { "type": "Polygon", "coordinates": [ [ [ -83.371771541204311, 33.949200322287922 ], [ -83.370363660168508, 33.943619544293263 ], [ -83.370269302029413, 33.94311925132132 ], [ -83.370288932710935, 33.942600791651735 ], [ -83.370599353844582, 33.941727673718695 ], [ -83.372103726518247, 33.939631624795148 ], [ -83.372528535324534, 33.938902937865805 ], [ -83.373149872153689, 33.935526708909492 ], [ -83.373440711613497, 33.934734276365745 ], [ -83.37392012002276, 33.934060231283887 ], [ -83.376153398294434, 33.931853460631679 ], [ -83.376449608776227, 33.931400292591221 ], [ -83.376626703549633, 33.93090578918919 ], [ -83.376653687144142, 33.930133774987418 ], [ -83.375589446738815, 33.923144993657161 ], [ -83.375243773220859, 33.918818797688679 ], [ -83.375374858082054, 33.918119354266878 ], [ -83.375625677590847, 33.91759246558297 ], [ -83.377039430015316, 33.915900295217078 ], [ -83.37746851749732, 33.915125796012106 ], [ -83.37759886124843, 33.914566401319576 ], [ -83.377729042404454, 33.912349762097364 ], [ -83.377669020570451, 33.911521829619481 ], [ -83.377349622774545, 33.910636119542303 ], [ -83.376860490102345, 33.909923838098578 ], [ -83.373571352706961, 33.906702241135044 ], [ -83.372882072694523, 33.905861337692421 ], [ -83.372537105252391, 33.905224387989733 ], [ -83.372241843391535, 33.904420453432948 ], [ -83.371812351667629, 33.902573346745307 ], [ -83.371552626261177, 33.902129851381538 ], [ -83.371178219230515, 33.90174759114177 ], [ -83.370446346497204, 33.90133212161394 ], [ -83.366642644225621, 33.900037530608195 ], [ -83.358978804834919, 33.896209906091734 ], [ -83.35806472949389, 33.895635642778259 ], [ -83.357695439880587, 33.895287512985554 ], [ -83.357285725750899, 33.894738826594164 ], [ -83.356563879701156, 33.892863370690208 ], [ -83.356425300039632, 33.892274621514403 ], [ -83.356386299731369, 33.89164371405419 ], [ -83.357427147526039, 33.886195960914435 ], [ -83.357438203092258, 33.885532045298 ], [ -83.357295380843567, 33.885054418128803 ], [ -83.357036604057939, 33.884641328238366 ], [ -83.355492223116457, 33.88308624662367 ], [ -83.355200605459501, 33.882428673469889 ], [ -83.355141064779403, 33.881868583915619 ], [ -83.355356432642168, 33.880921812320487 ], [ -83.356614394976077, 33.876819640815562 ], [ -83.356960706297954, 33.876131951529679 ], [ -83.357518254681324, 33.875339486545464 ], [ -83.35780248837942, 33.875478570207257 ], [ -83.357149437847553, 33.876421429672092 ], [ -83.356904009128769, 33.876949053853615 ], [ -83.355469221753609, 33.881840135707051 ], [ -83.355531846006983, 33.882408991893058 ], [ -83.355746819142709, 33.882904758132554 ], [ -83.356058406087215, 33.883301264047212 ], [ -83.357375759400256, 33.884575073811881 ], [ -83.357621450774033, 33.885007268208653 ], [ -83.357779497247606, 33.88560050041098 ], [ -83.357743234131831, 33.886276991522664 ], [ -83.356715511141147, 33.891609839779875 ], [ -83.356736930570747, 33.892160670344957 ], [ -83.356863434024035, 33.892732720793212 ], [ -83.357565885135202, 33.894591666243834 ], [ -83.358180786438723, 33.895339747861428 ], [ -83.359199908958857, 33.896002593193131 ], [ -83.364536032900602, 33.898676885247603 ], [ -83.364698896563311, 33.898755469537939 ], [ -83.364749815768548, 33.898684803777179 ], [ -83.365427762635335, 33.899024472215189 ], [ -83.36537676886995, 33.899095099667811 ], [ -83.366587000780271, 33.899698276294217 ], [ -83.368022533757127, 33.900259877153346 ], [ -83.370620759799479, 33.901104144834008 ], [ -83.371517991715379, 33.901651670722813 ], [ -83.371715412668706, 33.901849350965179 ], [ -83.371963679165447, 33.902360449157534 ], [ -83.372182497988888, 33.902966138424723 ], [ -83.372582298596029, 33.904715237996811 ], [ -83.373161153202119, 33.905834033736234 ], [ -83.373896647942729, 33.906688698889148 ], [ -83.377113993777215, 33.909747284701531 ], [ -83.377662176306288, 33.910551271157502 ], [ -83.37797340122971, 33.911422622049677 ], [ -83.378058271362804, 33.912362774881174 ], [ -83.377928310294024, 33.914580675871171 ], [ -83.377804337394949, 33.91514625273814 ], [ -83.377399269965323, 33.915938252490513 ], [ -83.375925722082272, 33.917707052221715 ], [ -83.375701973304572, 33.918165854944 ], [ -83.37557751351855, 33.918750114307741 ], [ -83.375889961947479, 33.923014765911674 ], [ -83.377002313242642, 33.930295079352462 ], [ -83.376983084087456, 33.930782252331241 ], [ -83.376769453933107, 33.931470808992678 ], [ -83.376448830835187, 33.931967720266407 ], [ -83.374237607102074, 33.934166384161003 ], [ -83.37375165087272, 33.934824623401454 ], [ -83.373480829475795, 33.935545605276005 ], [ -83.372962957002699, 33.938558767414278 ], [ -83.372818848366535, 33.939034079615226 ], [ -83.372545349091723, 33.939531640597941 ], [ -83.370957383689273, 33.941746154367408 ], [ -83.370672490183424, 33.942371232858392 ], [ -83.370591419923983, 33.942948288921222 ], [ -83.370637161239912, 33.943371121154158 ], [ -83.371742958608607, 33.947463145483695 ], [ -83.372002867271448, 33.948991706782806 ], [ -83.371987798930888, 33.949481122874587 ], [ -83.371858612209877, 33.949967071831104 ], [ -83.371165952735339, 33.951087590806431 ], [ -83.371046617838005, 33.951029723455299 ], [ -83.371267252156642, 33.950517657122226 ], [ -83.371366696556876, 33.950487839857743 ], [ -83.371714079568832, 33.949637336252344 ], [ -83.371771541204311, 33.949200322287922 ] ] ] } },
{ "type": "Feature", "properties": { "NAME": null, "SUBTYPE": 0 }, "geometry": { "type": "Polygon", "coordinates": [ [ [ -83.379969497316878, 33.949412491792032 ], [ -83.380299127822198, 33.948916510228685 ], [ -83.380861219865125, 33.950713711300565 ], [ -83.379155306564215, 33.951116778941127 ], [ -83.378943291580725, 33.950441870250366 ], [ -83.378973525279918, 33.950224031799152 ], [ -83.379969497316878, 33.949412491792032 ] ] ] } },
{ "type": "Feature", "properties": { "NAME": null, "SUBTYPE": 0 }, "geometry": { "type": "Polygon", "coordinates": [ [ [ -83.377059385191075, 33.95126120231069 ], [ -83.378029067132942, 33.948030106930389 ], [ -83.378787400641286, 33.948300179151019 ], [ -83.378897423602311, 33.947929426154019 ], [ -83.3787461122742, 33.947874842960275 ], [ -83.378815584384967, 33.947657063515678 ], [ -83.378184501728214, 33.947508914006399 ], [ -83.37821659404176, 33.947400762749403 ], [ -83.378847201489762, 33.947550365580383 ], [ -83.379105175181451, 33.946667988552271 ], [ -83.3784902056059, 33.946478805541787 ], [ -83.378797503993241, 33.945539694695334 ], [ -83.379399173112688, 33.945822720638326 ], [ -83.379350987480862, 33.946042313400689 ], [ -83.379645088718348, 33.946173985173836 ], [ -83.379599341114186, 33.9463150813826 ], [ -83.379664561498771, 33.946476534899027 ], [ -83.380087862033662, 33.94672238994508 ], [ -83.379319391037384, 33.946401229558056 ], [ -83.379253505899484, 33.946734616504649 ], [ -83.380163296263035, 33.947089162866789 ], [ -83.38030566845579, 33.946817820703473 ], [ -83.380643696412378, 33.946956531199071 ], [ -83.380394417514253, 33.947307379705691 ], [ -83.380192619968838, 33.947858892830354 ], [ -83.38018561849951, 33.948627154520558 ], [ -83.380079655923552, 33.949048114214769 ], [ -83.379876033001452, 33.949313569043028 ], [ -83.378811663238793, 33.950215384063227 ], [ -83.378778577388559, 33.950391955678946 ], [ -83.379030767726448, 33.951147832959542 ], [ -83.377841825888382, 33.951398043402378 ], [ -83.377059385191075, 33.95126120231069 ] ] ] } },
{ "type": "Feature", "properties": { "NAME": null, "SUBTYPE": 0 }, "geometry": { "type": "Polygon", "coordinates": [ [ [ -83.342073918834302, 33.95131299791074 ], [ -83.342331295146352, 33.950885447235997 ], [ -83.343819875437376, 33.951735296785273 ], [ -83.343500604303912, 33.952115253026847 ], [ -83.342073918834302, 33.95131299791074 ] ] ] } },
{ "type": "Feature", "properties": { "NAME": null, "SUBTYPE": 0 }, "geometry": { "type": "Polygon", "coordinates": [ [ [ -83.371010339304064, 33.951505119322434 ], [ -83.370884073924273, 33.952135348427134 ], [ -83.370917779663344, 33.951660987160984 ], [ -83.371010339304064, 33.951505119322434 ] ] ] } },
{ "type": "Feature", "properties": { "NAME": null, "SUBTYPE": 0 }, "geometry": { "type": "Polygon", "coordinates": [ [ [ -83.370882071630803, 33.952145342448432 ], [ -83.370916712464776, 33.952650697835644 ], [ -83.370918789192544, 33.952688184062936 ], [ -83.370882071630803, 33.952145342448432 ] ] ] } },
{ "type": "Feature", "properties": { "NAME": null, "SUBTYPE": 0 }, "geometry": { "type": "Polygon", "coordinates": [ [ [ -83.371944705741384, 33.949721986526889 ], [ -83.37199984354217, 33.948691281583216 ], [ -83.371670063018243, 33.947167841119487 ], [ -83.37068763308416, 33.94356829920865 ], [ -83.370593453408944, 33.942972252774553 ], [ -83.37062114130984, 33.942607085372515 ], [ -83.370953947633296, 33.941754753032264 ], [ -83.372531468323956, 33.93959140576186 ], [ -83.372825471645086, 33.939031752133126 ], [ -83.372992612186863, 33.938436897662612 ], [ -83.373469278039579, 33.935612821777916 ], [ -83.373739797945078, 33.934849978197327 ], [ -83.374244261821659, 33.934161083489059 ], [ -83.376418330336335, 33.932017258813808 ], [ -83.376686366955866, 33.931635820572232 ], [ -83.37693470082624, 33.931023009845688 ], [ -83.377014526020716, 33.930364959607012 ], [ -83.37594509155646, 33.923339211571431 ], [ -83.375905250303788, 33.92301055919242 ], [ -83.376008342833885, 33.922982191426975 ], [ -83.378071158593855, 33.92826173409955 ], [ -83.377986325291687, 33.928284247115911 ], [ -83.378080536107106, 33.929200868572202 ], [ -83.378581340589847, 33.929004206573737 ], [ -83.379953174029865, 33.930223178820938 ], [ -83.379610687734541, 33.93040788711626 ], [ -83.379729862731693, 33.930501451928187 ], [ -83.379621359720076, 33.930530712712155 ], [ -83.378275817273462, 33.930592668054871 ], [ -83.378376088123815, 33.932075899328545 ], [ -83.376381991686429, 33.93230093566536 ], [ -83.375752903289595, 33.932916175898974 ], [ -83.375865453211574, 33.93299521904359 ], [ -83.376104743741962, 33.935377938303901 ], [ -83.376257150116487, 33.939204130213135 ], [ -83.377723666885814, 33.939140519928067 ], [ -83.377984340014919, 33.939486990903745 ], [ -83.378162004320231, 33.939578403099119 ], [ -83.379984087753726, 33.939565161949169 ], [ -83.38000717086328, 33.940141910608133 ], [ -83.38095981715415, 33.940113203129826 ], [ -83.381052250203595, 33.940624935581745 ], [ -83.381226904254362, 33.940958567237267 ], [ -83.383117746536342, 33.942901277126104 ], [ -83.379304905703393, 33.944819482309647 ], [ -83.378721511910143, 33.945348766117064 ], [ -83.378539559047624, 33.945717739609307 ], [ -83.376452159991601, 33.952899607299024 ], [ -83.374372947282751, 33.952759006354462 ], [ -83.371619582190846, 33.952947166472818 ], [ -83.371660884930989, 33.952133428141565 ], [ -83.371261979045883, 33.951112059063185 ], [ -83.371433839336191, 33.950740833955876 ], [ -83.372107501239057, 33.950013097583053 ], [ -83.372109131681356, 33.949837644436649 ], [ -83.371944705741384, 33.949721986526889 ] ], [ [ -83.373061221915023, 33.94265092619176 ], [ -83.374351008626888, 33.942913952867301 ], [ -83.374725393199654, 33.941844283280773 ], [ -83.373522434049846, 33.941574399990962 ], [ -83.373061221915023, 33.94265092619176 ] ] ] } },
{ "type": "Feature", "properties": { "NAME": null, "SUBTYPE": 0 }, "geometry": { "type": "Polygon", "coordinates": [ [ [ -83.371096131179854, 33.951680359845803 ], [ -83.371224071937547, 33.95120255563539 ], [ -83.371262161403905, 33.951613473468477 ], [ -83.371475985594373, 33.95220453541841 ], [ -83.371418422449295, 33.952975931470192 ], [ -83.371187452114981, 33.952986942538395 ], [ -83.371096131179854, 33.951680359845803 ] ] ] } },
{ "type": "Feature", "properties": { "NAME": null, "SUBTYPE": 0 }, "geometry": { "type": "Polygon", "coordinates": [ [ [ -83.370918789192544, 33.952688184062936 ], [ -83.370941372117599, 33.953022053954498 ], [ -83.370937845769944, 33.953022282920443 ], [ -83.370935994802352, 33.952998755385529 ], [ -83.370918789192544, 33.952688184062936 ] ] ] } },
{ "type": "Feature", "properties": { "NAME": null, "SUBTYPE": 0 }, "geometry": { "type": "Polygon", "coordinates": [ [ [ -83.3710713313898, 33.951200687507558 ], [ -83.370948800286683, 33.951527439362394 ], [ -83.370883488273975, 33.951954617213268 ], [ -83.370937845769944, 33.953022282920443 ], [ -83.370691248803183, 33.953038294469785 ], [ -83.370790786628234, 33.951679466398296 ], [ -83.370968744682628, 33.95115094029812 ], [ -83.3710713313898, 33.951200687507558 ] ] ] } },
{ "type": "Feature", "properties": { "NAME": null, "SUBTYPE": 0 }, "geometry": { "type": "Polygon", "coordinates": [ [ [ -83.370948442890338, 33.953156861379632 ], [ -83.370950481034598, 33.953156729051287 ], [ -83.370958976413121, 33.953282330700546 ], [ -83.370948442890338, 33.953156861379632 ] ] ] } },
{ "type": "Feature", "properties": { "NAME": null, "SUBTYPE": 0 }, "geometry": { "type": "Polygon", "coordinates": [ [ [ -83.370958976413121, 33.953282330700546 ], [ -83.370987369453431, 33.953640376880756 ], [ -83.371002642175867, 33.953809049706365 ], [ -83.370982868893847, 33.953635572941607 ], [ -83.370958976413121, 33.953282330700546 ] ] ] } },
{ "type": "Feature", "properties": { "NAME": null, "SUBTYPE": 0 }, "geometry": { "type": "Polygon", "coordinates": [ [ [ -83.371002642175867, 33.953809049706365 ], [ -83.371010834766608, 33.953860910197427 ], [ -83.371004981822864, 33.953834888873118 ], [ -83.371002642175867, 33.953809049706365 ] ] ] } },
{ "type": "Feature", "properties": { "NAME": null, "SUBTYPE": 0 }, "geometry": { "type": "Polygon", "coordinates": [ [ [ -83.371196979646882, 33.953139522101999 ], [ -83.371431349206219, 33.953124850142245 ], [ -83.371384846118886, 33.953969113363726 ], [ -83.371263198059751, 33.953592996183851 ], [ -83.371196979646882, 33.953139522101999 ] ] ] } },
{ "type": "Feature", "properties": { "NAME": null, "SUBTYPE": 0 }, "geometry": { "type": "Polygon", "coordinates": [ [ [ -83.379526478761477, 33.954089543623205 ], [ -83.379386010098813, 33.953644144325274 ], [ -83.378830868321231, 33.953781376510356 ], [ -83.378246489076105, 33.952887287736303 ], [ -83.378250958194627, 33.951787730698491 ], [ -83.378165146627083, 33.951534688296455 ], [ -83.379011818663869, 33.951336173989318 ], [ -83.379109063090013, 33.951379336829234 ], [ -83.380268865376934, 33.953912778491592 ], [ -83.379526478761477, 33.954089543623205 ] ] ] } },
{ "type": "Feature", "properties": { "NAME": null, "SUBTYPE": 0 }, "geometry": { "type": "Polygon", "coordinates": [ [ [ -83.371010834766608, 33.953860910197427 ], [ -83.371048554605721, 33.954028606846798 ], [ -83.371286597509709, 33.954805006923223 ], [ -83.371077193795315, 33.954136134941535 ], [ -83.371042434383739, 33.954012616142386 ], [ -83.371010834766608, 33.953860910197427 ] ] ] } },
{ "type": "Feature", "properties": { "NAME": null, "SUBTYPE": 0 }, "geometry": { "type": "Polygon", "coordinates": [ [ [ -83.368640645639488, 33.954887482090847 ], [ -83.368338652702249, 33.954547236814896 ], [ -83.368751223759418, 33.953735220161128 ], [ -83.36884176226198, 33.952669831101311 ], [ -83.369061883642559, 33.952669389226287 ], [ -83.368912656405826, 33.952405321910412 ], [ -83.369002833785615, 33.952304199962029 ], [ -83.369185251077113, 33.952669034533997 ], [ -83.369317767852877, 33.952734307574282 ], [ -83.369698634668723, 33.952689369725128 ], [ -83.369852450499934, 33.953183148999223 ], [ -83.369755991201302, 33.953201156227784 ], [ -83.36942764977843, 33.954381551329305 ], [ -83.368788634099374, 33.954864176581367 ], [ -83.368640645639488, 33.954887482090847 ] ] ] } },
{ "type": "Feature", "properties": { "NAME": null, "SUBTYPE": 0 }, "geometry": { "type": "Polygon", "coordinates": [ [ [ -83.376560448305867, 33.955262103290714 ], [ -83.376601007240964, 33.95353566927573 ], [ -83.377492595041872, 33.953578762446796 ], [ -83.377837392702432, 33.953014897545692 ], [ -83.376613384228889, 33.953056375498676 ], [ -83.37667716012254, 33.952556855577107 ], [ -83.377008342916596, 33.951421389354863 ], [ -83.377973977049791, 33.951564214581147 ], [ -83.378120947718529, 33.951907702792155 ], [ -83.378070115649862, 33.952552898815526 ], [ -83.378122290699821, 33.952938265662787 ], [ -83.378715240771101, 33.95380759507615 ], [ -83.378866239485532, 33.954247950424609 ], [ -83.377581636951135, 33.954549923773108 ], [ -83.37740512608265, 33.955034046528901 ], [ -83.376560448305867, 33.955262103290714 ] ] ] } },
{ "type": "Feature", "properties": { "NAME": null, "SUBTYPE": 0 }, "geometry": { "type": "Polygon", "coordinates": [ [ [ -83.371286597509709, 33.954805006923223 ], [ -83.371350013943726, 33.955007569780477 ], [ -83.371449868874095, 33.955331737069478 ], [ -83.371444608944614, 33.955332863038372 ], [ -83.371286597509709, 33.954805006923223 ] ] ] } },
{ "type": "Feature", "properties": { "NAME": null, "SUBTYPE": 0 }, "geometry": { "type": "Polygon", "coordinates": [ [ [ -83.371440606345232, 33.955333719856434 ], [ -83.371459224827746, 33.95538168898036 ], [ -83.371477161609036, 33.955554616608126 ], [ -83.371440606345232, 33.955333719856434 ] ] ] } },
{ "type": "Feature", "properties": { "NAME": null, "SUBTYPE": 0 }, "geometry": { "type": "Polygon", "coordinates": [ [ [ -83.370948442890338, 33.953156861379632 ], [ -83.371015084276593, 33.953887810305183 ], [ -83.371444608944614, 33.955332863038372 ], [ -83.371495017844524, 33.955726767349176 ], [ -83.371102546049258, 33.955367550173854 ], [ -83.371145198058954, 33.954812992661651 ], [ -83.37097755895222, 33.954190132911414 ], [ -83.370842556538065, 33.954151941573372 ], [ -83.370673119004124, 33.953174737030558 ], [ -83.370948442890338, 33.953156861379632 ] ] ] } },
{ "type": "Feature", "properties": { "NAME": null, "SUBTYPE": 0 }, "geometry": { "type": "Polygon", "coordinates": [ [ [ -83.371495017844524, 33.955726767349176 ], [ -83.371506570022405, 33.955736981115642 ], [ -83.371495238287551, 33.955728892623135 ], [ -83.371495017844524, 33.955726767349176 ] ] ] } },
{ "type": "Feature", "properties": { "NAME": null, "SUBTYPE": 0 }, "geometry": { "type": "Polygon", "coordinates": [ [ [ -83.371507443595974, 33.955737604664705 ], [ -83.371495017844524, 33.955726767349176 ], [ -83.371477161609036, 33.955554616608126 ], [ -83.371507443595974, 33.955737604664705 ] ] ] } },
{ "type": "Feature", "properties": { "NAME": null, "SUBTYPE": 0 }, "geometry": { "type": "Polygon", "coordinates": [ [ [ -83.371506570022405, 33.955736981115642 ], [ -83.371507443595974, 33.955737604664705 ], [ -83.371507472443412, 33.955737778983938 ], [ -83.371506570022405, 33.955736981115642 ] ] ] } },
{ "type": "Feature", "properties": { "NAME": null, "SUBTYPE": 0 }, "geometry": { "type": "Polygon", "coordinates": [ [ [ -83.377668046796657, 33.954734626236487 ], [ -83.379024522638602, 33.954359572770279 ], [ -83.379212364856059, 33.954867353826735 ], [ -83.378747851412555, 33.955063699016783 ], [ -83.37886959199821, 33.955429916636582 ], [ -83.378372116671954, 33.955556302860806 ], [ -83.378407309071534, 33.955666561400498 ], [ -83.377997714132889, 33.955761054449184 ], [ -83.377668046796657, 33.954734626236487 ] ] ] } },
{ "type": "Feature", "properties": { "NAME": null, "SUBTYPE": 0 }, "geometry": { "type": "Polygon", "coordinates": [ [ [ -83.371507443595974, 33.955737604664705 ], [ -83.371002642175867, 33.953809049706365 ], [ -83.370884073924273, 33.952135348427134 ], [ -83.371031056322309, 33.951497605312987 ], [ -83.371167449328567, 33.953478003288076 ], [ -83.372102825508037, 33.956306145739639 ], [ -83.371507443595974, 33.955737604664705 ] ] ] } },
{ "type": "Feature", "properties": { "NAME": null, "SUBTYPE": 0 }, "geometry": { "type": "Polygon", "coordinates": [ [ [ -83.376562492871443, 33.955404851283554 ], [ -83.377062352326476, 33.955299015489466 ], [ -83.377235876296623, 33.955863510532062 ], [ -83.377131799284413, 33.955917034252408 ], [ -83.377310520008507, 33.956465321102364 ], [ -83.376651011961201, 33.956624270396865 ], [ -83.376562492871443, 33.955404851283554 ] ] ] } },
{ "type": "Feature", "properties": { "NAME": null, "SUBTYPE": 0 }, "geometry": { "type": "Polygon", "coordinates": [ [ [ -83.371582721619745, 33.956481109418746 ], [ -83.371588681941688, 33.956484282133019 ], [ -83.371586655342455, 33.956668477443579 ], [ -83.37156424776596, 33.956804631784557 ], [ -83.371539640052077, 33.956853915340048 ], [ -83.371582721619745, 33.956481109418746 ] ] ] } },
{ "type": "Feature", "properties": { "NAME": null, "SUBTYPE": 0 }, "geometry": { "type": "Polygon", "coordinates": [ [ [ -83.378328748704988, 33.956917041342876 ], [ -83.378185505146391, 33.95648308249234 ], [ -83.379109921879405, 33.956255992443751 ], [ -83.379115291109855, 33.956159953818158 ], [ -83.379454830931067, 33.956084685360238 ], [ -83.379622155627459, 33.956615088317008 ], [ -83.378328748704988, 33.956917041342876 ] ] ] } },
{ "type": "Feature", "properties": { "NAME": null, "SUBTYPE": 0 }, "geometry": { "type": "Polygon", "coordinates": [ [ [ -83.388809252987571, 33.956060717765077 ], [ -83.390100934246419, 33.955747403762516 ], [ -83.390451535023757, 33.956755162053931 ], [ -83.389149038947181, 33.957063079960342 ], [ -83.389012837282152, 33.956501530132527 ], [ -83.388809252987571, 33.956060717765077 ] ] ] } },
{ "type": "Feature", "properties": { "NAME": null, "SUBTYPE": 0 }, "geometry": { "type": "Polygon", "coordinates": [ [ [ -83.371500862639536, 33.953833943288366 ], [ -83.371569897270788, 33.953116209407334 ], [ -83.372744590930139, 33.9530376119137 ], [ -83.372853852119903, 33.954382452199638 ], [ -83.373452046555798, 33.956202808711787 ], [ -83.373795825526784, 33.956861894645797 ], [ -83.372528490408811, 33.957141447221503 ], [ -83.371500862639536, 33.953833943288366 ] ] ] } },
{ "type": "Feature", "properties": { "NAME": null, "SUBTYPE": 0 }, "geometry": { "type": "Polygon", "coordinates": [ [ [ -83.371357088944762, 33.957314442373601 ], [ -83.37156424776596, 33.956804631784557 ], [ -83.371588681941688, 33.956484282133019 ], [ -83.37190815339946, 33.956264024841545 ], [ -83.372209144715171, 33.956558115140581 ], [ -83.372368131249132, 33.957140110489391 ], [ -83.371357088944762, 33.957314442373601 ] ] ] } },
{ "type": "Feature", "properties": { "NAME": null, "SUBTYPE": 0 }, "geometry": { "type": "Polygon", "coordinates": [ [ [ -83.371423800662882, 33.957335473594298 ], [ -83.371358219155553, 33.957312608370906 ], [ -83.371424394918321, 33.95733535065493 ], [ -83.371423800662882, 33.957335473594298 ] ] ] } },
{ "type": "Feature", "properties": { "NAME": null, "SUBTYPE": 0 }, "geometry": { "type": "Polygon", "coordinates": [ [ [ -83.373138838152201, 33.957156760775689 ], [ -83.373891887770029, 33.956993733722285 ], [ -83.374038954558401, 33.957383010170759 ], [ -83.373415810313858, 33.957513294141648 ], [ -83.373138838152201, 33.957156760775689 ] ] ] } },
{ "type": "Feature", "properties": { "NAME": null, "SUBTYPE": 0 }, "geometry": { "type": "Polygon", "coordinates": [ [ [ -83.370796470269056, 33.955882005994482 ], [ -83.371015230701971, 33.955642469251522 ], [ -83.370945332789731, 33.95566925055865 ], [ -83.370818401738404, 33.955545371853553 ], [ -83.371023717984798, 33.955414406803008 ], [ -83.371258685822042, 33.955640855308999 ], [ -83.371221170379172, 33.956185141893634 ], [ -83.371352204934695, 33.956463625957547 ], [ -83.371325568089915, 33.956696517674878 ], [ -83.371219190492312, 33.956819575822081 ], [ -83.371333664605586, 33.956946287087263 ], [ -83.371035424829557, 33.957625055264408 ], [ -83.370091987168692, 33.956591424134125 ], [ -83.370845651234191, 33.955976417585525 ], [ -83.370796470269056, 33.955882005994482 ] ] ] } },
{ "type": "Feature", "properties": { "NAME": null, "SUBTYPE": 0 }, "geometry": { "type": "Polygon", "coordinates": [ [ [ -83.372540697615179, 33.957250981693889 ], [ -83.372952180812575, 33.957160531045048 ], [ -83.373283572015765, 33.957537641333325 ], [ -83.372679517869329, 33.957675244263456 ], [ -83.372540697615179, 33.957250981693889 ] ] ] } },
{ "type": "Feature", "properties": { "NAME": null, "SUBTYPE": 0 }, "geometry": { "type": "Polygon", "coordinates": [ [ [ -83.371608184902257, 33.956478943345843 ], [ -83.371527168005954, 33.95690150719151 ], [ -83.371112667367555, 33.957690261168693 ], [ -83.371046871162932, 33.957619210633624 ], [ -83.371337586650128, 33.956944553206043 ], [ -83.371222619361745, 33.956818312851404 ], [ -83.371329063434729, 33.956694585587535 ], [ -83.371355817958801, 33.956462073130396 ], [ -83.371223293996508, 33.95618244381032 ], [ -83.371258908604233, 33.955638153482838 ], [ -83.37189518532, 33.956270862810783 ], [ -83.371608184902257, 33.956478943345843 ] ] ] } },
{ "type": "Feature", "properties": { "NAME": null, "SUBTYPE": 0 }, "geometry": { "type": "Polygon", "coordinates": [ [ [ -83.374380586555944, 33.952923857451232 ], [ -83.376444501853854, 33.953064497616339 ], [ -83.376389051546241, 33.956030462820536 ], [ -83.376670590742847, 33.957249746298672 ], [ -83.374306055133445, 33.95776959649146 ], [ -83.3740735962907, 33.957057779223824 ], [ -83.373636257782863, 33.95619946162865 ], [ -83.373045427735633, 33.954402401745739 ], [ -83.372917096210827, 33.95299448046589 ], [ -83.374380586555944, 33.952923857451232 ] ] ] } },
{ "type": "Feature", "properties": { "NAME": null, "SUBTYPE": 0 }, "geometry": { "type": "Polygon", "coordinates": [ [ [ -83.373402446077378, 33.957590298184122 ], [ -83.373521828585311, 33.957565537471979 ], [ -83.373623172922478, 33.957899119117094 ], [ -83.373510045383753, 33.957925511513793 ], [ -83.373402446077378, 33.957590298184122 ] ] ] } },
{ "type": "Feature", "properties": { "NAME": null, "SUBTYPE": 0 }, "geometry": { "type": "Polygon", "coordinates": [ [ [ -83.371128068983126, 33.957692832535876 ], [ -83.371357088944762, 33.957314442373601 ], [ -83.371424394918321, 33.95733535065493 ], [ -83.371928987127546, 33.957531049351957 ], [ -83.371884514232761, 33.957734533231111 ], [ -83.372043478308811, 33.957767280698334 ], [ -83.372017778406814, 33.957972735561313 ], [ -83.371384431097255, 33.957834431221912 ], [ -83.371128068983126, 33.957692832535876 ] ] ] } },
{ "type": "Feature", "properties": { "NAME": null, "SUBTYPE": 0 }, "geometry": { "type": "Polygon", "coordinates": [ [ [ -83.372956285215054, 33.957695138644588 ], [ -83.373332552656677, 33.957614957554256 ], [ -83.373436266749465, 33.957952841245195 ], [ -83.373057901741731, 33.95803847841978 ], [ -83.372956285215054, 33.957695138644588 ] ] ] } },
{ "type": "Feature", "properties": { "NAME": null, "SUBTYPE": 0 }, "geometry": { "type": "Polygon", "coordinates": [ [ [ -83.372017778406814, 33.957972735561313 ], [ -83.372043478308811, 33.957767280698334 ], [ -83.371884514232761, 33.957734533231111 ], [ -83.371890514978872, 33.957426783169176 ], [ -83.372409744806305, 33.957314468913545 ], [ -83.372590231618261, 33.95802823471827 ], [ -83.372017778406814, 33.957972735561313 ] ] ] } },
{ "type": "Feature", "properties": { "NAME": null, "SUBTYPE": 0 }, "geometry": { "type": "Polygon", "coordinates": [ [ [ -83.370862641969495, 33.958101006102638 ], [ -83.370532453610394, 33.95761946918627 ], [ -83.370726888563766, 33.957495363081634 ], [ -83.370765737106552, 33.957538061574901 ], [ -83.370680391764679, 33.957591625967844 ], [ -83.370954507283741, 33.957889157793922 ], [ -83.370994175090047, 33.957787210077939 ], [ -83.371056571171351, 33.957854590823715 ], [ -83.370879792604939, 33.958460278973902 ], [ -83.370751523063774, 33.958460866858687 ], [ -83.370862641969495, 33.958101006102638 ] ] ] } },
{ "type": "Feature", "properties": { "NAME": null, "SUBTYPE": 0 }, "geometry": { "type": "Polygon", "coordinates": [ [ [ -83.363414319181743, 33.95857607207973 ], [ -83.363543101660838, 33.958249617763755 ], [ -83.364039663400476, 33.958368495878332 ], [ -83.364167322985509, 33.958006693732791 ], [ -83.36465976235624, 33.95812905927356 ], [ -83.364636177986753, 33.958481042704243 ], [ -83.36438317826682, 33.958813475544041 ], [ -83.363414319181743, 33.95857607207973 ] ] ] } },
{ "type": "Feature", "properties": { "NAME": null, "SUBTYPE": 0 }, "geometry": { "type": "Polygon", "coordinates": [ [ [ -83.3648333626832, 33.957366090943744 ], [ -83.365078262294304, 33.957133578086243 ], [ -83.366243252351964, 33.957565817633039 ], [ -83.366196605534185, 33.958180229276763 ], [ -83.366347659045843, 33.958481795256219 ], [ -83.366831675812534, 33.958990282651428 ], [ -83.366654778668476, 33.959000702824987 ], [ -83.366270014062565, 33.958571234144607 ], [ -83.365771703303125, 33.958279583564412 ], [ -83.364688641396015, 33.958000143513587 ], [ -83.3648333626832, 33.957366090943744 ] ] ] } },
{ "type": "Feature", "properties": { "NAME": null, "SUBTYPE": 0 }, "geometry": { "type": "Polygon", "coordinates": [ [ [ -83.364527734263959, 33.961640856511124 ], [ -83.362727986541699, 33.96077586824947 ], [ -83.36299805155717, 33.960530800377285 ], [ -83.363383736936171, 33.95992465011139 ], [ -83.363948346956889, 33.959432252616466 ], [ -83.364725537899687, 33.958531447277572 ], [ -83.364772549433411, 33.958157055062358 ], [ -83.365915373561464, 33.958513746668338 ], [ -83.366331829832248, 33.958826849307499 ], [ -83.36652440437463, 33.959124946811713 ], [ -83.36538295287238, 33.960495648099808 ], [ -83.364942873604576, 33.960218195765727 ], [ -83.364568012924693, 33.960613755641141 ], [ -83.365180260604873, 33.960998625521341 ], [ -83.365031376524655, 33.961583790585649 ], [ -83.364557383159948, 33.96151090147842 ], [ -83.364527734263959, 33.961640856511124 ] ] ] } },
{ "type": "Feature", "properties": { "NAME": null, "SUBTYPE": 0 }, "geometry": { "type": "Polygon", "coordinates": [ [ [ -83.385980424021923, 33.962451197312831 ], [ -83.386336515302247, 33.961002447030836 ], [ -83.387132910429131, 33.961139401355084 ], [ -83.386435875260887, 33.964203559983034 ], [ -83.386014479154341, 33.964127816593162 ], [ -83.386362594293246, 33.962516716171102 ], [ -83.385980424021923, 33.962451197312831 ] ] ] } },
{ "type": "Feature", "properties": { "NAME": null, "SUBTYPE": 0 }, "geometry": { "type": "Polygon", "coordinates": [ [ [ -83.403223850903657, 33.964691455856141 ], [ -83.401855397823965, 33.963722646202527 ], [ -83.402368564921574, 33.963159896081933 ], [ -83.402614143659065, 33.962993238672055 ], [ -83.40298750145746, 33.962895058892073 ], [ -83.407527511444897, 33.962654109135464 ], [ -83.407641989151429, 33.96444710780569 ], [ -83.409427238065021, 33.964314573227334 ], [ -83.410186464498707, 33.966087187776516 ], [ -83.406899653739956, 33.967380931518576 ], [ -83.404467056374756, 33.965591734787402 ], [ -83.403165058863252, 33.964749020367655 ], [ -83.403223850903657, 33.964691455856141 ] ] ] } }
]
}
